APK Path,Model,Result
com.google.android.ims,exodus_ae,True
com.google.android.ims,apd_sae,False
com.google.android.ims,abig_sae,True
com.google.android.ims,abig_ae,True
com.google.android.ims,apd_ae,False
com.google.android.ims,exodus_sae,True
com.google.android.ims,apd_vae,False
com.google.android.ims,exodus_vae,True
com.netflix.mediaclient,exodus_ae,False
com.google.android.ims,abig_vae,True
com.netflix.mediaclient,apd_sae,False
com.netflix.mediaclient,apd_ae,False
com.netflix.mediaclient,abig_ae,False
com.netflix.mediaclient,abig_sae,False
com.netflix.mediaclient,exodus_sae,False
com.netflix.mediaclient,apd_vae,False
com.netflix.mediaclient,exodus_vae,False
mercado.com,exodus_ae,False
com.netflix.mediaclient,abig_vae,False
mercado.com,apd_ae,False
mercado.com,abig_sae,False
mercado.com,apd_sae,False
mercado.com,abig_ae,True
mercado.com,exodus_sae,False
mercado.com,exodus_vae,False
mercado.com,apd_vae,False
it.telecomitalia.centodiciannove,exodus_ae,True
mercado.com,abig_vae,False
it.telecomitalia.centodiciannove,abig_sae,True
it.telecomitalia.centodiciannove,apd_sae,False
it.telecomitalia.centodiciannove,apd_ae,False
it.telecomitalia.centodiciannove,exodus_vae,False
it.telecomitalia.centodiciannove,exodus_sae,True
com.oneplus.note,exodus_ae,True
it.telecomitalia.centodiciannove,abig_ae,True
it.telecomitalia.centodiciannove,apd_vae,False
it.telecomitalia.centodiciannove,abig_vae,True
com.oneplus.note,abig_sae,True
com.oneplus.note,apd_sae,False
com.oneplus.note,apd_ae,False
com.oneplus.note,exodus_sae,True
com.oneplus.note,exodus_vae,False
com.oneplus.note,apd_vae,False
com.oneplus.note,abig_ae,True
com.miui.android.fashiongallery,exodus_ae,True
com.oneplus.note,abig_vae,True
com.miui.android.fashiongallery,abig_sae,True
com.miui.android.fashiongallery,apd_sae,False
com.miui.android.fashiongallery,exodus_sae,False
com.miui.android.fashiongallery,apd_vae,False
com.miui.android.fashiongallery,apd_ae,False
com.miui.android.fashiongallery,abig_ae,True
com.miui.android.fashiongallery,exodus_vae,False
com.miui.android.fashiongallery,abig_vae,True
com.samsung.android.app.watchmanager,exodus_ae,True
com.samsung.android.app.watchmanager,abig_sae,True
com.samsung.android.app.watchmanager,apd_vae,False
com.samsung.android.app.watchmanager,apd_ae,True
com.samsung.android.app.watchmanager,apd_sae,False
com.samsung.android.app.watchmanager,exodus_vae,True
com.samsung.android.app.watchmanager,abig_ae,True
com.samsung.android.app.watchmanager,exodus_sae,True
com.samsung.ecomm.global.in,exodus_ae,False
com.samsung.ecomm.global.in,apd_vae,False
com.samsung.android.app.watchmanager,abig_vae,True
com.samsung.ecomm.global.in,abig_sae,True
com.samsung.ecomm.global.in,apd_ae,False
com.samsung.ecomm.global.in,exodus_sae,False
com.samsung.ecomm.global.in,apd_sae,False
com.samsung.ecomm.global.in,exodus_vae,False
com.samsung.ecomm.global.in,abig_ae,True
de.axelspringer.yana.zeropage,exodus_ae,True
de.axelspringer.yana.zeropage,apd_vae,False
com.samsung.ecomm.global.in,abig_vae,False
de.axelspringer.yana.zeropage,abig_sae,True
de.axelspringer.yana.zeropage,apd_ae,False
de.axelspringer.yana.zeropage,abig_ae,True
de.axelspringer.yana.zeropage,exodus_sae,True
de.axelspringer.yana.zeropage,apd_sae,False
com.scee.psxandroid,exodus_ae,True
com.scee.psxandroid,apd_vae,False
de.axelspringer.yana.zeropage,abig_vae,True
de.axelspringer.yana.zeropage,exodus_vae,True
com.scee.psxandroid,abig_sae,True
com.scee.psxandroid,apd_ae,False
com.scee.psxandroid,exodus_sae,False
com.scee.psxandroid,abig_ae,True
com.scee.psxandroid,apd_sae,False
com.scee.psxandroid,abig_vae,True
com.sec.chaton,apd_vae,True
com.sec.chaton,exodus_ae,True
com.sec.chaton,abig_sae,True
com.scee.psxandroid,exodus_vae,False
com.sec.chaton,apd_ae,True
com.sec.chaton,exodus_sae,True
com.sec.chaton,apd_sae,False
com.google.android.music,apd_vae,False
com.sec.chaton,abig_ae,True
com.sec.chaton,abig_vae,True
com.sec.chaton,exodus_vae,True
com.google.android.music,abig_sae,True
com.google.android.music,exodus_ae,True
com.google.android.music,apd_ae,False
com.google.android.music,exodus_sae,True
net.oneplus.launcher,apd_vae,False
com.google.android.music,apd_sae,False
com.google.android.music,abig_ae,True
com.google.android.music,abig_vae,True
com.google.android.music,exodus_vae,True
net.oneplus.launcher,exodus_ae,True
net.oneplus.launcher,abig_sae,True
net.oneplus.launcher,apd_ae,False
net.oneplus.launcher,exodus_sae,True
com.samsung.android.spay,apd_vae,False
net.oneplus.launcher,apd_sae,False
net.oneplus.launcher,exodus_vae,True
net.oneplus.launcher,abig_vae,True
com.samsung.android.spay,exodus_ae,True
net.oneplus.launcher,abig_ae,True
com.samsung.android.spay,abig_sae,True
com.samsung.android.spay,exodus_sae,True
com.samsung.android.spay,apd_ae,False
com.sec.android.gallery3d,apd_vae,True
com.samsung.android.spay,exodus_vae,True
com.samsung.android.spay,apd_sae,False
com.sec.android.gallery3d,abig_sae,True
com.samsung.android.spay,abig_ae,True
com.sec.android.gallery3d,exodus_sae,True
com.samsung.android.spay,abig_vae,True
com.sec.android.gallery3d,exodus_ae,True
com.sec.android.gallery3d,apd_ae,True
com.ubanksu,apd_vae,False
com.sec.android.gallery3d,exodus_vae,True
com.sec.android.gallery3d,abig_vae,True
com.ubanksu,abig_sae,True
com.sec.android.gallery3d,apd_sae,False
com.sec.android.gallery3d,abig_ae,True
com.ubanksu,exodus_ae,True
com.ubanksu,apd_ae,False
com.ubanksu,exodus_sae,True
com.microsoft.appmanager,apd_vae,False
com.ubanksu,exodus_vae,False
com.microsoft.appmanager,abig_sae,True
com.ubanksu,apd_sae,False
com.microsoft.appmanager,exodus_ae,False
com.microsoft.appmanager,exodus_sae,False
com.microsoft.appmanager,apd_ae,False
com.ubanksu,abig_vae,True
com.ubanksu,abig_ae,True
net.sugar.mypasswords,apd_vae,False
com.microsoft.appmanager,exodus_vae,False
com.microsoft.appmanager,apd_sae,False
net.sugar.mypasswords,exodus_sae,False
net.sugar.mypasswords,abig_sae,True
com.microsoft.appmanager,abig_vae,True
net.sugar.mypasswords,apd_ae,False
net.sugar.mypasswords,exodus_ae,False
com.sonymobile.moviecreator.rmm,apd_vae,False
com.microsoft.appmanager,abig_ae,True
net.sugar.mypasswords,exodus_vae,False
net.sugar.mypasswords,apd_sae,False
com.sonymobile.moviecreator.rmm,exodus_sae,True
net.sugar.mypasswords,abig_vae,False
com.sonymobile.moviecreator.rmm,abig_sae,True
com.mi.android.globallauncher,apd_vae,False
com.sonymobile.moviecreator.rmm,exodus_ae,True
com.sonymobile.moviecreator.rmm,apd_ae,False
net.sugar.mypasswords,abig_ae,True
com.sonymobile.moviecreator.rmm,exodus_vae,False
com.sonymobile.moviecreator.rmm,apd_sae,False
com.mi.android.globallauncher,exodus_sae,True
com.mi.android.globallauncher,abig_sae,True
com.sonymobile.moviecreator.rmm,abig_vae,True
com.mi.android.globallauncher,exodus_ae,True
com.sonymobile.moviecreator.rmm,abig_ae,True
com.miui.videoplayer,apd_vae,True
com.mi.android.globallauncher,apd_ae,True
com.mi.android.globallauncher,apd_sae,False
com.miui.videoplayer,exodus_sae,True
com.mi.android.globallauncher,exodus_vae,True
com.miui.videoplayer,abig_sae,True
com.mi.android.globallauncher,abig_vae,True
com.bloomberg.android.plus,apd_vae,False
com.miui.videoplayer,exodus_ae,True
com.miui.videoplayer,apd_ae,True
com.mi.android.globallauncher,abig_ae,True
com.miui.videoplayer,apd_sae,False
com.bloomberg.android.plus,abig_sae,True
com.bloomberg.android.plus,exodus_sae,False
com.miui.videoplayer,exodus_vae,True
com.miui.videoplayer,abig_vae,True
com.pixlr.express,apd_vae,False
com.bloomberg.android.plus,exodus_ae,False
com.bloomberg.android.plus,apd_ae,False
com.miui.videoplayer,abig_ae,True
com.bloomberg.android.plus,apd_sae,False
com.bloomberg.android.plus,exodus_vae,False
com.pixlr.express,exodus_sae,False
com.pixlr.express,abig_sae,True
com.bloomberg.android.plus,abig_vae,True
com.pixlr.express,exodus_ae,False
com.sec.android.app.voicenote,apd_vae,False
com.pixlr.express,apd_ae,False
com.bloomberg.android.plus,abig_ae,True
com.pixlr.express,exodus_vae,False
com.pixlr.express,apd_sae,False
com.pixlr.express,abig_vae,False
com.sonymobile.backgrounddefocus,apd_vae,False
com.sec.android.app.voicenote,exodus_ae,True
com.sec.android.app.voicenote,apd_ae,False
com.sec.android.app.voicenote,abig_sae,True
com.pixlr.express,abig_ae,True
com.sec.android.app.voicenote,exodus_sae,True
com.sec.android.app.voicenote,exodus_vae,True
com.sec.android.app.voicenote,abig_vae,True
com.sec.android.app.voicenote,apd_sae,False
com.sonymobile.backgrounddefocus,exodus_ae,False
com.google.android.marvin.talkback,apd_vae,False
com.sonymobile.backgrounddefocus,exodus_sae,False
com.sonymobile.backgrounddefocus,apd_ae,False
com.sec.android.app.voicenote,abig_ae,True
com.sonymobile.backgrounddefocus,abig_sae,True
com.sonymobile.backgrounddefocus,apd_sae,False
com.sonymobile.backgrounddefocus,exodus_vae,False
com.sonymobile.backgrounddefocus,abig_vae,True
com.google.android.apps.docs.editors.sheets,apd_vae,False
com.google.android.marvin.talkback,exodus_ae,False
com.google.android.marvin.talkback,exodus_sae,False
com.google.android.marvin.talkback,abig_sae,True
com.google.android.marvin.talkback,apd_ae,False
com.sonymobile.backgrounddefocus,abig_ae,True
com.google.android.marvin.talkback,apd_sae,False
com.google.android.marvin.talkback,exodus_vae,False
com.google.android.marvin.talkback,abig_vae,True
com.google.android.youtube,apd_vae,True
com.google.android.apps.docs.editors.sheets,exodus_sae,True
com.google.android.apps.docs.editors.sheets,abig_sae,True
com.google.android.apps.docs.editors.sheets,exodus_ae,True
com.google.android.marvin.talkback,abig_ae,True
com.google.android.apps.docs.editors.sheets,apd_ae,False
com.google.android.apps.docs.editors.sheets,apd_sae,False
com.google.android.apps.docs.editors.sheets,abig_vae,True
com.google.android.apps.docs.editors.sheets,exodus_vae,True
com.sec.android.app.myfiles,apd_vae,False
com.google.android.youtube,abig_sae,True
com.google.android.youtube,exodus_sae,True
com.google.android.youtube,exodus_ae,True
com.google.android.youtube,apd_ae,True
com.google.android.apps.docs.editors.sheets,abig_ae,True
com.google.android.youtube,apd_sae,False
com.google.android.youtube,exodus_vae,True
com.google.android.youtube,abig_vae,True
com.sec.android.app.myfiles,abig_sae,True
com.touchtype.swiftkey,apd_vae,False
com.sec.android.app.myfiles,exodus_ae,True
com.sec.android.app.myfiles,exodus_sae,True
com.google.android.youtube,abig_ae,True
com.sec.android.app.myfiles,apd_ae,False
com.sec.android.app.myfiles,apd_sae,False
com.sec.android.app.myfiles,abig_vae,True
com.google.android.apps.walletnfcrel,apd_vae,False
com.sec.android.app.myfiles,exodus_vae,True
com.touchtype.swiftkey,abig_sae,True
com.touchtype.swiftkey,exodus_sae,False
com.touchtype.swiftkey,apd_ae,False
com.touchtype.swiftkey,exodus_ae,False
com.touchtype.swiftkey,apd_sae,False
com.xiaomi.calendar,apd_vae,False
com.sec.android.app.myfiles,abig_ae,True
com.touchtype.swiftkey,abig_vae,True
com.touchtype.swiftkey,exodus_vae,False
com.google.android.apps.walletnfcrel,apd_sae,False
com.google.android.apps.walletnfcrel,exodus_ae,True
com.google.android.apps.walletnfcrel,abig_sae,True
com.google.android.apps.walletnfcrel,exodus_sae,True
com.google.android.apps.walletnfcrel,apd_ae,False
com.touchtype.swiftkey,abig_ae,True
com.bluebloodapps.news,apd_vae,False
com.google.android.apps.walletnfcrel,abig_vae,True
com.google.android.apps.walletnfcrel,exodus_vae,True
com.xiaomi.calendar,apd_sae,False
com.xiaomi.calendar,apd_ae,False
com.xiaomi.calendar,abig_sae,True
com.xiaomi.calendar,exodus_ae,True
com.xiaomi.calendar,exodus_sae,True
com.google.android.apps.walletnfcrel,abig_ae,True
com.asus.contacts,apd_vae,True
com.xiaomi.calendar,abig_vae,True
com.xiaomi.calendar,exodus_vae,True
com.bluebloodapps.news,apd_sae,False
com.bluebloodapps.news,abig_sae,False
com.bluebloodapps.news,exodus_ae,False
com.bluebloodapps.news,exodus_sae,False
com.bluebloodapps.news,apd_ae,False
com.opera.mini.android,apd_vae,False
com.xiaomi.calendar,abig_ae,True
com.bluebloodapps.news,exodus_vae,False
com.asus.contacts,apd_sae,False
com.asus.contacts,abig_sae,True
com.bluebloodapps.news,abig_vae,False
com.asus.contacts,apd_ae,True
com.asus.contacts,exodus_sae,True
com.asus.contacts,exodus_ae,True
com.korvac.liquid,apd_vae,False
com.asus.contacts,exodus_vae,True
com.bluebloodapps.news,abig_ae,False
com.opera.mini.android,abig_sae,True
com.asus.contacts,abig_vae,True
com.opera.mini.android,apd_sae,False
com.opera.mini.android,apd_ae,False
com.opera.mini.android,exodus_ae,False
com.opera.mini.android,exodus_sae,False
com.opera.mini.android,exodus_vae,False
com.facebook.orca,apd_vae,False
com.asus.contacts,abig_ae,True
com.korvac.liquid,abig_sae,True
com.opera.mini.android,abig_vae,True
com.korvac.liquid,apd_sae,True
com.korvac.liquid,apd_ae,True
com.korvac.liquid,exodus_sae,True
com.korvac.liquid,exodus_ae,True
com.oneplus.backuprestore,apd_vae,False
com.korvac.liquid,exodus_vae,True
com.facebook.orca,abig_sae,False
com.opera.mini.android,abig_ae,True
com.korvac.liquid,abig_vae,True
com.facebook.orca,apd_sae,False
com.facebook.orca,exodus_ae,False
com.facebook.orca,apd_ae,False
com.facebook.orca,exodus_sae,False
com.facebook.orca,exodus_vae,False
com.ecareme.asuswebstorage,apd_vae,False
com.korvac.liquid,abig_ae,True
com.oneplus.backuprestore,abig_sae,True
com.facebook.orca,abig_vae,False
com.oneplus.backuprestore,apd_sae,False
com.oneplus.backuprestore,exodus_ae,True
com.oneplus.backuprestore,apd_ae,False
com.oneplus.backuprestore,exodus_sae,True
ch.ecosoft.keepup,apd_vae,False
com.oneplus.backuprestore,abig_vae,True
com.facebook.orca,abig_ae,True
com.ecareme.asuswebstorage,abig_sae,True
com.oneplus.backuprestore,exodus_vae,True
com.ecareme.asuswebstorage,apd_sae,False
com.ecareme.asuswebstorage,apd_ae,False
com.ecareme.asuswebstorage,exodus_ae,True
com.sec.android.app.shealth,apd_vae,False
com.ecareme.asuswebstorage,exodus_vae,False
com.ecareme.asuswebstorage,abig_vae,True
com.oneplus.backuprestore,abig_ae,True
com.ecareme.asuswebstorage,exodus_sae,False
ch.ecosoft.keepup,abig_sae,True
ch.ecosoft.keepup,apd_sae,False
ch.ecosoft.keepup,apd_ae,False
ch.ecosoft.keepup,exodus_vae,False
com.asus.asusincallui,apd_vae,False
com.ecareme.asuswebstorage,abig_ae,True
ch.ecosoft.keepup,exodus_ae,False
com.sec.android.app.shealth,abig_sae,True
ch.ecosoft.keepup,abig_vae,True
ch.ecosoft.keepup,exodus_sae,False
com.sec.android.app.shealth,apd_sae,False
com.tdg.trueid.ph,apd_vae,False
com.sec.android.app.shealth,apd_ae,False
com.sec.android.app.shealth,exodus_vae,True
com.sec.android.app.shealth,exodus_sae,True
com.asus.asusincallui,abig_sae,True
ch.ecosoft.keepup,abig_ae,True
com.sec.android.app.shealth,exodus_ae,True
com.asus.asusincallui,apd_sae,False
com.sec.android.app.shealth,abig_vae,True
com.tdg.trueid.ph,abig_sae,True
com.sonymobile.androidapp.cameraaddon.areffect,apd_vae,False
com.asus.asusincallui,apd_ae,True
com.tdg.trueid.ph,apd_sae,False
com.sec.android.app.shealth,abig_ae,True
com.asus.asusincallui,exodus_ae,True
com.asus.asusincallui,exodus_sae,True
com.asus.asusincallui,exodus_vae,True
com.asus.asusincallui,abig_vae,True
com.singtel.mysingtel,apd_vae,False
com.tdg.trueid.ph,apd_ae,False
com.sonymobile.androidapp.cameraaddon.areffect,abig_sae,True
com.asus.asusincallui,abig_ae,True
com.tdg.trueid.ph,exodus_vae,False
com.sonymobile.androidapp.cameraaddon.areffect,apd_sae,False
com.tdg.trueid.ph,exodus_ae,False
com.tdg.trueid.ph,abig_vae,True
com.tdg.trueid.ph,exodus_sae,False
com.sonymobile.androidapp.cameraaddon.areffect,apd_ae,False
com.realme.link,apd_vae,True
com.tdg.trueid.ph,abig_ae,True
com.singtel.mysingtel,abig_sae,True
com.sonymobile.androidapp.cameraaddon.areffect,exodus_vae,False
com.singtel.mysingtel,apd_sae,True
com.sonymobile.androidapp.cameraaddon.areffect,exodus_ae,False
com.sonymobile.androidapp.cameraaddon.areffect,abig_vae,True
com.sonymobile.androidapp.cameraaddon.areffect,exodus_sae,False
com.singtel.mysingtel,apd_ae,True
com.realme.link,abig_sae,True
com.locationchanger,apd_vae,False
com.singtel.mysingtel,exodus_vae,True
com.sonymobile.androidapp.cameraaddon.areffect,abig_ae,True
com.singtel.mysingtel,abig_vae,True
com.realme.link,apd_sae,False
com.singtel.mysingtel,exodus_sae,True
com.singtel.mysingtel,exodus_ae,True
com.realme.link,apd_ae,True
com.locationchanger,abig_sae,True
io.zotto.linkpay,apd_vae,False
com.singtel.mysingtel,abig_ae,True
com.realme.link,exodus_vae,True
com.locationchanger,apd_sae,False
com.realme.link,exodus_sae,True
com.realme.link,abig_vae,True
com.realme.link,exodus_ae,True
com.locationchanger,apd_ae,False
com.generalmobile.assistant,apd_vae,False
io.zotto.linkpay,abig_sae,True
com.realme.link,abig_ae,True
com.locationchanger,exodus_vae,False
io.zotto.linkpay,apd_sae,False
com.locationchanger,exodus_sae,False
com.locationchanger,abig_vae,True
io.zotto.linkpay,apd_ae,False
com.asus.calculator,apd_vae,False
com.locationchanger,exodus_ae,True
com.generalmobile.assistant,abig_sae,True
com.generalmobile.assistant,apd_sae,False
io.zotto.linkpay,exodus_sae,False
io.zotto.linkpay,exodus_vae,False
com.locationchanger,abig_ae,True
com.generalmobile.assistant,apd_ae,True
io.zotto.linkpay,abig_vae,True
kr.co.wschurch.m,apd_vae,False
io.zotto.linkpay,exodus_ae,True
com.generalmobile.assistant,exodus_vae,True
com.generalmobile.assistant,exodus_sae,True
com.asus.calculator,apd_sae,False
com.asus.calculator,abig_sae,True
com.generalmobile.assistant,abig_vae,True
io.zotto.linkpay,abig_ae,True
com.asus.calculator,apd_ae,False
com.sony.nfx.app.sfrc,apd_vae,False
com.generalmobile.assistant,exodus_ae,True
com.asus.calculator,exodus_sae,False
kr.co.wschurch.m,abig_sae,False
kr.co.wschurch.m,apd_sae,False
com.asus.calculator,exodus_vae,False
kr.co.wschurch.m,apd_ae,False
com.generalmobile.assistant,abig_ae,True
com.sonyericsson.xhs,apd_vae,False
com.asus.calculator,abig_vae,True
com.sony.nfx.app.sfrc,abig_sae,True
kr.co.wschurch.m,exodus_vae,False
com.asus.calculator,exodus_ae,False
com.sony.nfx.app.sfrc,apd_ae,False
kr.co.wschurch.m,exodus_sae,False
com.sony.nfx.app.sfrc,apd_sae,False
com.blocksi.parent,apd_vae,False
com.asus.calculator,abig_ae,True
kr.co.wschurch.m,abig_vae,False
com.sony.nfx.app.sfrc,exodus_vae,False
com.sonyericsson.xhs,abig_sae,True
com.sony.nfx.app.sfrc,exodus_sae,False
kr.co.wschurch.m,exodus_ae,False
com.sonyericsson.xhs,apd_ae,True
com.s.antivirus,apd_vae,True
kr.co.wschurch.m,abig_ae,True
com.sonyericsson.xhs,apd_sae,False
com.sony.nfx.app.sfrc,abig_vae,True
com.sonyericsson.xhs,exodus_vae,True
com.blocksi.parent,apd_ae,False
com.sonyericsson.xhs,exodus_sae,True
com.whatsapp,apd_vae,True
com.blocksi.parent,abig_sae,True
com.sony.nfx.app.sfrc,exodus_ae,True
com.sony.nfx.app.sfrc,abig_ae,True
com.sonyericsson.xhs,abig_vae,True
com.blocksi.parent,apd_sae,False
com.blocksi.parent,exodus_vae,False
com.oneplus.mms,apd_vae,False
com.sonyericsson.xhs,exodus_ae,True
com.blocksi.parent,exodus_sae,False
com.s.antivirus,abig_sae,True
com.s.antivirus,apd_ae,True
com.sonyericsson.xhs,abig_ae,True
com.blocksi.parent,abig_vae,True
com.s.antivirus,apd_sae,False
com.s.antivirus,exodus_vae,True
com.whatsapp,abig_sae,True
com.telecomitalia.cubomusica,apd_vae,False
com.blocksi.parent,exodus_ae,False
com.s.antivirus,exodus_sae,True
com.whatsapp,apd_ae,True
com.blocksi.parent,abig_ae,True
com.s.antivirus,abig_vae,True
com.whatsapp,apd_sae,False
com.whatsapp,exodus_vae,True
com.s.antivirus,exodus_ae,True
net.oneplus.forums,apd_vae,False
com.oneplus.mms,abig_sae,True
com.s.antivirus,abig_ae,True
com.oneplus.mms,apd_ae,True
com.whatsapp,exodus_sae,True
com.whatsapp,abig_vae,True
com.oneplus.mms,apd_sae,False
com.whatsapp,exodus_ae,True
com.whatsapp,abig_ae,True
com.telecomitalia.cubomusica,apd_ae,False
com.telecomitalia.cubomusica,abig_sae,True
com.oneplus.mms,exodus_vae,True
com.infotalkcorporation.android.golfhandicap,apd_vae,False
com.oneplus.mms,exodus_sae,True
com.telecomitalia.cubomusica,apd_sae,False
com.oneplus.mms,abig_vae,True
com.oneplus.mms,exodus_ae,True
net.oneplus.forums,abig_sae,True
net.oneplus.forums,apd_ae,False
com.telecomitalia.cubomusica,exodus_vae,True
id.co.babe,apd_vae,False
com.oneplus.mms,abig_ae,True
net.oneplus.forums,apd_sae,False
com.telecomitalia.cubomusica,exodus_sae,True
com.telecomitalia.cubomusica,abig_vae,True
com.telecomitalia.cubomusica,exodus_ae,True
net.oneplus.forums,exodus_vae,False
com.infotalkcorporation.android.golfhandicap,abig_sae,True
com.infotalkcorporation.android.golfhandicap,apd_ae,False
com.infotalkcorporation.android.golfhandicap,apd_sae,False
com.oneplus.iconpack.oneplush2,apd_vae,False
com.telecomitalia.cubomusica,abig_ae,True
net.oneplus.forums,exodus_sae,False
net.oneplus.forums,exodus_ae,False
com.infotalkcorporation.android.golfhandicap,exodus_vae,False
id.co.babe,abig_sae,True
net.oneplus.forums,abig_vae,True
net.oneplus.forums,abig_ae,True
id.co.babe,apd_sae,False
id.co.babe,apd_ae,False
com.infotalkcorporation.android.golfhandicap,exodus_sae,False
com.mobisystems.fileman,apd_vae,False
id.co.babe,exodus_vae,False
com.infotalkcorporation.android.golfhandicap,exodus_ae,False
com.oneplus.iconpack.oneplush2,abig_sae,False
com.oneplus.iconpack.oneplush2,apd_sae,False
com.infotalkcorporation.android.golfhandicap,abig_vae,True
com.oneplus.iconpack.oneplush2,apd_ae,False
com.huawei.hwdetectrepair,apd_vae,True
com.infotalkcorporation.android.golfhandicap,abig_ae,True
id.co.babe,exodus_sae,False
com.oneplus.iconpack.oneplush2,exodus_vae,False
com.mobisystems.fileman,abig_sae,True
id.co.babe,abig_vae,True
id.co.babe,exodus_ae,False
com.mobisystems.fileman,apd_sae,False
com.mobisystems.fileman,apd_ae,True
com.microsoft.skydrive,apd_vae,False
com.oneplus.iconpack.oneplush2,exodus_sae,False
id.co.babe,abig_ae,True
com.huawei.hwdetectrepair,apd_sae,False
com.huawei.hwdetectrepair,abig_sae,True
com.mobisystems.fileman,exodus_vae,False
com.oneplus.iconpack.oneplush2,exodus_ae,False
com.oneplus.iconpack.oneplush2,abig_vae,False
com.huawei.hwdetectrepair,apd_ae,True
com.mobisystems.fileman,exodus_sae,True
com.oneplus.iconpack.oneplush2,abig_ae,False
com.oneplus.filemanager,apd_vae,False
com.huawei.hwdetectrepair,exodus_vae,True
com.microsoft.skydrive,abig_sae,True
com.microsoft.skydrive,apd_sae,False
com.mobisystems.fileman,exodus_ae,True
com.mobisystems.fileman,abig_vae,True
com.huawei.hwdetectrepair,exodus_sae,True
com.microsoft.skydrive,apd_ae,True
com.huawei.hwid,apd_vae,True
com.mobisystems.fileman,abig_ae,True
com.oneplus.filemanager,abig_sae,True
com.oneplus.filemanager,apd_sae,False
com.huawei.hwdetectrepair,exodus_ae,True
com.microsoft.skydrive,exodus_vae,True
com.huawei.hwdetectrepair,abig_vae,True
com.microsoft.skydrive,exodus_sae,True
com.oneplus.filemanager,apd_ae,False
com.google.android.tts,apd_vae,False
com.huawei.hwdetectrepair,abig_ae,True
com.huawei.hwid,abig_sae,True
com.microsoft.skydrive,exodus_ae,True
com.huawei.hwid,apd_sae,False
com.microsoft.skydrive,abig_vae,True
com.oneplus.filemanager,exodus_vae,False
com.oneplus.filemanager,exodus_sae,True
com.microsoft.skydrive,abig_ae,True
com.huawei.hwid,apd_ae,True
com.samsung.android.email.provider,apd_vae,True
com.google.android.tts,apd_sae,False
com.oneplus.filemanager,exodus_ae,True
com.google.android.tts,abig_sae,True
com.oneplus.filemanager,abig_vae,True
com.huawei.hwid,exodus_vae,True
com.huawei.hwid,exodus_sae,True
com.google.android.tts,apd_ae,False
com.huawei.hwid,exodus_ae,True
com.oneplus.filemanager,abig_ae,True
jp.ebookjapan.ebireader,apd_vae,False
com.samsung.android.email.provider,apd_sae,False
com.samsung.android.email.provider,abig_sae,True
com.google.android.tts,exodus_vae,False
com.huawei.hwid,abig_vae,True
com.google.android.tts,exodus_sae,False
com.huawei.hwid,abig_ae,True
com.google.android.tts,exodus_ae,False
com.samsung.android.email.provider,apd_ae,True
com.yvisherve.faba_app,apd_vae,False
jp.ebookjapan.ebireader,abig_sae,True
jp.ebookjapan.ebireader,apd_sae,False
com.samsung.android.email.provider,exodus_vae,True
com.google.android.tts,abig_ae,True
com.google.android.tts,abig_vae,True
com.samsung.android.email.provider,exodus_sae,True
com.yvisherve.faba_app,abig_sae,False
com.samsung.android.email.provider,exodus_ae,True
com.yvisherve.faba_app,apd_sae,False
ru.yandex.searchplugin,apd_vae,False
jp.ebookjapan.ebireader,apd_ae,False
jp.ebookjapan.ebireader,exodus_vae,False
com.samsung.android.email.provider,abig_vae,True
com.samsung.android.email.provider,abig_ae,True
jp.ebookjapan.ebireader,exodus_sae,False
jp.ebookjapan.ebireader,exodus_ae,True
ru.yandex.searchplugin,apd_sae,False
ru.yandex.searchplugin,abig_sae,True
com.yvisherve.faba_app,exodus_vae,False
com.oneplus.gamespace,apd_vae,False
com.yvisherve.faba_app,apd_ae,False
jp.ebookjapan.ebireader,abig_vae,True
com.yvisherve.faba_app,exodus_sae,False
jp.ebookjapan.ebireader,abig_ae,True
com.yvisherve.faba_app,exodus_ae,False
com.oneplus.gamespace,apd_sae,False
com.oneplus.gamespace,abig_sae,True
ru.yandex.searchplugin,apd_ae,False
ru.yandex.searchplugin,exodus_vae,True
com.google.android.apps.wellbeing,apd_vae,False
com.yvisherve.faba_app,abig_vae,False
ru.yandex.searchplugin,exodus_sae,True
com.yvisherve.faba_app,abig_ae,True
com.google.android.apps.wellbeing,apd_sae,False
ru.yandex.searchplugin,exodus_ae,True
com.oneplus.gamespace,exodus_vae,False
com.google.android.apps.wellbeing,abig_sae,True
com.sonyericsson.music,apd_vae,False
com.oneplus.gamespace,apd_ae,False
ru.yandex.searchplugin,abig_vae,True
com.oneplus.gamespace,exodus_sae,False
com.oneplus.gamespace,exodus_ae,False
ru.yandex.searchplugin,abig_ae,True
com.sonyericsson.music,apd_sae,False
com.google.android.apps.wellbeing,exodus_vae,True
com.sonyericsson.music,abig_sae,True
com.oneplus.gamespace,abig_vae,True
com.hmdglobal.camera2,apd_vae,False
com.google.android.apps.wellbeing,apd_ae,False
com.google.android.apps.wellbeing,exodus_sae,True
com.hmdglobal.camera2,apd_sae,False
com.google.android.apps.wellbeing,exodus_ae,True
com.oneplus.gamespace,abig_ae,True
com.sonyericsson.music,exodus_vae,False
com.hmdglobal.camera2,abig_sae,True
com.oneplus.iconpack.square,apd_vae,False
com.google.android.apps.wellbeing,abig_vae,True
com.sonyericsson.music,exodus_sae,True
com.sonyericsson.music,apd_ae,False
com.oneplus.iconpack.square,apd_sae,False
com.google.android.apps.wellbeing,abig_ae,True
com.oneplus.iconpack.square,abig_sae,False
com.sonyericsson.music,exodus_ae,True
com.hmdglobal.camera2,exodus_vae,True
com.hmdglobal.camera2,exodus_sae,True
com.samsung.android.spdclient,apd_vae,False
com.sonyericsson.music,abig_vae,True
com.hmdglobal.camera2,apd_ae,False
com.sonyericsson.music,abig_ae,True
com.samsung.android.spdclient,apd_sae,False
com.samsung.android.spdclient,abig_sae,True
com.evernote,apd_vae,False
com.hmdglobal.camera2,exodus_ae,True
com.oneplus.iconpack.square,exodus_vae,False
com.hmdglobal.camera2,abig_vae,True
com.oneplus.iconpack.square,exodus_sae,False
com.oneplus.iconpack.square,apd_ae,False
com.evernote,apd_sae,False
com.evernote,abig_sae,True
com.hmdglobal.camera2,abig_ae,True
com.samsung.android.spdclient,exodus_sae,False
com.samsung.knox.securefolder,apd_vae,True
com.oneplus.iconpack.square,abig_vae,False
com.oneplus.iconpack.square,exodus_ae,False
com.samsung.android.spdclient,apd_ae,False
com.samsung.android.spdclient,exodus_vae,False
com.samsung.knox.securefolder,apd_sae,False
com.samsung.knox.securefolder,abig_sae,True
com.oneplus.iconpack.square,abig_ae,False
com.evernote,exodus_vae,True
com.evernote,exodus_sae,True
com.miui.weather2,apd_vae,False
com.samsung.android.spdclient,abig_vae,True
com.evernote,apd_ae,False
com.samsung.android.spdclient,abig_ae,True
com.miui.weather2,apd_sae,False
com.samsung.android.spdclient,exodus_ae,False
com.miui.weather2,abig_sae,True
com.samsung.knox.securefolder,exodus_vae,True
com.google.android.street,apd_vae,False
com.evernote,abig_vae,True
com.samsung.knox.securefolder,exodus_sae,True
com.evernote,abig_ae,True
com.samsung.knox.securefolder,apd_ae,True
com.evernote,exodus_ae,True
com.google.android.street,abig_sae,True
com.google.android.street,apd_sae,False
com.miui.weather2,exodus_vae,True
com.miui.weather2,apd_ae,False
com.microsoft.office.excel,apd_vae,False
com.samsung.knox.securefolder,exodus_ae,True
com.miui.weather2,exodus_sae,True
com.samsung.knox.securefolder,abig_vae,True
com.microsoft.office.excel,abig_sae,True
com.samsung.knox.securefolder,abig_ae,True
com.microsoft.office.excel,apd_sae,False
com.google.android.street,exodus_vae,False
com.miui.weather2,exodus_ae,True
com.google.android.street,apd_ae,False
deezer.android.app,apd_vae,False
com.miui.weather2,abig_vae,True
deezer.android.app,abig_sae,True
com.miui.weather2,abig_ae,True
com.google.android.street,exodus_sae,False
com.microsoft.office.excel,exodus_vae,False
deezer.android.app,apd_sae,False
com.google.android.street,abig_vae,False
com.google.android.street,exodus_ae,False
com.microsoft.office.excel,apd_ae,False
com.asus.soundrecorder,apd_vae,False
com.asus.soundrecorder,abig_sae,True
com.google.android.street,abig_ae,True
com.microsoft.office.excel,exodus_sae,False
deezer.android.app,exodus_vae,False
com.asus.soundrecorder,apd_sae,False
com.supersport.android.phone,abig_sae,False
deezer.android.app,apd_ae,False
com.microsoft.office.excel,abig_vae,True
com.supersport.android.phone,apd_vae,False
com.microsoft.office.excel,exodus_ae,False
com.microsoft.office.excel,abig_ae,True
deezer.android.app,exodus_sae,False
com.asus.soundrecorder,exodus_vae,False
com.supersport.android.phone,apd_sae,False
com.google.android.apps.docs,apd_vae,False
com.asus.soundrecorder,apd_ae,False
deezer.android.app,abig_vae,True
deezer.android.app,abig_ae,True
deezer.android.app,exodus_ae,True
com.asus.soundrecorder,exodus_sae,False
com.google.android.apps.docs,abig_sae,True
com.supersport.android.phone,exodus_vae,False
com.google.android.apps.docs,apd_sae,False
com.supersport.android.phone,apd_ae,False
com.asus.soundrecorder,abig_vae,True
com.asus.soundrecorder,abig_ae,True
com.sec.pcw,apd_vae,False
com.sec.pcw,abig_sae,True
com.asus.soundrecorder,exodus_ae,True
com.google.android.apps.docs,exodus_vae,True
com.supersport.android.phone,exodus_sae,False
com.sec.pcw,apd_sae,False
com.google.android.apps.docs,apd_ae,False
com.supersport.android.phone,abig_vae,False
com.supersport.android.phone,abig_ae,False
com.google.android.dialer,abig_sae,True
com.google.android.dialer,apd_vae,True
com.sec.pcw,exodus_vae,True
com.google.android.apps.docs,exodus_sae,True
com.google.android.dialer,apd_sae,True
com.supersport.android.phone,exodus_ae,False
com.google.android.apps.docs,abig_vae,True
com.sec.pcw,apd_ae,True
com.sonyericsson.album,apd_vae,False
com.google.android.apps.docs,abig_ae,True
com.google.android.dialer,exodus_vae,True
com.sonyericsson.album,abig_sae,True
com.sonyericsson.album,apd_sae,False
com.google.android.apps.docs,exodus_ae,True
com.google.ar.lens,apd_vae,False
com.sec.pcw,exodus_sae,True
com.google.android.dialer,apd_ae,True
com.sec.pcw,abig_vae,True
com.sec.pcw,abig_ae,True
com.sonyericsson.album,exodus_vae,True
com.google.ar.lens,apd_sae,False
com.google.ar.lens,abig_sae,True
com.sec.pcw,exodus_ae,True
com.google.android.dialer,exodus_sae,True
com.dstvmobile.android,apd_vae,False
com.sonyericsson.album,apd_ae,False
com.dstvmobile.android,apd_sae,False
com.google.android.dialer,abig_ae,True
com.dstvmobile.android,abig_sae,False
com.google.ar.lens,exodus_vae,False
com.google.android.dialer,abig_vae,True
com.google.android.dialer,exodus_ae,True
com.samsung.android.lool,apd_vae,False
com.sonyericsson.album,exodus_sae,True
com.sonyericsson.album,abig_ae,True
com.samsung.android.lool,apd_sae,False
com.samsung.android.lool,abig_sae,True
com.dstvmobile.android,exodus_vae,False
com.google.ar.lens,apd_ae,False
com.sonyericsson.album,abig_vae,True
com.sonyericsson.album,exodus_ae,True
com.android.chrome,apd_vae,False
com.google.ar.lens,exodus_sae,False
com.android.chrome,apd_sae,False
com.android.chrome,abig_sae,True
com.google.ar.lens,abig_ae,True
com.dstvmobile.android,apd_ae,False
com.samsung.android.lool,exodus_vae,True
com.google.ar.lens,exodus_ae,False
com.google.android.apps.youtube.music,apd_vae,True
com.google.ar.lens,abig_vae,True
com.google.android.apps.youtube.music,apd_sae,False
com.dstvmobile.android,exodus_sae,False
com.android.chrome,exodus_vae,True
com.google.android.apps.youtube.music,abig_sae,True
com.dstvmobile.android,exodus_ae,False
com.dstvmobile.android,abig_ae,False
com.samsung.android.lool,apd_ae,False
com.dsi.ant.service.socket,apd_vae,False
com.dstvmobile.android,abig_vae,False
com.google.android.apps.youtube.music,exodus_vae,True
com.samsung.android.lool,exodus_ae,True
com.dsi.ant.service.socket,apd_sae,False
com.samsung.android.lool,abig_ae,True
com.samsung.android.lool,abig_vae,True
com.android.chrome,apd_ae,True
com.dsi.ant.service.socket,abig_sae,True
com.samsung.android.lool,exodus_sae,True
com.hmdglobal.support,apd_vae,False
com.dsi.ant.service.socket,exodus_vae,False
com.android.chrome,exodus_ae,True
com.hmdglobal.support,apd_sae,False
com.hmdglobal.support,abig_sae,False
com.android.chrome,abig_ae,True
com.android.chrome,abig_vae,True
com.google.android.apps.youtube.music,apd_ae,True
com.android.chrome,exodus_sae,True
com.duokan.phone.remotecontroller,apd_vae,True
com.hmdglobal.support,exodus_vae,False
com.google.android.apps.youtube.music,abig_ae,True
com.google.android.apps.youtube.music,exodus_sae,True
com.google.android.apps.youtube.music,exodus_ae,True
com.huawei.android.thememanager,apd_vae,False
com.google.android.apps.youtube.music,abig_vae,True
com.duokan.phone.remotecontroller,apd_sae,False
com.duokan.phone.remotecontroller,abig_sae,True
com.dsi.ant.service.socket,apd_ae,False
com.duokan.phone.remotecontroller,exodus_vae,True
com.dsi.ant.service.socket,exodus_sae,False
com.dsi.ant.service.socket,abig_vae,True
com.dsi.ant.service.socket,exodus_ae,False
com.dsi.ant.service.socket,abig_ae,True
com.huawei.android.thememanager,apd_sae,False
com.huawei.android.thememanager,exodus_vae,True
com.huawei.android.thememanager,abig_sae,True
com.google.android.apps.googleassistant,apd_vae,False
com.hmdglobal.support,apd_ae,False
com.hmdglobal.support,abig_ae,True
com.hmdglobal.support,exodus_sae,False
com.hmdglobal.support,exodus_ae,False
com.google.android.apps.googleassistant,exodus_vae,False
com.hmdglobal.support,abig_vae,False
com.google.android.apps.googleassistant,apd_sae,False
com.google.android.apps.googleassistant,abig_sae,True
com.samsung.android.privateshare,apd_vae,False
com.duokan.phone.remotecontroller,apd_ae,True
com.duokan.phone.remotecontroller,exodus_sae,True
com.duokan.phone.remotecontroller,abig_ae,True
com.samsung.android.privateshare,exodus_vae,False
com.duokan.phone.remotecontroller,exodus_ae,True
com.duokan.phone.remotecontroller,abig_vae,True
com.google.android.apps.plus,apd_vae,True
com.samsung.android.privateshare,abig_sae,True
com.huawei.android.thememanager,apd_ae,True
com.samsung.android.privateshare,apd_sae,False
com.huawei.android.thememanager,exodus_sae,True
com.huawei.android.thememanager,abig_ae,True
com.huawei.android.thememanager,exodus_ae,True
com.huawei.android.thememanager,abig_vae,True
com.google.android.apps.plus,exodus_vae,True
com.google.android.videos,apd_vae,False
com.google.android.apps.plus,abig_sae,True
com.google.android.apps.plus,apd_sae,False
com.google.android.apps.googleassistant,apd_ae,False
com.google.android.apps.googleassistant,exodus_sae,False
com.google.android.apps.googleassistant,abig_ae,True
com.google.android.apps.googleassistant,abig_vae,True
com.google.android.apps.googleassistant,exodus_ae,False
com.google.android.videos,exodus_vae,False
com.google.android.videos,abig_sae,True
com.samsung.android.privateshare,apd_ae,False
net.mbc.shahid,apd_vae,False
com.google.android.videos,apd_sae,False
com.samsung.android.privateshare,abig_ae,True
com.samsung.android.privateshare,exodus_sae,True
com.samsung.android.privateshare,abig_vae,True
com.samsung.android.privateshare,exodus_ae,True
net.mbc.shahid,exodus_vae,False
net.mbc.shahid,abig_sae,True
com.google.android.apps.plus,abig_ae,True
com.huawei.himovie.overseas,apd_vae,False
com.google.android.apps.plus,apd_ae,True
net.mbc.shahid,apd_sae,False
com.google.android.apps.plus,exodus_sae,True
com.huawei.himovie.overseas,exodus_vae,True
com.google.android.apps.plus,abig_vae,True
com.google.android.videos,abig_ae,True
tvlapalma.nt.gdp,apd_vae,False
com.huawei.himovie.overseas,abig_sae,True
com.google.android.apps.plus,exodus_ae,True
com.huawei.himovie.overseas,apd_sae,False
com.google.android.videos,apd_ae,False
com.google.android.videos,exodus_sae,True
net.mbc.shahid,abig_ae,True
com.google.android.videos,abig_vae,True
tvlapalma.nt.gdp,exodus_vae,False
com.google.android.videos,exodus_ae,True
tvlapalma.nt.gdp,apd_sae,False
com.google.audio.hearing.visualization.accessibility.scribe,apd_vae,False
tvlapalma.nt.gdp,abig_sae,True
net.mbc.shahid,exodus_sae,False
net.mbc.shahid,apd_ae,False
com.huawei.himovie.overseas,abig_ae,True
net.mbc.shahid,abig_vae,True
com.google.audio.hearing.visualization.accessibility.scribe,exodus_vae,False
com.google.audio.hearing.visualization.accessibility.scribe,apd_sae,False
net.mbc.shahid,exodus_ae,False
com.huawei.himovie.overseas,exodus_sae,True
com.google.android.apps.maps,apd_vae,False
com.google.audio.hearing.visualization.accessibility.scribe,abig_sae,True
com.huawei.himovie.overseas,abig_vae,True
com.huawei.himovie.overseas,apd_ae,True
tvlapalma.nt.gdp,abig_ae,True
com.google.android.apps.maps,exodus_vae,True
com.google.android.apps.maps,apd_sae,False
com.huawei.himovie.overseas,exodus_ae,True
tvlapalma.nt.gdp,exodus_sae,False
com.sonymobile.getmore,apd_vae,False
com.google.android.apps.maps,abig_sae,True
com.google.audio.hearing.visualization.accessibility.scribe,abig_ae,True
tvlapalma.nt.gdp,abig_vae,True
tvlapalma.nt.gdp,apd_ae,False
com.sonymobile.getmore,exodus_vae,False
com.google.audio.hearing.visualization.accessibility.scribe,exodus_sae,True
com.sonymobile.getmore,apd_sae,False
tvlapalma.nt.gdp,exodus_ae,False
com.xiaomi.midrop,apd_vae,False
com.google.audio.hearing.visualization.accessibility.scribe,abig_vae,True
com.sonymobile.getmore,abig_sae,True
com.google.audio.hearing.visualization.accessibility.scribe,apd_ae,True
com.google.android.apps.maps,abig_ae,True
com.xiaomi.midrop,exodus_vae,True
com.xiaomi.midrop,apd_sae,False
com.google.android.apps.maps,exodus_sae,True
com.google.audio.hearing.visualization.accessibility.scribe,exodus_ae,True
com.xiaomi.midrop,abig_sae,True
com.asus.ia.asusapp,apd_vae,False
com.google.android.apps.maps,abig_vae,True
com.google.android.apps.maps,apd_ae,True
com.asus.ia.asusapp,exodus_vae,False
com.sonymobile.getmore,abig_ae,True
com.sonymobile.getmore,exodus_sae,True
com.google.android.apps.maps,exodus_ae,True
com.asus.ia.asusapp,apd_sae,False
com.instagram.android,apd_vae,False
com.asus.ia.asusapp,abig_sae,True
com.sonymobile.getmore,apd_ae,False
com.sonymobile.getmore,abig_vae,True
com.instagram.android,exodus_vae,False
com.xiaomi.midrop,abig_ae,True
com.sonymobile.getmore,exodus_ae,True
com.xiaomi.midrop,exodus_sae,True
com.instagram.android,apd_sae,False
com.instagram.android,abig_sae,True
com.xiaomi.midrop,abig_vae,True
com.oneplus.iconpack.onepluso2,apd_vae,False
com.oneplus.iconpack.onepluso2,exodus_vae,False
com.xiaomi.midrop,apd_ae,False
com.asus.ia.asusapp,abig_ae,True
com.xiaomi.midrop,exodus_ae,True
com.oneplus.iconpack.onepluso2,abig_sae,False
com.asus.ia.asusapp,exodus_sae,True
com.oneplus.iconpack.onepluso2,apd_sae,False
com.policydm,apd_vae,False
com.asus.ia.asusapp,abig_vae,True
com.instagram.android,abig_ae,True
com.asus.ia.asusapp,apd_ae,False
com.policydm,exodus_vae,False
com.asus.ia.asusapp,exodus_ae,True
com.instagram.android,exodus_sae,False
com.policydm,abig_sae,True
com.policydm,apd_sae,False
com.instagram.android,abig_vae,False
com.instagram.android,apd_ae,False
com.sec.android.app.music,apd_vae,False
com.oneplus.iconpack.onepluso2,abig_ae,False
com.instagram.android,exodus_ae,False
com.sec.android.app.music,exodus_vae,True
com.sec.android.app.music,abig_sae,True
com.oneplus.iconpack.onepluso2,exodus_sae,False
com.sec.android.app.music,apd_sae,False
com.oneplus.iconpack.onepluso2,apd_ae,False
com.asus.gallery,apd_vae,False
com.oneplus.iconpack.onepluso2,abig_vae,False
com.oneplus.iconpack.onepluso2,exodus_ae,False
com.policydm,abig_ae,True
com.asus.gallery,exodus_vae,True
com.asus.gallery,abig_sae,True
com.policydm,exodus_sae,True
com.asus.gallery,apd_sae,False
com.policydm,apd_ae,False
com.amazon.kindle,apd_vae,False
com.policydm,abig_vae,True
com.sec.android.app.music,abig_ae,True
com.amazon.kindle,abig_sae,True
com.sec.android.app.music,exodus_sae,True
com.policydm,exodus_ae,True
com.amazon.kindle,exodus_vae,True
com.sec.android.app.music,apd_ae,True
com.amazon.kindle,apd_sae,False
com.mobisystems.office,apd_vae,False
com.sec.android.app.music,abig_vae,True
com.mobisystems.office,abig_sae,True
com.asus.gallery,abig_ae,True
com.asus.gallery,exodus_sae,True
com.sec.android.app.music,exodus_ae,True
com.mobisystems.office,exodus_vae,True
com.mobisystems.office,apd_sae,False
com.asus.gallery,abig_vae,True
com.facebook.katana,apd_vae,False
com.asus.gallery,apd_ae,True
com.amazon.kindle,exodus_sae,True
com.amazon.kindle,abig_ae,True
com.facebook.katana,abig_sae,False
com.asus.gallery,exodus_ae,True
com.facebook.katana,exodus_vae,False
com.sonymobile.androidapp.cameraaddon.infoeye,apd_vae,False
com.facebook.katana,apd_sae,False
com.amazon.kindle,apd_ae,True
com.amazon.kindle,abig_vae,True
com.mobisystems.office,exodus_sae,True
com.sonymobile.androidapp.cameraaddon.infoeye,exodus_vae,True
com.mobisystems.office,abig_ae,True
com.amazon.kindle,exodus_ae,True
com.sonymobile.androidapp.cameraaddon.infoeye,abig_sae,True
com.mobisystems.office,apd_ae,False
net.kino2718.techcalc64,apd_vae,False
com.sonymobile.androidapp.cameraaddon.infoeye,apd_sae,False
com.mobisystems.office,abig_vae,True
net.kino2718.techcalc64,exodus_vae,False
com.facebook.katana,exodus_sae,False
com.facebook.katana,abig_ae,True
com.mobisystems.office,exodus_ae,True
net.kino2718.techcalc64,abig_sae,False
com.facebook.katana,apd_ae,False
com.miui.player,apd_vae,False
net.kino2718.techcalc64,apd_sae,False
com.miui.player,exodus_vae,True
com.facebook.katana,abig_vae,False
com.sonymobile.androidapp.cameraaddon.infoeye,exodus_sae,True
com.sonymobile.androidapp.cameraaddon.infoeye,abig_ae,True
com.facebook.katana,exodus_ae,False
com.sonymobile.androidapp.cameraaddon.infoeye,apd_ae,False
com.fluidtouch.noteshelf2,apd_vae,False
com.miui.player,abig_sae,True
net.kino2718.techcalc64,exodus_sae,False
com.fluidtouch.noteshelf2,exodus_vae,False
com.miui.player,apd_sae,False
net.kino2718.techcalc64,apd_ae,False
net.kino2718.techcalc64,abig_ae,False
com.sonymobile.androidapp.cameraaddon.infoeye,exodus_ae,True
com.sonymobile.androidapp.cameraaddon.infoeye,abig_vae,True
com.fluidtouch.noteshelf2,abig_sae,False
com.asus.easylauncher,apd_vae,False
com.miui.player,exodus_sae,True
com.miui.player,apd_ae,True
com.asus.easylauncher,exodus_vae,False
com.fluidtouch.noteshelf2,apd_sae,False
com.miui.player,abig_ae,True
net.kino2718.techcalc64,exodus_ae,False
com.asus.easylauncher,abig_sae,True
net.kino2718.techcalc64,abig_vae,False
com.google.android.calculator,apd_vae,False
com.google.android.calculator,exodus_vae,False
com.fluidtouch.noteshelf2,exodus_sae,False
com.asus.easylauncher,apd_sae,False
com.fluidtouch.noteshelf2,apd_ae,False
com.miui.player,exodus_ae,True
com.fluidtouch.noteshelf2,abig_ae,False
com.google.android.calculator,abig_sae,True
com.huawei.phoneservice,apd_vae,False
com.miui.player,abig_vae,True
com.huawei.phoneservice,exodus_vae,True
com.asus.easylauncher,exodus_sae,False
com.google.android.calculator,apd_sae,False
com.asus.easylauncher,apd_ae,False
com.huawei.phoneservice,abig_sae,True
com.fluidtouch.noteshelf2,exodus_ae,False
com.asus.easylauncher,abig_ae,True
com.google.android.keep,apd_vae,False
com.google.android.keep,exodus_vae,True
com.fluidtouch.noteshelf2,abig_vae,False
com.google.android.calculator,exodus_sae,False
com.huawei.phoneservice,apd_sae,False
com.google.android.calculator,apd_ae,False
com.google.android.calculator,abig_ae,True
com.google.android.keep,abig_sae,True
com.asus.easylauncher,exodus_ae,False
com.asus.easylauncher,abig_vae,True
com.tripadvisor.tripadvisor,apd_vae,False
com.tripadvisor.tripadvisor,exodus_vae,False
com.huawei.phoneservice,abig_ae,True
com.huawei.phoneservice,exodus_sae,True
com.google.android.keep,apd_sae,False
com.google.android.calculator,exodus_ae,False
com.huawei.phoneservice,apd_ae,False
com.google.android.calculator,abig_vae,True
com.tripadvisor.tripadvisor,abig_sae,True
com.oneplus.brickmode,exodus_vae,False
com.oneplus.brickmode,apd_vae,False
com.google.android.keep,abig_ae,True
com.google.android.keep,exodus_sae,True
com.tripadvisor.tripadvisor,apd_sae,False
com.google.android.keep,apd_ae,False
com.huawei.phoneservice,abig_vae,True
com.oneplus.brickmode,abig_sae,True
com.huawei.phoneservice,exodus_ae,True
com.google.android.gm,apd_vae,False
com.google.android.gm,exodus_vae,True
com.tripadvisor.tripadvisor,abig_ae,True
com.oneplus.brickmode,apd_sae,False
com.tripadvisor.tripadvisor,exodus_sae,False
com.tripadvisor.tripadvisor,apd_ae,False
com.google.android.keep,abig_vae,True
com.google.android.gm,abig_sae,True
com.sec.android.app.popupcalculator,exodus_vae,False
com.google.android.keep,exodus_ae,True
com.sec.android.app.popupcalculator,apd_vae,False
com.oneplus.brickmode,abig_ae,True
com.oneplus.brickmode,apd_ae,False
com.oneplus.brickmode,exodus_sae,False
com.google.android.gm,apd_sae,False
com.google.android.deskclock,apd_vae,False
com.tripadvisor.tripadvisor,exodus_ae,False
com.tripadvisor.tripadvisor,abig_vae,True
com.sec.android.app.popupcalculator,abig_sae,True
com.google.android.deskclock,exodus_vae,False
com.google.android.gm,abig_ae,True
com.google.android.gm,apd_ae,False
com.google.android.gm,exodus_sae,True
com.oneplus.brickmode,abig_vae,True
com.oneplus.twspods,apd_vae,False
com.oneplus.brickmode,exodus_ae,False
com.sec.android.app.popupcalculator,apd_sae,False
com.google.android.deskclock,abig_sae,True
com.oneplus.twspods,exodus_vae,False
com.sec.android.app.popupcalculator,abig_ae,True
com.sec.android.app.popupcalculator,apd_ae,False
com.google.android.gm,abig_vae,True
com.sec.android.app.popupcalculator,exodus_sae,False
com.unp.unpppid,apd_vae,False
com.google.android.gm,exodus_ae,True
com.oneplus.twspods,abig_sae,True
com.unp.unpppid,exodus_vae,False
com.google.android.deskclock,apd_sae,False
com.google.android.deskclock,abig_ae,True
com.google.android.deskclock,apd_ae,False
com.sec.android.app.popupcalculator,abig_vae,True
com.unp.unpppid,abig_sae,True
com.sec.android.app.popupcalculator,exodus_ae,False
com.oneplus.twspods,apd_sae,False
com.google.android.deskclock,exodus_sae,False
com.tananaev.calculator,apd_vae,False
com.oneplus.twspods,abig_ae,True
com.tananaev.calculator,exodus_vae,False
com.oneplus.twspods,apd_ae,False
com.google.android.deskclock,abig_vae,True
com.unp.unpppid,apd_sae,False
com.linkedin.android,apd_vae,False
com.oneplus.twspods,exodus_sae,True
com.google.android.deskclock,exodus_ae,False
com.tananaev.calculator,abig_sae,False
com.linkedin.android,exodus_vae,True
com.oneplus.twspods,abig_vae,True
com.unp.unpppid,apd_ae,False
com.unp.unpppid,abig_ae,True
com.tananaev.calculator,apd_sae,False
si.assist.marolt,apd_vae,False
si.assist.marolt,exodus_vae,False
com.linkedin.android,abig_sae,True
com.unp.unpppid,exodus_sae,False
com.oneplus.twspods,exodus_ae,True
com.tananaev.calculator,abig_ae,False
com.tananaev.calculator,apd_ae,False
com.unp.unpppid,abig_vae,False
com.linkedin.android,apd_sae,False
com.mi.android.globalpersonalassistant,apd_vae,True
com.tananaev.calculator,exodus_sae,False
com.mi.android.globalpersonalassistant,exodus_vae,True
si.assist.marolt,abig_sae,True
com.linkedin.android,abig_ae,True
com.tananaev.calculator,abig_vae,False
com.linkedin.android,apd_ae,False
com.unp.unpppid,exodus_ae,False
si.assist.marolt,apd_sae,False
com.linkedin.android,exodus_sae,True
com.sonymobile.lifelog,apd_vae,False
com.sonymobile.lifelog,exodus_vae,False
com.mi.android.globalpersonalassistant,abig_sae,True
si.assist.marolt,abig_ae,True
si.assist.marolt,apd_ae,False
com.linkedin.android,abig_vae,True
com.mi.android.globalpersonalassistant,apd_sae,False
com.tananaev.calculator,exodus_ae,False
si.assist.marolt,exodus_sae,False
com.microsoft.office.word,apd_vae,False
com.microsoft.office.word,exodus_vae,False
com.mi.android.globalpersonalassistant,abig_ae,True
com.sonymobile.lifelog,abig_sae,True
si.assist.marolt,abig_vae,True
com.mi.android.globalpersonalassistant,exodus_sae,True
com.sonymobile.lifelog,apd_sae,False
com.mi.android.globalpersonalassistant,apd_ae,True
com.linkedin.android,exodus_ae,True
com.app.m1remit,apd_vae,False
com.microsoft.office.word,abig_sae,True
com.app.m1remit,exodus_vae,False
com.sonymobile.lifelog,abig_ae,True
com.sonymobile.lifelog,exodus_sae,False
com.mi.android.globalpersonalassistant,abig_vae,True
com.microsoft.office.word,apd_sae,False
com.yandex.browser.lite,apd_vae,False
com.sonymobile.lifelog,apd_ae,True
si.assist.marolt,exodus_ae,False
com.app.m1remit,abig_sae,True
com.yandex.browser.lite,exodus_vae,False
com.microsoft.office.word,abig_ae,True
com.app.m1remit,apd_sae,False
com.sonymobile.lifelog,abig_vae,True
com.microsoft.office.word,exodus_sae,False
com.wring.android.truehb,apd_vae,False
com.yandex.browser.lite,abig_sae,True
com.microsoft.office.word,apd_ae,False
com.mi.android.globalpersonalassistant,exodus_ae,True
com.wring.android.truehb,exodus_vae,False
com.app.m1remit,abig_ae,True
com.yandex.browser.lite,apd_sae,False
com.app.m1remit,exodus_sae,False
com.microsoft.office.powerpoint,apd_vae,False
com.wring.android.truehb,abig_sae,True
com.sonymobile.lifelog,exodus_ae,True
com.microsoft.office.word,abig_vae,True
com.app.m1remit,apd_ae,False
com.microsoft.office.powerpoint,exodus_vae,False
com.yandex.browser.lite,abig_ae,True
com.wring.android.truehb,apd_sae,False
rudy.android.pacer,apd_vae,False
com.yandex.browser.lite,exodus_sae,False
com.microsoft.office.word,exodus_ae,False
com.microsoft.office.powerpoint,abig_sae,True
rudy.android.pacer,exodus_vae,False
com.app.m1remit,abig_vae,True
com.yandex.browser.lite,apd_ae,False
com.wring.android.truehb,abig_ae,True
com.wring.android.truehb,exodus_sae,False
com.microsoft.office.powerpoint,apd_sae,False
com.app.m1remit,exodus_ae,False
com.asus.userfeedback,apd_vae,False
rudy.android.pacer,abig_sae,True
com.yandex.browser.lite,abig_vae,True
com.asus.userfeedback,exodus_vae,False
com.wring.android.truehb,apd_ae,False
com.microsoft.office.powerpoint,exodus_sae,False
com.yandex.browser.lite,exodus_ae,True
com.microsoft.office.powerpoint,abig_ae,True
rudy.android.pacer,apd_sae,False
com.google.android.projection.gearhead,apd_vae,True
com.asus.userfeedback,abig_sae,True
com.microsoft.office.powerpoint,apd_ae,False
rudy.android.pacer,exodus_sae,False
com.wring.android.truehb,abig_vae,True
com.google.android.projection.gearhead,exodus_vae,True
com.wring.android.truehb,exodus_ae,False
rudy.android.pacer,abig_ae,True
com.asus.userfeedback,apd_sae,False
com.amazon.avod.thirdpartyclient,apd_vae,False
com.microsoft.office.powerpoint,abig_vae,True
rudy.android.pacer,apd_ae,False
com.google.android.projection.gearhead,abig_sae,True
com.amazon.avod.thirdpartyclient,exodus_vae,True
com.microsoft.office.powerpoint,exodus_ae,False
com.asus.userfeedback,abig_ae,True
com.google.android.projection.gearhead,apd_sae,False
com.google.android.apps.wallpaper,apd_vae,False
com.asus.userfeedback,exodus_sae,False
com.amazon.avod.thirdpartyclient,abig_sae,True
com.asus.userfeedback,apd_ae,False
com.google.android.projection.gearhead,abig_ae,True
rudy.android.pacer,abig_vae,False
com.google.android.apps.wallpaper,exodus_vae,False
rudy.android.pacer,exodus_ae,False
com.google.android.apps.photos,apd_vae,True
com.amazon.avod.thirdpartyclient,apd_sae,False
com.google.android.projection.gearhead,exodus_sae,True
com.google.android.apps.wallpaper,abig_sae,True
com.amazon.avod.thirdpartyclient,abig_ae,True
com.asus.userfeedback,abig_vae,True
com.google.android.apps.photos,exodus_vae,True
com.google.android.projection.gearhead,apd_ae,True
com.sonyericsson.extras.liveware,apd_vae,False
com.google.android.apps.wallpaper,apd_sae,False
com.amazon.avod.thirdpartyclient,exodus_sae,True
com.asus.userfeedback,exodus_ae,True
com.google.android.apps.wallpaper,abig_ae,True
com.sonyericsson.extras.liveware,exodus_vae,True
com.google.android.apps.photos,abig_sae,True
com.amazon.avod.thirdpartyclient,apd_ae,False
com.google.android.projection.gearhead,abig_vae,True
com.rsupport.rs.activity.rsupport.aas2,apd_vae,False
com.google.android.apps.photos,apd_sae,False
com.google.android.apps.wallpaper,exodus_sae,False
com.google.android.projection.gearhead,exodus_ae,True
com.google.android.apps.photos,abig_ae,True
com.rsupport.rs.activity.rsupport.aas2,exodus_vae,True
com.amazon.avod.thirdpartyclient,abig_vae,True
com.sonyericsson.extras.liveware,abig_sae,True
com.google.android.apps.wallpaper,apd_ae,False
com.sonymobile.getmore.client,apd_vae,False
com.google.android.apps.photos,exodus_sae,True
com.sonyericsson.extras.liveware,apd_sae,False
com.amazon.avod.thirdpartyclient,exodus_ae,True
com.sonyericsson.extras.liveware,abig_ae,True
com.google.android.apps.wallpaper,abig_vae,True
com.sonymobile.getmore.client,exodus_vae,False
com.rsupport.rs.activity.rsupport.aas2,abig_sae,True
com.google.android.apps.photos,apd_ae,True
com.google.android.calendar,apd_vae,False
com.rsupport.rs.activity.rsupport.aas2,apd_sae,False
com.google.android.apps.wallpaper,exodus_ae,False
com.sonyericsson.extras.liveware,exodus_sae,True
com.rsupport.rs.activity.rsupport.aas2,abig_ae,True
com.sonymobile.getmore.client,abig_sae,True
com.google.android.calendar,exodus_vae,True
com.google.android.apps.photos,abig_vae,True
com.sonyericsson.extras.liveware,apd_ae,True
com.rsupport.rs.activity.rsupport.aas2,exodus_sae,True
com.sonymobile.getmore.client,apd_sae,False
com.sonymobile.getmore.client,abig_ae,True
com.asus.gamewidget,apd_vae,False
com.google.android.apps.photos,exodus_ae,True
com.google.android.calendar,abig_sae,True
com.sonyericsson.extras.liveware,abig_vae,True
com.asus.gamewidget,exodus_vae,True
com.rsupport.rs.activity.rsupport.aas2,apd_ae,True
com.google.android.calendar,abig_ae,True
com.sonymobile.getmore.client,exodus_sae,False
com.skype.raider,apd_vae,False
com.google.android.calendar,apd_sae,False
com.sonyericsson.extras.liveware,exodus_ae,True
com.asus.gamewidget,abig_sae,True
com.rsupport.rs.activity.rsupport.aas2,abig_vae,True
com.sonymobile.getmore.client,apd_ae,False
com.asus.gamewidget,abig_ae,True
com.skype.raider,exodus_vae,False
com.google.android.calendar,exodus_sae,True
com.asus.deskclock,apd_vae,False
com.asus.gamewidget,apd_sae,False
com.rsupport.rs.activity.rsupport.aas2,exodus_ae,True
com.skype.raider,abig_sae,False
com.google.android.calendar,apd_ae,False
com.sonymobile.getmore.client,abig_vae,True
com.skype.raider,abig_ae,True
com.asus.deskclock,exodus_vae,False
com.asus.gamewidget,exodus_sae,True
com.quicinc.voice.activation,apd_vae,False
com.google.android.calendar,abig_vae,True
com.skype.raider,apd_sae,False
com.sonymobile.getmore.client,exodus_ae,False
com.asus.gamewidget,apd_ae,True
com.asus.deskclock,abig_ae,True
com.asus.deskclock,abig_sae,True
com.quicinc.voice.activation,exodus_vae,False
com.asus.gamewidget,abig_vae,True
com.skype.raider,exodus_sae,False
com.biztory,apd_vae,False
com.asus.deskclock,apd_sae,False
com.google.android.calendar,exodus_ae,True
com.skype.raider,apd_ae,False
com.quicinc.voice.activation,abig_ae,True
com.quicinc.voice.activation,abig_sae,True
com.biztory,exodus_vae,False
com.asus.gamewidget,exodus_ae,True
com.skype.raider,abig_vae,False
com.asus.deskclock,exodus_sae,False
com.google.android.contacts,apd_vae,False
com.quicinc.voice.activation,apd_sae,False
com.asus.deskclock,apd_ae,False
com.biztory,abig_ae,True
com.biztory,abig_sae,True
com.google.android.contacts,exodus_vae,True
com.skype.raider,exodus_ae,False
com.quicinc.voice.activation,exodus_sae,False
com.asus.deskclock,abig_vae,True
com.biztory,apd_sae,False
com.quicinc.voice.activation,apd_ae,False
com.opera.mini.android,apd_vae,False
com.google.android.contacts,abig_ae,True
com.google.android.contacts,abig_sae,True
com.opera.mini.android,exodus_vae,False
com.biztory,exodus_sae,False
com.asus.deskclock,exodus_ae,False
com.quicinc.voice.activation,abig_vae,True
com.linkedin.android,apd_vae,False
com.google.android.contacts,apd_sae,False
com.biztory,apd_ae,False
com.opera.mini.android,abig_ae,True
com.opera.mini.android,abig_sae,True
com.linkedin.android,exodus_vae,True
com.google.android.contacts,exodus_sae,True
com.google.android.contacts,apd_ae,True
com.biztory,abig_vae,True
com.quicinc.voice.activation,exodus_ae,False
com.opera.mini.android,apd_sae,False
com.samsung.android.spdclient,apd_vae,False
com.linkedin.android,abig_ae,True
com.linkedin.android,abig_sae,True
com.samsung.android.spdclient,exodus_vae,False
com.opera.mini.android,apd_ae,False
com.opera.mini.android,exodus_sae,False
com.google.android.contacts,abig_vae,True
com.linkedin.android,apd_sae,False
com.biztory,exodus_ae,False
com.samsung.android.spdclient,abig_ae,True
com.miui.weather2,apd_vae,False
com.miui.weather2,exodus_vae,True
com.samsung.android.spdclient,abig_sae,True
com.linkedin.android,apd_ae,False
com.linkedin.android,exodus_sae,True
com.opera.mini.android,abig_vae,True
com.samsung.android.spdclient,apd_sae,False
com.miui.weather2,abig_ae,True
com.google.android.contacts,exodus_ae,True
com.korvac.liquid,apd_vae,False
com.korvac.liquid,exodus_vae,True
com.miui.weather2,abig_sae,True
com.samsung.android.spdclient,exodus_sae,False
com.miui.weather2,apd_sae,False
com.korvac.liquid,abig_ae,True
com.opera.mini.android,exodus_ae,False
com.linkedin.android,abig_vae,True
com.samsung.android.spdclient,apd_ae,False
com.microsoft.office.word,exodus_vae,False
com.miui.weather2,exodus_sae,True
com.microsoft.office.word,apd_vae,False
com.korvac.liquid,apd_sae,True
com.korvac.liquid,abig_sae,True
com.miui.weather2,apd_ae,False
com.microsoft.office.word,abig_ae,True
com.samsung.android.spdclient,abig_vae,True
com.linkedin.android,exodus_ae,True
com.singtel.mysingtel,exodus_vae,True
com.microsoft.office.word,abig_sae,True
com.microsoft.office.word,apd_sae,False
com.singtel.mysingtel,abig_ae,True
com.singtel.mysingtel,apd_vae,False
com.samsung.android.spdclient,exodus_ae,False
com.korvac.liquid,apd_ae,True
com.miui.weather2,abig_vae,True
com.korvac.liquid,exodus_sae,True
it.telecomitalia.centodiciannove,exodus_vae,False
com.singtel.mysingtel,abig_sae,True
it.telecomitalia.centodiciannove,abig_ae,True
com.miui.weather2,exodus_ae,True
com.microsoft.office.word,exodus_sae,False
com.korvac.liquid,abig_vae,True
com.singtel.mysingtel,apd_sae,True
it.telecomitalia.centodiciannove,apd_vae,False
com.microsoft.office.word,apd_ae,False
com.huawei.hwid,exodus_vae,True
it.telecomitalia.centodiciannove,abig_sae,True
com.korvac.liquid,exodus_ae,True
it.telecomitalia.centodiciannove,apd_sae,False
com.singtel.mysingtel,apd_ae,True
com.microsoft.office.word,abig_vae,True
com.huawei.hwid,apd_vae,True
com.huawei.hwid,abig_ae,True
com.singtel.mysingtel,exodus_sae,True
com.jerosapps1.tpmsongstamil,exodus_vae,False
com.huawei.hwid,abig_sae,True
com.microsoft.office.word,exodus_ae,False
com.jerosapps1.tpmsongstamil,apd_vae,False
it.telecomitalia.centodiciannove,apd_ae,False
com.singtel.mysingtel,abig_vae,True
it.telecomitalia.centodiciannove,exodus_sae,True
com.huawei.hwid,apd_sae,False
com.jerosapps1.tpmsongstamil,abig_ae,True
com.samsung.ecomm.global.in,exodus_vae,False
com.jerosapps1.tpmsongstamil,abig_sae,False
com.huawei.hwid,apd_ae,True
com.singtel.mysingtel,exodus_ae,True
com.samsung.ecomm.global.in,apd_vae,False
it.telecomitalia.centodiciannove,abig_vae,True
com.jerosapps1.tpmsongstamil,apd_sae,False
com.samsung.ecomm.global.in,abig_ae,True
com.google.android.inputmethod.korean,exodus_vae,False
com.huawei.hwid,exodus_sae,True
com.jerosapps1.tpmsongstamil,apd_ae,False
com.samsung.ecomm.global.in,abig_sae,True
it.telecomitalia.centodiciannove,exodus_ae,True
com.google.android.inputmethod.korean,apd_vae,False
com.google.android.inputmethod.korean,abig_ae,True
com.samsung.ecomm.global.in,apd_sae,False
com.huawei.himovie.overseas,exodus_vae,True
com.huawei.hwid,abig_vae,True
com.jerosapps1.tpmsongstamil,exodus_sae,False
com.samsung.ecomm.global.in,apd_ae,False
com.huawei.hwid,exodus_ae,True
rudy.android.pacer,exodus_vae,False
com.huawei.himovie.overseas,apd_vae,False
com.google.android.inputmethod.korean,apd_sae,False
com.huawei.himovie.overseas,abig_ae,True
com.samsung.ecomm.global.in,exodus_sae,False
com.jerosapps1.tpmsongstamil,abig_vae,False
com.google.android.inputmethod.korean,abig_sae,True
com.google.android.inputmethod.korean,apd_ae,False
com.google.android.marvin.talkback,exodus_vae,False
rudy.android.pacer,apd_vae,False
com.jerosapps1.tpmsongstamil,exodus_ae,False
rudy.android.pacer,abig_ae,True
com.huawei.himovie.overseas,apd_sae,False
com.samsung.ecomm.global.in,abig_vae,False
com.google.android.inputmethod.korean,exodus_sae,False
com.huawei.himovie.overseas,abig_sae,True
com.huawei.himovie.overseas,apd_ae,True
com.quicinc.voice.activation,exodus_vae,False
com.google.android.marvin.talkback,abig_ae,True
rudy.android.pacer,apd_sae,False
com.samsung.ecomm.global.in,exodus_ae,False
com.google.android.inputmethod.korean,abig_vae,True
com.google.android.marvin.talkback,apd_vae,False
com.huawei.himovie.overseas,exodus_sae,True
rudy.android.pacer,abig_sae,True
com.munets.android.bellring365,exodus_vae,False
rudy.android.pacer,apd_ae,False
com.google.android.marvin.talkback,apd_sae,False
com.quicinc.voice.activation,abig_ae,True
com.huawei.himovie.overseas,abig_vae,True
com.google.android.inputmethod.korean,exodus_ae,False
rudy.android.pacer,exodus_sae,False
com.quicinc.voice.activation,apd_vae,False
com.google.android.marvin.talkback,apd_ae,False
com.google.android.marvin.talkback,abig_sae,True
com.quicinc.voice.activation,apd_sae,False
com.bloomberg.android.plus,exodus_vae,False
com.munets.android.bellring365,abig_ae,True
rudy.android.pacer,abig_vae,False
com.huawei.himovie.overseas,exodus_ae,True
com.quicinc.voice.activation,apd_ae,False
com.munets.android.bellring365,apd_vae,False
com.google.android.marvin.talkback,exodus_sae,False
com.munets.android.bellring365,apd_sae,False
com.quicinc.voice.activation,abig_sae,True
com.bloomberg.android.plus,abig_ae,True
com.duokan.phone.remotecontroller,exodus_vae,True
com.google.android.marvin.talkback,abig_vae,True
rudy.android.pacer,exodus_ae,False
com.quicinc.voice.activation,exodus_sae,False
com.munets.android.bellring365,apd_ae,False
com.munets.android.bellring365,abig_sae,True
com.bloomberg.android.plus,apd_vae,False
com.bloomberg.android.plus,apd_sae,False
com.google.android.keep,exodus_vae,True
com.duokan.phone.remotecontroller,abig_ae,True
com.quicinc.voice.activation,abig_vae,True
com.google.android.marvin.talkback,exodus_ae,False
com.bloomberg.android.plus,apd_ae,False
com.munets.android.bellring365,exodus_sae,False
com.duokan.phone.remotecontroller,apd_sae,False
com.duokan.phone.remotecontroller,apd_vae,True
com.asus.deskclock,exodus_vae,False
com.bloomberg.android.plus,abig_sae,True
com.munets.android.bellring365,abig_vae,True
com.google.android.keep,abig_ae,True
com.quicinc.voice.activation,exodus_ae,False
com.duokan.phone.remotecontroller,apd_ae,True
com.dropbox.android,exodus_vae,True
com.google.android.keep,apd_vae,False
com.bloomberg.android.plus,exodus_sae,False
com.google.android.keep,apd_sae,False
com.asus.deskclock,abig_ae,True
com.duokan.phone.remotecontroller,abig_sae,True
com.bloomberg.android.plus,abig_vae,True
com.munets.android.bellring365,exodus_ae,False
jp.ebookjapan.ebireader,exodus_vae,False
com.asus.deskclock,apd_vae,False
com.google.android.keep,apd_ae,False
com.dropbox.android,abig_ae,True
com.asus.deskclock,apd_sae,False
com.duokan.phone.remotecontroller,exodus_sae,True
com.google.android.keep,abig_sae,True
com.duokan.phone.remotecontroller,abig_vae,True
com.sonymobile.androidapp.cameraaddon.infoeye,exodus_vae,True
com.dropbox.android,apd_sae,False
com.bloomberg.android.plus,exodus_ae,False
com.asus.deskclock,apd_ae,False
com.asus.deskclock,abig_sae,True
jp.ebookjapan.ebireader,abig_ae,True
com.dropbox.android,apd_vae,False
com.google.android.keep,abig_vae,True
com.miui.videoplayer,exodus_vae,True
com.google.android.keep,exodus_sae,True
jp.ebookjapan.ebireader,apd_vae,False
jp.ebookjapan.ebireader,apd_sae,False
com.sonymobile.androidapp.cameraaddon.infoeye,abig_ae,True
com.dropbox.android,abig_sae,True
com.duokan.phone.remotecontroller,exodus_ae,True
com.dropbox.android,apd_ae,False
com.asus.deskclock,abig_vae,True
com.coloros.backuprestore,exodus_vae,True
com.asus.deskclock,exodus_sae,False
com.sonymobile.androidapp.cameraaddon.infoeye,apd_vae,False
jp.ebookjapan.ebireader,apd_ae,False
com.miui.videoplayer,abig_ae,True
jp.ebookjapan.ebireader,abig_sae,True
com.google.android.keep,exodus_ae,True
com.sonymobile.androidapp.cameraaddon.infoeye,apd_sae,False
com.dropbox.android,abig_vae,True
com.oneplus.iconpack.onepluso2,exodus_vae,False
com.sonymobile.androidapp.cameraaddon.infoeye,abig_sae,True
com.dropbox.android,exodus_sae,True
com.miui.videoplayer,apd_vae,True
com.coloros.backuprestore,abig_ae,True
com.sonymobile.androidapp.cameraaddon.infoeye,apd_ae,False
com.asus.deskclock,exodus_ae,False
com.samsung.android.email.provider,exodus_vae,True
com.miui.videoplayer,apd_sae,False
jp.ebookjapan.ebireader,abig_vae,True
com.miui.videoplayer,abig_sae,True
com.oneplus.iconpack.onepluso2,abig_ae,False
com.hmdglobal.camera2,exodus_vae,True
com.coloros.backuprestore,apd_sae,False
com.miui.videoplayer,apd_ae,True
com.coloros.backuprestore,apd_vae,False
com.dropbox.android,exodus_ae,True
jp.ebookjapan.ebireader,exodus_sae,False
com.sonymobile.androidapp.cameraaddon.infoeye,abig_vae,True
com.coloros.backuprestore,abig_sae,True
com.oneplus.iconpack.onepluso2,apd_sae,False
com.oneplus.iconpack.onepluso2,apd_vae,False
com.samsung.android.email.provider,abig_ae,True
com.miui.videoplayer,abig_vae,True
com.coloros.backuprestore,apd_ae,False
com.sonymobile.androidapp.cameraaddon.infoeye,exodus_sae,True
com.oneplus.iconpack.onepluso2,abig_sae,False
jp.ebookjapan.ebireader,exodus_ae,True
com.samsung.android.oneconnect,exodus_vae,True
com.samsung.android.email.provider,apd_sae,False
com.samsung.android.email.provider,apd_vae,True
com.oneplus.iconpack.onepluso2,apd_ae,False
com.hmdglobal.camera2,abig_ae,True
com.samsung.android.email.provider,abig_sae,True
com.sonymobile.androidapp.cameraaddon.infoeye,exodus_ae,True
com.miui.videoplayer,exodus_sae,True
com.coloros.backuprestore,abig_vae,True
com.google.android.apps.wellbeing,exodus_vae,True
com.hmdglobal.camera2,apd_sae,False
com.hmdglobal.camera2,apd_vae,False
com.samsung.android.email.provider,apd_ae,True
com.hmdglobal.camera2,abig_sae,True
com.miui.videoplayer,exodus_ae,True
com.samsung.android.oneconnect,abig_ae,True
com.oneplus.iconpack.onepluso2,abig_vae,False
com.jakarta.baca.lite,exodus_vae,False
com.coloros.backuprestore,exodus_sae,True
com.samsung.android.oneconnect,apd_vae,False
com.samsung.android.oneconnect,apd_sae,False
com.hmdglobal.camera2,apd_ae,False
com.samsung.android.oneconnect,abig_sae,True
com.google.android.apps.wellbeing,abig_ae,True
com.coloros.backuprestore,exodus_ae,True
com.samsung.android.email.provider,abig_vae,True
com.oneplus.iconpack.onepluso2,exodus_sae,False
com.touchtype.swiftkey,exodus_vae,False
com.google.android.apps.wellbeing,apd_sae,False
com.google.android.apps.wellbeing,apd_vae,False
com.google.android.apps.wellbeing,abig_sae,True
com.samsung.android.oneconnect,apd_ae,True
com.oneplus.iconpack.onepluso2,exodus_ae,False
com.jakarta.baca.lite,abig_ae,True
com.hmdglobal.camera2,abig_vae,True
com.samsung.android.email.provider,exodus_sae,True
com.jakarta.baca.lite,apd_sae,False
com.jakarta.baca.lite,abig_sae,True
com.jakarta.baca.lite,apd_vae,False
com.asus.weathertime,exodus_vae,False
com.samsung.android.email.provider,exodus_ae,True
com.google.android.apps.wellbeing,apd_ae,False
com.touchtype.swiftkey,abig_ae,True
com.samsung.android.oneconnect,abig_vae,True
com.hmdglobal.camera2,exodus_sae,True
com.touchtype.swiftkey,apd_sae,False
com.touchtype.swiftkey,abig_sae,True
com.hmdglobal.camera2,exodus_ae,True
com.touchtype.swiftkey,apd_vae,False
com.google.android.apps.docs.editors.docs,exodus_vae,False
com.google.android.apps.wellbeing,abig_vae,True
com.jakarta.baca.lite,apd_ae,False
com.asus.weathertime,abig_ae,True
com.asus.weathertime,apd_sae,False
com.samsung.android.oneconnect,exodus_sae,True
com.asus.weathertime,apd_vae,False
com.asus.weathertime,abig_sae,True
flipboard.app,exodus_vae,False
com.samsung.android.oneconnect,exodus_ae,True
com.google.android.apps.docs.editors.docs,abig_ae,False
com.jakarta.baca.lite,abig_vae,True
com.touchtype.swiftkey,apd_ae,False
com.google.android.apps.wellbeing,exodus_sae,True
com.google.android.apps.docs.editors.docs,apd_sae,False
com.rsupport.rs.activity.rsupport.aas2,exodus_vae,True
com.google.android.apps.docs.editors.docs,apd_vae,False
com.google.android.apps.docs.editors.docs,abig_sae,False
com.google.android.apps.wellbeing,exodus_ae,True
flipboard.app,abig_ae,True
com.asus.weathertime,apd_ae,False
com.touchtype.swiftkey,abig_vae,True
flipboard.app,apd_sae,False
com.jakarta.baca.lite,exodus_sae,True
com.eyeinc.eye,exodus_vae,False
com.rsupport.rs.activity.rsupport.aas2,abig_ae,True
com.jakarta.baca.lite,exodus_ae,True
flipboard.app,apd_vae,False
flipboard.app,abig_sae,True
com.google.android.apps.docs.editors.docs,apd_ae,False
com.asus.weathertime,abig_vae,True
com.rsupport.rs.activity.rsupport.aas2,apd_sae,False
com.touchtype.swiftkey,exodus_ae,False
com.touchtype.swiftkey,exodus_sae,False
com.eyeinc.eye,abig_ae,True
com.rsupport.rs.activity.rsupport.aas2,abig_sae,True
com.rsupport.rs.activity.rsupport.aas2,apd_vae,False
flipboard.app,apd_ae,False
com.generalmobile.assistant,exodus_vae,True
com.google.android.apps.docs.editors.docs,abig_vae,False
com.eyeinc.eye,apd_sae,False
com.asus.weathertime,exodus_ae,False
com.asus.weathertime,exodus_sae,False
com.generalmobile.assistant,abig_ae,True
com.eyeinc.eye,abig_sae,True
com.eyeinc.eye,apd_vae,False
flipboard.app,abig_vae,True
com.rsupport.rs.activity.rsupport.aas2,apd_ae,True
com.sonymobile.getmore.client,exodus_vae,False
com.generalmobile.assistant,apd_sae,False
com.sonymobile.getmore.client,abig_ae,True
com.google.android.apps.docs.editors.docs,exodus_sae,False
com.google.android.apps.docs.editors.docs,exodus_ae,False
com.generalmobile.assistant,abig_sae,True
com.facebook.katana,exodus_vae,False
com.generalmobile.assistant,apd_vae,False
com.rsupport.rs.activity.rsupport.aas2,abig_vae,True
flipboard.app,exodus_sae,False
com.eyeinc.eye,apd_ae,False
com.facebook.katana,abig_ae,True
com.sonymobile.getmore.client,apd_sae,False
com.sonymobile.getmore.client,abig_sae,True
flipboard.app,exodus_ae,False
com.generalmobile.assistant,apd_ae,True
com.rsupport.rs.activity.rsupport.aas2,exodus_sae,True
com.sec.pcw,exodus_vae,True
com.sonymobile.getmore.client,apd_vae,False
com.sec.pcw,abig_ae,True
com.facebook.katana,apd_sae,False
com.eyeinc.eye,abig_vae,True
com.facebook.katana,abig_sae,False
com.rsupport.rs.activity.rsupport.aas2,exodus_ae,True
com.sonymobile.getmore.client,apd_ae,False
com.facebook.katana,apd_vae,False
com.google.android.apps.photos,exodus_vae,True
com.eyeinc.eye,exodus_sae,False
com.generalmobile.assistant,abig_vae,True
com.google.android.apps.photos,abig_ae,True
com.sec.pcw,apd_sae,False
com.sec.pcw,abig_sae,True
com.eyeinc.eye,exodus_ae,False
com.dstvmobile.android,exodus_vae,False
com.facebook.katana,apd_ae,False
com.sec.pcw,apd_vae,False
com.generalmobile.assistant,exodus_sae,True
com.dstvmobile.android,abig_ae,False
com.google.android.apps.photos,apd_sae,False
com.sonymobile.getmore.client,abig_vae,True
com.google.android.apps.photos,abig_sae,True
com.generalmobile.assistant,exodus_ae,True
com.sec.pcw,apd_ae,True
com.facebook.katana,abig_vae,False
com.samsung.android.spay,exodus_vae,True
com.sonymobile.getmore.client,exodus_sae,False
com.dstvmobile.android,apd_sae,False
com.google.android.apps.photos,apd_vae,True
com.samsung.android.spay,abig_ae,True
com.dstvmobile.android,abig_sae,False
com.google.android.apps.photos,apd_ae,True
com.sonymobile.getmore.client,exodus_ae,False
com.sec.pcw,abig_vae,True
com.dstvmobile.android,apd_vae,False
com.samsung.android.spay,apd_sae,False
com.google.android.apps.messaging,exodus_vae,True
com.google.android.apps.messaging,abig_ae,True
com.facebook.katana,exodus_sae,False
com.samsung.android.spay,abig_sae,True
com.dstvmobile.android,apd_ae,False
com.google.android.apps.photos,abig_vae,True
com.facebook.katana,exodus_ae,False
com.telecomitalia.cubomusica,exodus_vae,True
com.google.android.apps.messaging,apd_sae,False
com.samsung.android.spay,apd_vae,False
com.telecomitalia.cubomusica,abig_ae,True
com.sec.pcw,exodus_sae,True
com.dstvmobile.android,abig_vae,False
com.google.android.apps.messaging,abig_sae,True
com.samsung.android.spay,apd_ae,False
com.sec.pcw,exodus_ae,True
com.asus.calculator,exodus_vae,False
com.telecomitalia.cubomusica,apd_sae,False
com.google.android.apps.photos,exodus_sae,True
com.google.android.apps.messaging,apd_vae,False
com.asus.calculator,abig_ae,True
com.telecomitalia.cubomusica,abig_sae,True
com.samsung.android.spay,abig_vae,True
com.google.android.apps.photos,exodus_ae,True
com.google.android.apps.messaging,apd_ae,False
com.asus.calculator,apd_sae,False
com.dstvmobile.android,exodus_sae,False
com.telecomitalia.cubomusica,apd_vae,False
com.bluebloodapps.trendy,abig_ae,False
com.bluebloodapps.trendy,exodus_vae,False
com.asus.calculator,abig_sae,True
com.google.android.apps.messaging,abig_vae,True
com.dstvmobile.android,exodus_ae,False
com.samsung.android.spay,exodus_sae,True
com.telecomitalia.cubomusica,apd_ae,False
com.tripadvisor.tripadvisor,exodus_vae,False
com.tripadvisor.tripadvisor,abig_ae,True
com.bluebloodapps.trendy,apd_sae,False
com.asus.calculator,apd_vae,False
com.telecomitalia.cubomusica,abig_vae,True
com.bluebloodapps.trendy,abig_sae,False
com.samsung.android.spay,exodus_ae,True
com.asus.calculator,apd_ae,False
com.google.android.apps.messaging,exodus_sae,True
com.bluebloodapps.trendy,apd_vae,False
com.sec.android.app.popupcalculator,abig_ae,True
com.asus.calculator,abig_vae,True
com.sec.android.app.popupcalculator,exodus_vae,False
com.tripadvisor.tripadvisor,apd_sae,False
com.tripadvisor.tripadvisor,abig_sae,True
com.bluebloodapps.trendy,apd_ae,False
com.bluebloodapps.news,abig_ae,False
com.google.android.apps.messaging,exodus_ae,True
com.telecomitalia.cubomusica,exodus_sae,True
com.sec.android.app.popupcalculator,abig_sae,True
com.tripadvisor.tripadvisor,apd_vae,False
com.sec.android.app.popupcalculator,apd_sae,False
com.bluebloodapps.news,exodus_vae,False
com.bluebloodapps.trendy,abig_vae,False
com.asus.userfeedback,abig_ae,True
com.tripadvisor.tripadvisor,apd_ae,False
com.telecomitalia.cubomusica,exodus_ae,True
com.sec.android.app.popupcalculator,apd_vae,False
com.bluebloodapps.news,apd_sae,False
com.tripadvisor.tripadvisor,abig_vae,True
com.asus.calculator,exodus_sae,False
com.asus.userfeedback,exodus_vae,False
com.bluebloodapps.news,abig_sae,False
com.asus.easylauncher,abig_ae,True
com.sec.android.app.popupcalculator,apd_ae,False
com.asus.calculator,exodus_ae,False
com.bluebloodapps.news,apd_vae,False
com.asus.userfeedback,apd_sae,False
com.sec.android.app.popupcalculator,abig_vae,True
com.bluebloodapps.trendy,exodus_sae,False
com.asus.easylauncher,exodus_vae,False
com.asus.userfeedback,abig_sae,True
com.bluebloodapps.news,apd_ae,False
com.bluebloodapps.trendy,exodus_ae,False
com.pixlr.express,abig_ae,True
com.asus.easylauncher,apd_sae,False
com.asus.userfeedback,apd_vae,False
com.tripadvisor.tripadvisor,exodus_sae,False
com.bluebloodapps.news,abig_vae,False
com.pixlr.express,exodus_vae,False
com.asus.easylauncher,abig_sae,True
com.asus.userfeedback,apd_ae,False
com.tripadvisor.tripadvisor,exodus_ae,False
com.google.android.inputmethod.latin,abig_ae,True
com.asus.userfeedback,abig_vae,True
com.pixlr.express,apd_sae,False
com.sec.android.app.popupcalculator,exodus_sae,False
com.asus.easylauncher,apd_vae,False
com.google.android.inputmethod.latin,exodus_vae,False
com.sec.android.app.popupcalculator,exodus_ae,False
com.asus.easylauncher,apd_ae,False
com.pixlr.express,abig_sae,True
com.amazon.avod.thirdpartyclient,abig_ae,True
com.asus.easylauncher,abig_vae,True
com.google.android.inputmethod.latin,apd_sae,False
com.bluebloodapps.news,exodus_sae,False
com.google.android.inputmethod.latin,abig_sae,True
com.pixlr.express,apd_ae,False
com.pixlr.express,apd_vae,False
com.amazon.avod.thirdpartyclient,exodus_vae,True
com.bluebloodapps.news,exodus_ae,False
com.microsoft.skydrive,abig_ae,True
com.amazon.avod.thirdpartyclient,apd_sae,False
com.asus.userfeedback,exodus_sae,False
com.amazon.avod.thirdpartyclient,abig_sae,True
com.google.android.inputmethod.latin,apd_vae,False
com.pixlr.express,abig_vae,False
com.google.android.inputmethod.latin,apd_ae,False
com.asus.userfeedback,exodus_ae,True
com.microsoft.skydrive,exodus_vae,True
com.microsoft.office.powerpoint,abig_ae,True
com.microsoft.skydrive,apd_sae,False
com.google.android.inputmethod.latin,abig_vae,True
com.asus.easylauncher,exodus_sae,False
com.microsoft.skydrive,abig_sae,True
com.asus.easylauncher,exodus_ae,False
com.amazon.avod.thirdpartyclient,apd_vae,False
com.amazon.avod.thirdpartyclient,apd_ae,False
com.microsoft.office.powerpoint,exodus_vae,False
com.scee.psxandroid,abig_ae,True
com.microsoft.office.powerpoint,apd_sae,False
com.amazon.avod.thirdpartyclient,abig_vae,True
com.microsoft.office.powerpoint,abig_sae,True
com.pixlr.express,exodus_ae,False
com.microsoft.skydrive,apd_vae,False
com.pixlr.express,exodus_sae,False
com.microsoft.skydrive,apd_ae,True
com.scee.psxandroid,exodus_vae,False
com.huawei.hwdetectrepair,abig_ae,True
com.scee.psxandroid,apd_sae,False
com.scee.psxandroid,abig_sae,True
com.microsoft.skydrive,abig_vae,True
com.microsoft.office.powerpoint,apd_vae,False
com.microsoft.office.powerpoint,apd_ae,False
com.google.android.inputmethod.latin,exodus_sae,False
com.google.android.inputmethod.latin,exodus_ae,True
com.huawei.hwdetectrepair,exodus_vae,True
com.oneplus.iconpack.oneplush2,abig_ae,False
com.huawei.hwdetectrepair,apd_sae,False
com.scee.psxandroid,apd_vae,False
com.huawei.hwdetectrepair,abig_sae,True
com.microsoft.office.powerpoint,abig_vae,True
com.scee.psxandroid,apd_ae,False
com.amazon.avod.thirdpartyclient,exodus_sae,True
com.oneplus.iconpack.oneplush2,exodus_vae,False
com.amazon.avod.thirdpartyclient,exodus_ae,True
com.oneplus.iconpack.oneplush2,apd_sae,False
com.oneplus.iconpack.oneplush2,abig_sae,False
com.xiaomi.midrop,abig_ae,True
com.huawei.hwdetectrepair,apd_vae,False
com.scee.psxandroid,abig_vae,True
com.huawei.hwdetectrepair,apd_ae,True
com.microsoft.skydrive,exodus_sae,True
com.xiaomi.midrop,exodus_vae,True
com.oneplus.mms,abig_ae,True
com.xiaomi.midrop,apd_sae,False
com.xiaomi.midrop,abig_sae,True
com.oneplus.iconpack.oneplush2,apd_vae,False
com.microsoft.skydrive,exodus_ae,True
com.huawei.hwdetectrepair,abig_vae,True
com.oneplus.iconpack.oneplush2,apd_ae,False
com.microsoft.office.powerpoint,exodus_sae,False
com.oneplus.mms,exodus_vae,True
com.oneplus.mms,abig_sae,True
com.oneplus.mms,apd_sae,False
com.tananaev.calculator,abig_ae,False
com.xiaomi.midrop,apd_vae,False
com.oneplus.iconpack.oneplush2,abig_vae,False
com.scee.psxandroid,exodus_sae,False
com.xiaomi.midrop,apd_ae,False
com.microsoft.office.powerpoint,exodus_ae,False
com.tananaev.calculator,apd_sae,False
com.tananaev.calculator,exodus_vae,False
com.wring.android.truehb,abig_ae,True
com.oneplus.mms,apd_vae,True
com.tananaev.calculator,abig_sae,False
com.xiaomi.midrop,abig_vae,True
com.huawei.hwdetectrepair,exodus_sae,True
com.scee.psxandroid,exodus_ae,True
com.oneplus.mms,apd_ae,True
com.wring.android.truehb,apd_sae,False
com.wring.android.truehb,exodus_vae,False
com.realme.link,abig_ae,True
com.wring.android.truehb,abig_sae,True
com.tananaev.calculator,apd_vae,False
com.oneplus.mms,abig_vae,True
com.huawei.hwdetectrepair,exodus_ae,True
com.oneplus.iconpack.oneplush2,exodus_sae,False
com.realme.link,apd_sae,False
com.realme.link,exodus_vae,True
com.google.android.apps.docs,abig_ae,True
com.tananaev.calculator,apd_ae,False
com.realme.link,abig_sae,True
com.wring.android.truehb,apd_vae,False
com.xiaomi.midrop,exodus_sae,True
com.oneplus.iconpack.oneplush2,exodus_ae,False
com.tananaev.calculator,abig_vae,False
com.google.android.apps.docs,apd_sae,False
com.samsung.android.voc,abig_ae,True
com.wring.android.truehb,apd_ae,False
com.google.android.apps.docs,exodus_vae,True
com.google.android.apps.docs,abig_sae,True
com.realme.link,apd_vae,True
com.oneplus.mms,exodus_sae,True
com.wring.android.truehb,abig_vae,True
com.xiaomi.midrop,exodus_ae,True
com.realme.link,apd_ae,True
com.samsung.android.voc,apd_sae,False
com.samsung.android.voc,exodus_vae,False
com.locationchanger,abig_ae,True
com.samsung.android.voc,abig_sae,False
com.google.android.apps.docs,apd_vae,False
com.realme.link,abig_vae,True
com.tananaev.calculator,exodus_sae,False
com.google.android.apps.docs,apd_ae,False
com.locationchanger,exodus_vae,False
com.sec.android.app.voicenote,abig_ae,True
com.locationchanger,apd_sae,False
com.oneplus.mms,exodus_ae,True
com.locationchanger,abig_sae,True
com.samsung.android.voc,apd_vae,False
com.samsung.android.voc,apd_ae,False
com.google.android.apps.docs,abig_vae,True
com.wring.android.truehb,exodus_sae,False
com.asus.mobilemanager,abig_ae,True
com.sec.android.app.voicenote,exodus_vae,True
com.tananaev.calculator,exodus_ae,False
com.sec.android.app.voicenote,apd_sae,False
com.sec.android.app.voicenote,abig_sae,True
com.locationchanger,apd_vae,False
com.samsung.android.voc,abig_vae,False
com.realme.link,exodus_sae,True
com.google.audio.hearing.visualization.accessibility.scribe,abig_ae,True
com.locationchanger,apd_ae,False
com.asus.mobilemanager,exodus_vae,True
com.asus.mobilemanager,apd_sae,False
com.asus.mobilemanager,abig_sae,True
com.wring.android.truehb,exodus_ae,False
com.sec.android.app.voicenote,apd_vae,False
com.locationchanger,abig_vae,True
com.sonymobile.xperiaweather,abig_ae,True
com.google.android.apps.docs,exodus_sae,True
com.sec.android.app.voicenote,apd_ae,False
com.google.audio.hearing.visualization.accessibility.scribe,exodus_vae,False
com.google.audio.hearing.visualization.accessibility.scribe,apd_sae,False
com.google.audio.hearing.visualization.accessibility.scribe,abig_sae,True
com.sec.android.app.voicenote,abig_vae,True
com.asus.mobilemanager,apd_vae,False
com.realme.link,exodus_ae,True
com.asus.mobilemanager,apd_ae,False
,abig_ae,False
com.samsung.android.voc,exodus_sae,False
com.sonymobile.xperiaweather,exodus_vae,False
com.sonymobile.xperiaweather,apd_sae,False
com.sonymobile.xperiaweather,abig_sae,True
com.google.android.apps.docs,exodus_ae,True
com.google.audio.hearing.visualization.accessibility.scribe,apd_vae,False
com.asus.mobilemanager,abig_vae,True
,abig_ae,False
com.google.audio.hearing.visualization.accessibility.scribe,apd_ae,True
,exodus_vae,False
,apd_sae,False
com.locationchanger,exodus_sae,False
,abig_sae,False
com.samsung.android.voc,exodus_ae,False
com.sonymobile.xperiaweather,apd_vae,False
com.google.audio.hearing.visualization.accessibility.scribe,abig_vae,True
com.samsung.android.privateshare,abig_ae,True
,exodus_vae,False
com.sonymobile.xperiaweather,apd_ae,False
com.sec.android.app.voicenote,exodus_sae,True
,abig_sae,False
,apd_sae,False
com.locationchanger,exodus_ae,True
,apd_ae,False
com.sonymobile.xperiaweather,abig_vae,False
,apd_vae,False
,abig_ae,False
com.asus.mobilemanager,exodus_sae,True
com.samsung.android.privateshare,abig_sae,True
com.samsung.android.privateshare,exodus_vae,False
com.samsung.android.privateshare,apd_sae,False
,apd_ae,False
com.sec.android.app.voicenote,exodus_ae,True
,abig_vae,False
,apd_vae,False
,abig_ae,False
,apd_sae,False
,abig_sae,False
com.google.audio.hearing.visualization.accessibility.scribe,exodus_sae,True
,exodus_vae,False
com.samsung.android.privateshare,apd_ae,False
com.asus.mobilemanager,exodus_ae,True
,abig_vae,False
com.google.vr.vrcore,abig_ae,True
,apd_sae,False
com.samsung.android.privateshare,apd_vae,False
com.sonymobile.xperiaweather,exodus_sae,False
,abig_sae,False
,exodus_vae,False
,apd_ae,False
com.google.audio.hearing.visualization.accessibility.scribe,exodus_ae,True
com.samsung.android.privateshare,abig_vae,True
,abig_ae,False
com.google.vr.vrcore,apd_sae,False
,apd_vae,False
,exodus_sae,False
com.google.vr.vrcore,exodus_vae,False
com.google.vr.vrcore,abig_sae,True
com.sonymobile.xperiaweather,exodus_ae,False
,apd_ae,False
,abig_vae,False
com.sonymobile.getmore,abig_ae,True
,apd_sae,False
,exodus_sae,False
,exodus_vae,False
,exodus_ae,False
,apd_vae,False
,abig_sae,False
com.google.vr.vrcore,apd_ae,False
com.sony.snei.np.android.account,abig_ae,True
,abig_vae,False
com.sonymobile.getmore,apd_sae,False
com.samsung.android.privateshare,exodus_sae,True
,apd_ae,False
com.sonymobile.getmore,abig_sae,True
com.google.vr.vrcore,apd_vae,False
,exodus_ae,False
com.sonymobile.getmore,exodus_vae,False
com.google.vr.vrcore,abig_vae,True
com.sony.snei.np.android.account,apd_sae,False
,exodus_sae,False
com.yandex.browser.lite,abig_ae,True
com.sonymobile.getmore,apd_ae,False
com.sony.snei.np.android.account,abig_sae,True
,apd_vae,False
com.sony.snei.np.android.account,exodus_vae,False
com.yandex.browser.lite,apd_sae,False
com.samsung.android.privateshare,exodus_ae,True
,abig_vae,False
,exodus_sae,False
id.co.babe,abig_ae,True
com.yandex.browser.lite,abig_sae,True
com.sonymobile.getmore,apd_vae,False
com.sony.snei.np.android.account,apd_ae,False
com.yandex.browser.lite,exodus_vae,False
,exodus_ae,False
id.co.babe,apd_sae,False
net.mbc.shahid,abig_ae,True
com.sonymobile.getmore,abig_vae,True
com.google.vr.vrcore,exodus_sae,True
id.co.babe,abig_sae,True
com.yandex.browser.lite,apd_ae,False
com.sony.snei.np.android.account,apd_vae,False
id.co.babe,exodus_vae,False
,exodus_ae,False
net.mbc.shahid,apd_sae,False
si.assist.marolt,abig_ae,True
id.co.babe,apd_ae,False
net.mbc.shahid,exodus_vae,False
com.sony.snei.np.android.account,abig_vae,True
,exodus_sae,False
net.mbc.shahid,abig_sae,True
com.yandex.browser.lite,apd_vae,False
com.google.vr.vrcore,exodus_ae,True
,abig_ae,False
si.assist.marolt,apd_sae,False
net.mbc.shahid,apd_ae,False
si.assist.marolt,exodus_vae,False
com.yandex.browser.lite,abig_vae,True
,exodus_ae,False
com.facebook.orca,abig_ae,True
si.assist.marolt,abig_sae,True
com.sonymobile.getmore,exodus_sae,True
id.co.babe,apd_vae,False
,apd_sae,False
si.assist.marolt,apd_ae,False
,exodus_vae,False
id.co.babe,abig_vae,True
,abig_ae,False
,abig_sae,False
com.sonymobile.getmore,exodus_ae,True
com.facebook.orca,apd_sae,False
net.mbc.shahid,apd_vae,False
com.sony.snei.np.android.account,exodus_sae,False
,apd_ae,False
net.mbc.shahid,abig_vae,True
com.facebook.orca,exodus_vae,False
,abig_ae,False
com.sony.snei.np.android.account,exodus_ae,False
,apd_sae,False
com.facebook.orca,abig_sae,False
com.yandex.browser.lite,exodus_sae,False
si.assist.marolt,apd_vae,False
com.facebook.orca,apd_ae,False
,apd_sae,False
,exodus_vae,False
si.assist.marolt,abig_vae,True
,abig_ae,False
com.yandex.browser.lite,exodus_ae,True
,abig_sae,False
id.co.babe,exodus_sae,False
,apd_ae,False
,apd_vae,False
,apd_sae,False
tvlapalma.nt.gdp,abig_ae,True
id.co.babe,exodus_ae,False
,exodus_vae,False
,abig_vae,False
,abig_sae,False
,apd_ae,False
com.facebook.orca,apd_vae,False
net.mbc.shahid,exodus_sae,False
tvlapalma.nt.gdp,apd_sae,False
,exodus_vae,False
,abig_ae,False
,abig_sae,False
net.mbc.shahid,exodus_ae,False
com.facebook.orca,abig_vae,False
,apd_ae,False
,apd_vae,False
si.assist.marolt,exodus_sae,False
,apd_sae,False
si.assist.marolt,exodus_ae,False
com.sonymobile.lifelog,abig_ae,True
tvlapalma.nt.gdp,abig_sae,True
tvlapalma.nt.gdp,exodus_vae,False
,abig_vae,False
,exodus_sae,False
,apd_vae,False
com.sonymobile.lifelog,apd_sae,False
tvlapalma.nt.gdp,apd_ae,False
,exodus_vae,False
,exodus_ae,False
,abig_sae,False
,abig_ae,False
,abig_vae,False
,apd_vae,False
com.facebook.orca,exodus_sae,False
,apd_ae,False
com.sonymobile.lifelog,exodus_vae,False
com.sonymobile.lifelog,abig_sae,True
com.facebook.orca,exodus_ae,False
,apd_sae,False
,abig_vae,False
mercado.com,abig_ae,True
tvlapalma.nt.gdp,apd_vae,False
,exodus_sae,False
,exodus_vae,False
com.sonymobile.lifelog,apd_ae,True
,abig_sae,False
,exodus_ae,False
mercado.com,apd_sae,False
tvlapalma.nt.gdp,abig_vae,True
com.hmdglobal.support,abig_ae,True
,exodus_sae,False
,apd_vae,False
mercado.com,exodus_vae,False
,exodus_ae,False
,apd_ae,False
com.hmdglobal.support,apd_sae,False
mercado.com,abig_sae,False
,abig_vae,False
,exodus_sae,False
,abig_ae,False
com.sonymobile.lifelog,apd_vae,False
com.hmdglobal.support,exodus_vae,False
,exodus_ae,False
tvlapalma.nt.gdp,exodus_sae,False
,apd_sae,False
mercado.com,apd_ae,False
com.sonymobile.lifelog,abig_vae,True
com.hmdglobal.support,abig_sae,False
com.mobisystems.office,abig_ae,True
,exodus_vae,False
,apd_vae,False
com.mobisystems.office,apd_sae,False
tvlapalma.nt.gdp,exodus_ae,False
com.hmdglobal.support,apd_ae,False
,exodus_sae,False
com.microsoft.office.excel,abig_ae,True
,abig_vae,False
,abig_sae,False
com.mobisystems.office,exodus_vae,True
mercado.com,apd_vae,False
com.microsoft.office.excel,apd_sae,False
,exodus_ae,False
,apd_ae,False
com.sonymobile.lifelog,exodus_sae,False
com.google.android.gm,abig_ae,True
com.microsoft.office.excel,exodus_vae,False
mercado.com,abig_vae,False
com.mobisystems.office,apd_ae,False
com.hmdglobal.support,apd_vae,False
com.google.android.gm,apd_sae,False
com.mobisystems.office,abig_sae,True
com.sonymobile.lifelog,exodus_ae,True
,exodus_sae,False
,abig_ae,False
com.google.android.gm,exodus_vae,True
com.hmdglobal.support,abig_vae,False
,apd_sae,False
com.microsoft.office.excel,apd_ae,False
,apd_vae,False
com.microsoft.office.excel,abig_sae,True
mercado.com,exodus_sae,False
,exodus_ae,False
,abig_ae,False
,apd_sae,False
,abig_vae,False
,exodus_vae,False
com.google.android.gm,abig_sae,True
com.mobisystems.office,apd_vae,False
com.google.android.gm,apd_ae,False
com.hmdglobal.support,exodus_sae,False
,abig_ae,False
mercado.com,exodus_ae,False
,apd_sae,False
com.microsoft.office.excel,apd_vae,False
,exodus_vae,False
com.mobisystems.office,abig_vae,True
,apd_ae,False
,abig_sae,False
,exodus_sae,False
,abig_ae,False
com.hmdglobal.support,exodus_ae,False
,apd_sae,False
com.google.android.gm,apd_vae,False
com.microsoft.office.excel,abig_vae,True
,exodus_vae,False
,abig_sae,False
,apd_ae,False
,exodus_ae,False
com.mobisystems.office,exodus_sae,True
de.axelspringer.yana.zeropage,apd_sae,False
de.axelspringer.yana.zeropage,abig_ae,True
,apd_vae,False
com.google.android.gm,abig_vae,True
,abig_sae,False
,apd_ae,False
,exodus_vae,False
com.dsi.ant.service.socket,apd_sae,False
com.mobisystems.office,exodus_ae,True
com.dsi.ant.service.socket,abig_ae,True
com.microsoft.office.excel,exodus_sae,False
,abig_vae,False
,apd_vae,False
,abig_sae,False
,apd_ae,False
com.microsoft.office.excel,exodus_ae,False
,apd_sae,False
com.google.android.gm,exodus_sae,True
de.axelspringer.yana.zeropage,exodus_vae,True
,abig_ae,False
,abig_vae,False
de.axelspringer.yana.zeropage,abig_sae,True
de.axelspringer.yana.zeropage,apd_ae,False
,apd_vae,False
com.google.android.gm,exodus_ae,True
,apd_sae,False
,abig_ae,False
com.dsi.ant.service.socket,exodus_vae,False
,abig_vae,False
,exodus_sae,False
com.dsi.ant.service.socket,abig_sae,True
com.dsi.ant.service.socket,apd_ae,False
,exodus_ae,False
,apd_vae,False
,apd_sae,False
,abig_ae,False
,exodus_sae,False
,abig_vae,False
,apd_ae,False
,exodus_ae,False
,abig_sae,False
,exodus_vae,False
de.axelspringer.yana.zeropage,apd_vae,False
,apd_sae,False
,exodus_sae,False
,abig_ae,False
,abig_sae,False
,exodus_ae,False
,apd_ae,False
,exodus_vae,False
de.axelspringer.yana.zeropage,abig_vae,True
com.dsi.ant.service.socket,apd_vae,False
,apd_sae,False
,abig_ae,False
,exodus_sae,False
,exodus_vae,False
,apd_ae,False
,abig_sae,False
,exodus_ae,False
com.dsi.ant.service.socket,abig_vae,True
,apd_vae,False
,abig_ae,False
,apd_sae,False
,exodus_vae,False
de.axelspringer.yana.zeropage,exodus_sae,True
,apd_ae,False
de.axelspringer.yana.zeropage,exodus_ae,True
,abig_sae,False
,abig_ae,False
,abig_vae,False
,apd_vae,False
com.dsi.ant.service.socket,exodus_sae,False
,apd_sae,False
,exodus_vae,False
,abig_sae,False
,abig_ae,False
com.dsi.ant.service.socket,exodus_ae,False
,apd_ae,False
,apd_vae,False
,abig_vae,False
,exodus_sae,False
,abig_sae,False
,exodus_vae,False
,apd_sae,False
,exodus_ae,False
kr.co.wschurch.m,abig_ae,True
,apd_ae,False
,abig_vae,False
,apd_vae,False
,exodus_sae,False
,abig_sae,False
,exodus_vae,False
,exodus_ae,False
kr.co.wschurch.m,apd_sae,False
,abig_vae,False
com.evernote,abig_ae,True
,exodus_sae,False
,abig_sae,False
,apd_vae,False
,apd_ae,False
,exodus_vae,False
,exodus_ae,False
com.evernote,apd_sae,False
io.zotto.linkpay,abig_ae,True
,abig_vae,False
kr.co.wschurch.m,abig_sae,False
,apd_ae,False
,exodus_ae,False
,apd_vae,False
kr.co.wschurch.m,exodus_vae,False
,exodus_sae,False
io.zotto.linkpay,apd_sae,False
kr.co.wschurch.m,apd_ae,False
,exodus_ae,False
,abig_vae,False
,abig_ae,False
com.evernote,abig_sae,True
com.evernote,exodus_vae,True
,exodus_sae,False
,apd_vae,False
,apd_sae,False
,abig_vae,False
,exodus_ae,False
com.evernote,apd_ae,False
com.sonymobile.androidapp.cameraaddon.areffect,abig_ae,True
io.zotto.linkpay,abig_sae,True
io.zotto.linkpay,exodus_vae,False
,apd_vae,False
,exodus_sae,False
,abig_vae,False
com.sonymobile.androidapp.cameraaddon.areffect,apd_sae,False
,exodus_vae,False
,abig_ae,False
,exodus_ae,False
io.zotto.linkpay,apd_ae,False
,abig_sae,False
,exodus_sae,False
kr.co.wschurch.m,apd_vae,False
,apd_sae,False
kr.co.wschurch.m,abig_vae,False
com.sonymobile.androidapp.cameraaddon.areffect,exodus_vae,False
,abig_ae,False
,exodus_ae,False
,apd_ae,False
,exodus_sae,False
com.sonymobile.androidapp.cameraaddon.areffect,abig_sae,True
com.evernote,apd_vae,False
com.evernote,abig_vae,True
,apd_sae,False
,abig_ae,False
kr.co.wschurch.m,exodus_ae,False
,exodus_vae,False
kr.co.wschurch.m,exodus_sae,False
,abig_sae,False
io.zotto.linkpay,apd_vae,False
com.sonymobile.androidapp.cameraaddon.areffect,apd_ae,False
,apd_sae,False
io.zotto.linkpay,abig_vae,True
com.evernote,exodus_ae,True
,abig_ae,False
,exodus_vae,False
,abig_sae,False
com.evernote,exodus_sae,True
,apd_vae,False
,apd_ae,False
,abig_vae,False
,apd_sae,False
,abig_ae,False
,exodus_vae,False
,abig_sae,False
io.zotto.linkpay,exodus_sae,False
io.zotto.linkpay,exodus_ae,True
com.sonymobile.androidapp.cameraaddon.areffect,apd_vae,False
,apd_sae,False
com.sonymobile.androidapp.cameraaddon.areffect,abig_vae,True
,apd_ae,False
com.samsung.android.app.watchmanager,abig_ae,True
,abig_sae,False
,exodus_ae,False
,exodus_vae,False
,exodus_sae,False
,apd_vae,False
com.samsung.android.app.watchmanager,apd_sae,False
,apd_ae,False
,abig_vae,False
,abig_ae,False
com.sonymobile.androidapp.cameraaddon.areffect,exodus_ae,False
,exodus_vae,False
com.sonymobile.androidapp.cameraaddon.areffect,exodus_sae,False
,apd_vae,False
,abig_sae,False
,apd_sae,False
,apd_ae,False
,abig_vae,False
com.asus.gamewidget,abig_ae,True
,exodus_ae,False
,apd_vae,False
com.samsung.android.app.watchmanager,exodus_vae,True
com.samsung.android.app.watchmanager,abig_sae,True
,exodus_sae,False
com.asus.gamewidget,apd_sae,False
,abig_vae,False
,abig_ae,False
,apd_ae,False
,apd_vae,False
,exodus_ae,False
,exodus_vae,False
,apd_sae,False
,abig_sae,False
,abig_vae,False
,exodus_sae,False
com.samsung.android.app.watchmanager,apd_ae,True
net.oneplus.weather,abig_ae,True
,apd_vae,False
,exodus_ae,False
net.oneplus.weather,apd_sae,False
,abig_vae,False
com.asus.gamewidget,abig_sae,True
com.asus.gamewidget,exodus_vae,True
,exodus_sae,False
,abig_ae,False
com.samsung.android.app.watchmanager,apd_vae,False
,apd_ae,False
,exodus_ae,False
,apd_sae,False
,exodus_vae,False
com.samsung.android.app.watchmanager,abig_vae,True
,abig_sae,False
,exodus_sae,False
,abig_ae,False
,exodus_ae,False
com.asus.gamewidget,apd_ae,True
net.oneplus.weather,exodus_vae,False
,apd_vae,False
,apd_sae,False
,abig_vae,False
,exodus_sae,False
net.oneplus.weather,abig_sae,True
,abig_ae,False
,apd_ae,False
com.asus.gamewidget,apd_vae,False
com.samsung.android.app.watchmanager,exodus_ae,True
,apd_sae,False
,exodus_vae,False
com.asus.gamewidget,abig_vae,True
com.samsung.android.app.watchmanager,exodus_sae,True
,abig_sae,False
net.oneplus.weather,apd_ae,False
,abig_ae,False
,exodus_ae,False
,apd_vae,False
,apd_sae,False
,exodus_vae,False
,abig_vae,False
,apd_ae,False
,abig_sae,False
,exodus_sae,False
com.fluidtouch.noteshelf2,abig_ae,False
com.asus.gamewidget,exodus_ae,True
,exodus_vae,False
net.oneplus.weather,abig_vae,True
net.oneplus.weather,apd_vae,False
com.oneplus.filemanager,abig_ae,True
com.fluidtouch.noteshelf2,apd_sae,False
,apd_ae,False
com.asus.gamewidget,exodus_sae,True
,abig_sae,False
,exodus_ae,False
,abig_vae,False
,exodus_vae,False
,abig_ae,False
,apd_vae,False
,exodus_sae,False
,apd_ae,False
com.oneplus.filemanager,apd_sae,False
,abig_sae,False
net.oneplus.weather,exodus_ae,True
com.fluidtouch.noteshelf2,exodus_vae,False
,apd_vae,False
,abig_vae,False
,apd_ae,False
net.oneplus.weather,exodus_sae,False
com.supersport.android.phone,abig_ae,False
,apd_sae,False
com.fluidtouch.noteshelf2,abig_sae,False
,exodus_ae,False
,apd_vae,False
com.oneplus.filemanager,exodus_vae,False
com.google.android.videos,abig_ae,True
,abig_vae,False
com.fluidtouch.noteshelf2,apd_ae,False
com.supersport.android.phone,apd_sae,False
,exodus_sae,False
com.oneplus.filemanager,abig_sae,True
,exodus_ae,False
,exodus_vae,False
,apd_vae,False
,exodus_sae,False
com.google.android.apps.books,abig_ae,True
com.oneplus.filemanager,apd_ae,False
,abig_vae,False
com.google.android.videos,apd_sae,False
,exodus_ae,False
com.fluidtouch.noteshelf2,apd_vae,False
,abig_sae,False
,apd_ae,False
com.supersport.android.phone,exodus_vae,False
com.fluidtouch.noteshelf2,abig_vae,False
com.biztory,abig_ae,True
,exodus_sae,False
com.google.android.apps.books,apd_sae,False
com.supersport.android.phone,abig_sae,False
com.oneplus.filemanager,apd_vae,False
,exodus_ae,False
com.google.android.videos,exodus_vae,False
com.oneplus.filemanager,abig_vae,True
com.supersport.android.phone,apd_ae,False
com.biztory,apd_sae,False
,exodus_sae,False
com.google.android.dialer,abig_ae,True
com.google.android.videos,abig_sae,True
com.google.android.videos,apd_ae,False
,apd_vae,False
com.google.android.apps.books,exodus_vae,False
com.fluidtouch.noteshelf2,exodus_ae,False
com.google.android.dialer,apd_sae,True
,abig_vae,False
com.fluidtouch.noteshelf2,exodus_sae,False
,abig_ae,False
com.google.android.apps.books,apd_ae,False
com.google.android.apps.books,abig_sae,True
com.supersport.android.phone,apd_vae,False
com.biztory,exodus_vae,False
com.oneplus.filemanager,exodus_sae,True
com.oneplus.filemanager,exodus_ae,True
com.supersport.android.phone,abig_vae,False
,apd_sae,False
com.yvisherve.faba_app,abig_ae,True
com.biztory,abig_sae,True
com.biztory,apd_ae,False
com.google.android.videos,apd_vae,False
com.google.android.videos,abig_vae,True
com.google.android.dialer,exodus_vae,True
,exodus_sae,False
,exodus_ae,False
com.yvisherve.faba_app,apd_sae,False
,abig_ae,False
com.google.android.dialer,abig_sae,True
com.google.android.apps.books,apd_vae,False
com.google.android.dialer,apd_ae,True
com.google.android.apps.books,abig_vae,True
com.supersport.android.phone,exodus_sae,False
,apd_sae,False
com.supersport.android.phone,exodus_ae,False
,exodus_vae,False
com.oneplus.canvasresources,abig_ae,False
,abig_sae,False
,apd_ae,False
com.biztory,abig_vae,True
com.biztory,apd_vae,False
com.google.android.videos,exodus_ae,True
com.oneplus.canvasresources,apd_sae,False
com.google.android.videos,exodus_sae,True
com.yvisherve.faba_app,exodus_vae,False
com.google.android.dialer,abig_vae,True
,abig_ae,False
com.yvisherve.faba_app,abig_sae,False
com.yvisherve.faba_app,apd_ae,False
com.google.android.dialer,apd_vae,True
,apd_sae,False
com.google.android.apps.books,exodus_ae,False
com.google.android.apps.books,exodus_sae,False
,exodus_vae,False
,abig_vae,False
,apd_vae,False
,abig_sae,False
,apd_ae,False
com.google.android.projection.gearhead,abig_ae,True
com.biztory,exodus_ae,False
com.google.android.projection.gearhead,apd_sae,False
com.biztory,exodus_sae,False
com.oneplus.canvasresources,exodus_vae,False
com.yvisherve.faba_app,abig_vae,False
com.oneplus.canvasresources,abig_sae,False
com.yvisherve.faba_app,apd_vae,False
com.google.android.dialer,exodus_ae,True
net.sugar.mypasswords,abig_ae,True
com.google.android.dialer,exodus_sae,True
com.oneplus.canvasresources,apd_ae,False
net.sugar.mypasswords,apd_sae,False
,abig_sae,False
,exodus_vae,False
,abig_vae,False
,exodus_ae,False
,abig_ae,False
,exodus_sae,False
,apd_vae,False
,apd_sae,False
,apd_ae,False
com.google.android.projection.gearhead,exodus_vae,True
com.google.android.projection.gearhead,abig_sae,True
com.oneplus.canvasresources,abig_vae,False
com.yvisherve.faba_app,exodus_ae,False
,abig_ae,False
com.yvisherve.faba_app,exodus_sae,False
com.google.android.projection.gearhead,apd_ae,True
com.oneplus.canvasresources,apd_vae,False
net.sugar.mypasswords,exodus_vae,False
,apd_sae,False
net.sugar.mypasswords,abig_sae,True
,abig_vae,False
,exodus_ae,False
,exodus_sae,False
ru.yandex.searchplugin,abig_ae,True
,apd_vae,False
net.sugar.mypasswords,apd_ae,False
,exodus_vae,False
ru.yandex.searchplugin,apd_sae,False
com.google.android.projection.gearhead,abig_vae,True
,abig_sae,False
com.oneplus.canvasresources,exodus_ae,False
com.oneplus.canvasresources,exodus_sae,False
com.google.android.projection.gearhead,apd_vae,False
com.huawei.phoneservice,apd_sae,False
com.huawei.phoneservice,abig_ae,True
,exodus_vae,False
,apd_ae,False
net.sugar.mypasswords,abig_vae,False
,abig_sae,False
,exodus_ae,False
,apd_sae,False
net.sugar.mypasswords,apd_vae,False
,exodus_sae,False
ru.yandex.searchplugin,exodus_vae,True
,abig_ae,False
,apd_ae,False
com.google.android.projection.gearhead,exodus_ae,True
ru.yandex.searchplugin,abig_sae,True
,abig_vae,False
com.google.android.projection.gearhead,exodus_sae,True
com.huawei.phoneservice,exodus_vae,True
,apd_vae,False
com.amazon.kindle,apd_sae,False
com.amazon.kindle,abig_ae,True
com.huawei.phoneservice,abig_sae,True
net.sugar.mypasswords,exodus_ae,False
ru.yandex.searchplugin,apd_ae,False
,abig_vae,False
net.sugar.mypasswords,exodus_sae,False
,apd_vae,False
,exodus_vae,False
com.sonyericsson.extras.liveware,abig_ae,True
com.sonyericsson.extras.liveware,apd_sae,False
,abig_sae,False
com.huawei.phoneservice,apd_ae,False
,exodus_ae,False
ru.yandex.searchplugin,apd_vae,False
ru.yandex.searchplugin,abig_vae,True
com.hicloud.android.clone,apd_sae,False
,exodus_sae,False
com.amazon.kindle,exodus_vae,True
com.hicloud.android.clone,abig_ae,True
,apd_ae,False
com.amazon.kindle,abig_sae,True
com.huawei.phoneservice,apd_vae,False
com.huawei.phoneservice,abig_vae,True
,exodus_ae,False
,apd_sae,False
,exodus_sae,False
com.sonyericsson.extras.liveware,exodus_vae,True
com.amazon.kindle,apd_ae,True
,abig_ae,False
com.sonyericsson.extras.liveware,abig_sae,True
,abig_vae,False
,apd_vae,False
ru.yandex.searchplugin,exodus_ae,True
ru.yandex.searchplugin,exodus_sae,True
,apd_sae,False
com.hicloud.android.clone,exodus_vae,True
com.hicloud.android.clone,abig_sae,True
com.sonyericsson.extras.liveware,apd_ae,True
com.amazon.kindle,abig_vae,True
,abig_ae,False
com.amazon.kindle,apd_vae,False
com.huawei.phoneservice,exodus_sae,True
com.google.android.googlequicksearchbox,apd_sae,True
com.huawei.phoneservice,exodus_ae,True
,abig_sae,False
,exodus_vae,False
com.sonyericsson.extras.liveware,abig_vae,True
com.hicloud.android.clone,apd_ae,True
com.google.android.googlequicksearchbox,abig_ae,True
,exodus_sae,False
com.sonyericsson.extras.liveware,apd_vae,True
,exodus_ae,False
,abig_sae,False
com.tdg.trueid.ph,apd_sae,False
,exodus_vae,False
com.hicloud.android.clone,abig_vae,True
com.amazon.kindle,exodus_sae,True
com.tdg.trueid.ph,abig_ae,True
com.hicloud.android.clone,apd_vae,True
,apd_ae,False
com.amazon.kindle,exodus_ae,True
,apd_sae,False
com.google.android.googlequicksearchbox,abig_sae,True
com.google.android.googlequicksearchbox,exodus_vae,True
,apd_vae,False
com.sonyericsson.extras.liveware,exodus_sae,True
,abig_vae,False
,abig_ae,False
,apd_ae,False
net.oneplus.launcher,apd_sae,False
com.sonyericsson.extras.liveware,exodus_ae,True
com.tdg.trueid.ph,abig_sae,True
com.tdg.trueid.ph,exodus_vae,False
,abig_vae,False
com.hicloud.android.clone,exodus_sae,True
,apd_vae,False
net.oneplus.launcher,abig_ae,True
,apd_sae,False
com.google.android.googlequicksearchbox,apd_ae,True
com.hicloud.android.clone,exodus_ae,True
,abig_sae,False
,exodus_vae,False
com.google.android.googlequicksearchbox,abig_vae,True
,exodus_sae,False
com.google.android.googlequicksearchbox,apd_vae,True
,abig_ae,False
com.tdg.trueid.ph,apd_ae,False
net.oneplus.launcher,abig_sae,True
,exodus_ae,False
com.android.chrome,apd_sae,False
net.oneplus.launcher,exodus_vae,True
,exodus_sae,False
com.tdg.trueid.ph,abig_vae,True
,abig_sae,False
com.android.chrome,abig_ae,True
com.tdg.trueid.ph,apd_vae,False
,exodus_ae,False
com.twitter.android,apd_sae,False
,apd_ae,False
,exodus_vae,False
com.google.android.googlequicksearchbox,exodus_sae,True
,abig_vae,False
com.android.chrome,abig_sae,True
com.twitter.android,abig_ae,True
,apd_vae,False
com.miui.player,apd_sae,False
com.google.android.googlequicksearchbox,exodus_ae,True
com.android.chrome,exodus_vae,True
com.tdg.trueid.ph,exodus_sae,False
net.oneplus.launcher,apd_ae,False
net.oneplus.launcher,abig_vae,True
com.twitter.android,abig_sae,True
com.miui.player,abig_ae,True
com.tdg.trueid.ph,exodus_ae,False
com.twitter.android,exodus_vae,True
net.oneplus.launcher,apd_vae,False
,exodus_sae,False
,apd_sae,False
,apd_ae,False
,abig_vae,False
com.miui.player,abig_sae,True
net.oneplus.launcher,exodus_sae,True
,abig_ae,False
com.miui.player,exodus_vae,True
com.oneplus.gamespace,apd_sae,False
,exodus_ae,False
,apd_vae,False
com.android.chrome,apd_ae,True
com.android.chrome,abig_vae,True
,abig_sae,False
,exodus_sae,False
com.oneplus.gamespace,abig_ae,True
,apd_sae,False
,exodus_vae,False
net.oneplus.launcher,exodus_ae,True
com.android.chrome,apd_vae,False
com.twitter.android,abig_vae,True
com.twitter.android,apd_ae,True
com.android.chrome,exodus_sae,True
com.oneplus.gamespace,abig_sae,True
com.ojisan.project.breadweighing,apd_sae,False
,abig_ae,False
com.oneplus.gamespace,exodus_vae,False
,exodus_ae,False
com.miui.player,apd_ae,True
com.miui.player,abig_vae,True
com.twitter.android,apd_vae,True
com.twitter.android,exodus_sae,True
,abig_sae,False
,exodus_vae,False
,apd_sae,False
com.ojisan.project.breadweighing,abig_ae,True
,abig_vae,False
com.android.chrome,exodus_ae,True
com.miui.player,apd_vae,False
com.ojisan.project.breadweighing,exodus_vae,False
,apd_ae,False
com.ojisan.project.breadweighing,abig_sae,True
,apd_sae,False
com.miui.player,exodus_sae,True
,abig_ae,False
com.oneplus.gamespace,abig_vae,True
,exodus_vae,False
,apd_vae,False
com.oneplus.gamespace,apd_ae,False
,apd_sae,False
com.twitter.android,exodus_ae,True
,exodus_sae,False
,abig_sae,False
,abig_ae,False
com.oneplus.gamespace,apd_vae,False
,exodus_vae,False
,abig_vae,False
com.huawei.android.thememanager,apd_sae,False
,abig_sae,False
,apd_ae,False
com.oneplus.gamespace,exodus_sae,False
com.miui.player,exodus_ae,True
,apd_vae,False
,abig_ae,False
com.ojisan.project.breadweighing,abig_vae,True
,exodus_vae,False
com.ojisan.project.breadweighing,apd_ae,False
,apd_sae,False
,abig_sae,False
,exodus_ae,False
com.huawei.android.thememanager,abig_ae,True
,exodus_sae,False
com.ojisan.project.breadweighing,apd_vae,False
,abig_vae,False
com.huawei.android.thememanager,exodus_vae,True
com.huawei.android.thememanager,abig_sae,True
com.oneplus.gamespace,exodus_ae,False
,abig_ae,False
,apd_ae,False
com.mi.android.globalminusscreen,apd_sae,False
,apd_vae,False
com.ojisan.project.breadweighing,exodus_sae,False
,exodus_vae,False
,abig_vae,False
,exodus_ae,False
com.google.android.contacts,apd_sae,False
,apd_vae,False
,apd_ae,False
com.mi.android.globalminusscreen,abig_ae,True
,exodus_sae,False
,abig_sae,False
com.mi.android.globalminusscreen,exodus_vae,True
com.ojisan.project.breadweighing,exodus_ae,False
,abig_vae,False
,exodus_sae,False
,apd_ae,False
,apd_sae,False
com.google.android.contacts,abig_ae,True
,apd_vae,False
com.google.android.contacts,exodus_vae,True
com.mi.android.globalminusscreen,abig_sae,True
,exodus_ae,False
com.huawei.android.thememanager,abig_vae,True
,abig_ae,False
com.huawei.android.thememanager,apd_vae,False
com.google.android.apps.wallpaper,apd_sae,False
,exodus_vae,False
com.google.android.contacts,abig_sae,True
,exodus_sae,False
com.huawei.android.thememanager,apd_ae,True
,exodus_ae,False
,abig_vae,False
com.sony.nfx.app.sfrc,apd_sae,False
com.google.android.apps.wallpaper,abig_ae,True
,apd_ae,False
,apd_vae,False
com.google.android.apps.wallpaper,exodus_vae,False
,abig_sae,False
,exodus_ae,False
com.huawei.android.thememanager,exodus_sae,True
,apd_sae,False
com.mi.android.globalminusscreen,apd_ae,True
com.sony.nfx.app.sfrc,abig_ae,True
com.google.android.apps.wallpaper,abig_sae,True
com.mi.android.globalminusscreen,apd_vae,True
com.sony.nfx.app.sfrc,exodus_vae,False
com.mi.android.globalminusscreen,abig_vae,True
,exodus_sae,False
,apd_sae,False
com.huawei.android.thememanager,exodus_ae,True
com.google.android.contacts,apd_vae,False
,abig_ae,False
,exodus_vae,False
com.google.android.contacts,abig_vae,True
com.sony.nfx.app.sfrc,abig_sae,True
com.google.android.contacts,apd_ae,True
,exodus_ae,False
,apd_sae,False
com.mi.android.globalminusscreen,exodus_sae,True
,exodus_vae,False
,abig_vae,False
,abig_ae,False
,abig_sae,False
,apd_vae,False
com.mi.android.globalminusscreen,exodus_ae,True
,apd_ae,False
com.google.android.contacts,exodus_sae,True
com.google.android.calculator,apd_sae,False
,exodus_vae,False
com.google.android.apps.wallpaper,abig_vae,True
,abig_ae,False
com.google.android.apps.wallpaper,apd_vae,False
,abig_sae,False
com.google.android.contacts,exodus_ae,True
com.google.android.apps.wallpaper,apd_ae,False
,exodus_sae,False
com.whatsapp,apd_sae,False
com.sony.nfx.app.sfrc,abig_vae,True
com.google.android.calculator,exodus_vae,False
com.google.android.calculator,abig_ae,True
com.sony.nfx.app.sfrc,apd_vae,False
,abig_sae,False
com.sony.nfx.app.sfrc,apd_ae,False
,exodus_ae,False
,apd_sae,False
,abig_vae,False
com.google.android.apps.wallpaper,exodus_sae,False
com.whatsapp,exodus_vae,True
com.google.android.calculator,abig_sae,True
com.whatsapp,abig_ae,True
,apd_vae,False
,apd_ae,False
com.google.android.apps.wallpaper,exodus_ae,False
com.google.android.tts,apd_sae,False
com.sony.nfx.app.sfrc,exodus_sae,False
,abig_vae,False
,exodus_vae,False
com.whatsapp,abig_sae,True
,abig_ae,False
,apd_vae,False
,apd_ae,False
com.sonyericsson.xhs,apd_sae,False
com.sony.nfx.app.sfrc,exodus_ae,True
,exodus_sae,False
,abig_vae,False
com.google.android.tts,exodus_vae,False
,abig_sae,False
hr.infinum.mojvip,apd_sae,False
,apd_vae,False
com.google.android.tts,abig_ae,True
,exodus_ae,False
,apd_ae,False
,exodus_sae,False
com.sonyericsson.xhs,exodus_vae,True
com.google.android.calculator,abig_vae,True
com.google.android.tts,abig_sae,True
,exodus_ae,False
com.sonyericsson.xhs,abig_ae,True
com.google.android.calculator,apd_vae,False
com.sec.android.app.shealth,apd_sae,False
hr.infinum.mojvip,exodus_vae,False
,exodus_sae,False
com.google.android.calculator,apd_ae,False
com.whatsapp,abig_vae,True
com.sonyericsson.xhs,abig_sae,True
,apd_sae,False
,exodus_ae,False
com.whatsapp,apd_vae,True
hr.infinum.mojvip,abig_ae,True
com.google.android.calculator,exodus_sae,False
com.whatsapp,apd_ae,True
,abig_vae,False
com.sec.android.app.shealth,exodus_vae,True
com.google.android.calculator,exodus_ae,False
hr.infinum.mojvip,abig_sae,True
com.sec.android.app.shealth,abig_ae,True
,apd_sae,False
,apd_ae,False
com.whatsapp,exodus_sae,True
,apd_vae,False
com.google.android.tts,abig_vae,True
com.whatsapp,exodus_ae,True
,exodus_vae,False
,abig_ae,False
com.sec.android.app.shealth,abig_sae,True
deezer.android.app,apd_sae,False
,exodus_sae,False
com.google.android.tts,apd_ae,False
com.sonyericsson.xhs,abig_vae,True
com.google.android.tts,apd_vae,False
,exodus_ae,False
com.miui.android.fashiongallery,apd_sae,False
,abig_ae,False
,exodus_vae,False
com.google.android.tts,exodus_sae,False
hr.infinum.mojvip,abig_vae,True
,abig_sae,False
com.sonyericsson.xhs,apd_ae,True
com.sonyericsson.xhs,apd_vae,False
com.google.android.tts,exodus_ae,False
,apd_sae,False
deezer.android.app,abig_ae,True
,abig_sae,False
com.sec.android.app.shealth,abig_vae,True
com.sonyericsson.xhs,exodus_sae,True
deezer.android.app,exodus_vae,False
hr.infinum.mojvip,apd_ae,False
hr.infinum.mojvip,apd_vae,False
com.blocksi.parent,apd_sae,False
com.sonyericsson.xhs,exodus_ae,True
com.miui.android.fashiongallery,exodus_vae,False
hr.infinum.mojvip,exodus_sae,True
com.miui.android.fashiongallery,abig_ae,True
com.sec.android.app.shealth,apd_ae,False
,abig_vae,False
deezer.android.app,abig_sae,True
com.sec.android.app.shealth,apd_vae,False
,apd_sae,False
hr.infinum.mojvip,exodus_ae,True
com.sec.android.app.shealth,exodus_sae,True
,abig_ae,False
,exodus_vae,False
,apd_ae,False
com.google.android.music,apd_sae,False
com.miui.android.fashiongallery,abig_sae,True
,apd_vae,False
,abig_vae,False
com.sec.android.app.shealth,exodus_ae,True
,exodus_sae,False
com.blocksi.parent,exodus_vae,False
,apd_sae,False
com.blocksi.parent,abig_ae,True
,abig_sae,False
deezer.android.app,abig_vae,True
,apd_vae,False
,apd_ae,False
,abig_ae,False
,apd_sae,False
,exodus_ae,False
,exodus_sae,False
,exodus_vae,False
deezer.android.app,apd_ae,False
com.blocksi.parent,abig_sae,True
com.miui.android.fashiongallery,abig_vae,True
deezer.android.app,apd_vae,False
,exodus_ae,False
deezer.android.app,exodus_sae,False
com.google.android.music,abig_ae,True
com.oneplus.iconpack.square,apd_sae,False
com.google.android.music,exodus_vae,True
,abig_sae,False
,abig_vae,False
deezer.android.app,exodus_ae,True
com.miui.android.fashiongallery,apd_vae,False
com.miui.android.fashiongallery,apd_ae,False
com.miui.android.fashiongallery,exodus_sae,False
,abig_ae,False
,exodus_vae,False
com.ubanksu,apd_sae,False
com.google.android.music,abig_sae,True
,apd_vae,False
,apd_ae,False
com.blocksi.parent,abig_vae,True
com.miui.android.fashiongallery,exodus_ae,True
,exodus_sae,False
,exodus_vae,False
,abig_ae,False
,apd_sae,False
,abig_sae,False
,abig_vae,False
,exodus_ae,False
com.blocksi.parent,apd_vae,False
com.blocksi.parent,apd_ae,False
com.blocksi.parent,exodus_sae,False
com.oneplus.iconpack.square,exodus_vae,False
com.oneplus.iconpack.square,abig_ae,False
com.asus.contacts,apd_sae,False
,abig_sae,False
,apd_ae,False
com.blocksi.parent,exodus_ae,False
com.google.android.music,abig_vae,True
,apd_vae,False
com.ubanksu,exodus_vae,True
,exodus_sae,False
com.ubanksu,abig_ae,True
com.google.android.apps.youtube.music,apd_sae,False
com.google.android.music,apd_ae,False
com.oneplus.iconpack.square,abig_sae,False
,exodus_ae,False
com.google.android.music,apd_vae,False
,abig_vae,False
,exodus_vae,False
,abig_ae,False
com.google.android.music,exodus_sae,True
,apd_sae,False
com.ubanksu,abig_sae,True
,apd_ae,False
com.google.android.music,exodus_ae,True
,apd_vae,False
com.asus.contacts,exodus_vae,True
com.asus.contacts,abig_ae,True
,abig_vae,False
,exodus_sae,False
,abig_sae,False
,apd_ae,False
,apd_vae,False
,exodus_ae,False
com.google.android.apps.youtube.music,exodus_vae,True
com.google.android.apps.youtube.music,abig_ae,True
,exodus_sae,False
com.oneplus.iconpack.square,abig_vae,False
com.oneplus.iconpack.square,apd_ae,False
,exodus_ae,False
com.asus.contacts,abig_sae,True
com.oneplus.iconpack.square,apd_vae,False
,exodus_vae,False
com.oneplus.iconpack.square,exodus_sae,False
,abig_ae,False
com.ubanksu,apd_ae,False
com.ubanksu,abig_vae,True
com.oneplus.iconpack.square,exodus_ae,False
com.ubanksu,apd_vae,False
com.google.android.apps.youtube.music,abig_sae,True
com.ubanksu,exodus_sae,True
,abig_vae,False
,apd_ae,False
com.ubanksu,exodus_ae,True
,apd_vae,False
,abig_sae,False
,exodus_sae,False
com.asus.contacts,abig_vae,True
com.asus.contacts,apd_ae,True
,exodus_ae,False
com.asus.contacts,apd_vae,True
com.asus.contacts,exodus_sae,True
com.google.android.apps.youtube.music,abig_vae,True
com.google.android.apps.youtube.music,apd_ae,True
com.asus.contacts,exodus_ae,True
com.google.android.apps.youtube.music,apd_vae,False
com.google.android.apps.youtube.music,exodus_sae,True
,apd_ae,False
,abig_vae,False
,apd_vae,False
com.google.android.apps.youtube.music,exodus_ae,True
,exodus_sae,False
,exodus_ae,False
com.google.android.ims,abig_sae,True
com.google.android.ims,apd_vae,False
com.google.android.ims,apd_sae,False
com.google.android.ims,abig_ae,True
com.google.android.ims,exodus_vae,True
com.google.android.ims,exodus_sae,True
com.google.android.ims,apd_ae,False
com.google.android.ims,exodus_ae,True
com.netflix.mediaclient,abig_sae,False
com.google.android.ims,abig_vae,True
com.netflix.mediaclient,abig_ae,False
com.netflix.mediaclient,apd_vae,False
com.netflix.mediaclient,apd_ae,False
com.netflix.mediaclient,exodus_vae,False
com.netflix.mediaclient,apd_sae,False
com.netflix.mediaclient,exodus_sae,False
com.netflix.mediaclient,exodus_ae,False
mercado.com,abig_sae,False
com.netflix.mediaclient,abig_vae,False
mercado.com,abig_ae,True
mercado.com,apd_vae,False
mercado.com,apd_ae,False
mercado.com,apd_sae,False
mercado.com,exodus_vae,False
mercado.com,exodus_sae,False
mercado.com,exodus_ae,False
mercado.com,abig_vae,False
it.telecomitalia.centodiciannove,abig_ae,True
it.telecomitalia.centodiciannove,abig_sae,True
it.telecomitalia.centodiciannove,apd_ae,False
it.telecomitalia.centodiciannove,apd_vae,False
it.telecomitalia.centodiciannove,exodus_sae,True
it.telecomitalia.centodiciannove,abig_vae,True
it.telecomitalia.centodiciannove,apd_sae,False
it.telecomitalia.centodiciannove,exodus_vae,False
it.telecomitalia.centodiciannove,exodus_ae,True
com.oneplus.note,abig_ae,True
com.oneplus.note,apd_ae,False
com.oneplus.note,abig_sae,True
com.oneplus.note,apd_vae,False
com.oneplus.note,apd_sae,False
com.oneplus.note,exodus_ae,True
com.oneplus.note,exodus_vae,False
com.oneplus.note,exodus_sae,True
com.oneplus.note,abig_vae,True
com.miui.android.fashiongallery,apd_ae,False
com.miui.android.fashiongallery,abig_ae,True
com.miui.android.fashiongallery,apd_vae,False
com.miui.android.fashiongallery,exodus_ae,True
com.miui.android.fashiongallery,abig_sae,True
com.miui.android.fashiongallery,apd_sae,False
com.miui.android.fashiongallery,exodus_sae,False
com.miui.android.fashiongallery,exodus_vae,False
com.miui.android.fashiongallery,abig_vae,True
com.samsung.android.app.watchmanager,abig_ae,True
com.samsung.android.app.watchmanager,apd_ae,True
com.samsung.android.app.watchmanager,exodus_ae,True
com.samsung.android.app.watchmanager,apd_vae,False
com.samsung.android.app.watchmanager,apd_sae,False
com.samsung.android.app.watchmanager,abig_sae,True
com.samsung.android.app.watchmanager,exodus_sae,True
com.samsung.ecomm.global.in,apd_ae,False
com.samsung.android.app.watchmanager,exodus_vae,True
com.samsung.android.app.watchmanager,abig_vae,True
com.samsung.ecomm.global.in,abig_ae,True
com.samsung.ecomm.global.in,exodus_ae,False
com.samsung.ecomm.global.in,apd_vae,False
com.samsung.ecomm.global.in,abig_sae,True
com.samsung.ecomm.global.in,apd_sae,False
com.samsung.ecomm.global.in,exodus_sae,False
de.axelspringer.yana.zeropage,apd_ae,False
com.samsung.ecomm.global.in,abig_vae,True
com.samsung.ecomm.global.in,exodus_vae,False
de.axelspringer.yana.zeropage,exodus_ae,True
de.axelspringer.yana.zeropage,abig_ae,True
de.axelspringer.yana.zeropage,apd_vae,False
de.axelspringer.yana.zeropage,abig_sae,True
de.axelspringer.yana.zeropage,apd_sae,False
com.scee.psxandroid,apd_ae,False
com.scee.psxandroid,exodus_ae,True
de.axelspringer.yana.zeropage,abig_vae,True
com.scee.psxandroid,abig_ae,True
de.axelspringer.yana.zeropage,exodus_vae,True
de.axelspringer.yana.zeropage,exodus_sae,True
com.scee.psxandroid,apd_vae,False
com.scee.psxandroid,abig_sae,True
com.sec.chaton,abig_ae,True
com.sec.chaton,apd_ae,True
com.sec.chaton,exodus_ae,True
com.scee.psxandroid,apd_sae,False
com.scee.psxandroid,exodus_sae,False
com.scee.psxandroid,exodus_vae,False
com.scee.psxandroid,abig_vae,True
com.sec.chaton,apd_vae,True
com.sec.chaton,abig_sae,True
com.google.android.music,abig_ae,True
com.google.android.music,exodus_ae,True
com.google.android.music,apd_ae,False
com.sec.chaton,apd_sae,False
com.sec.chaton,exodus_sae,True
com.google.android.music,abig_sae,True
com.sec.chaton,exodus_vae,True
com.sec.chaton,abig_vae,True
com.google.android.music,apd_vae,False
net.oneplus.launcher,exodus_ae,True
net.oneplus.launcher,apd_ae,False
net.oneplus.launcher,abig_ae,True
com.google.android.music,abig_vae,True
com.google.android.music,apd_sae,False
net.oneplus.launcher,abig_sae,True
com.google.android.music,exodus_vae,True
com.google.android.music,exodus_sae,True
net.oneplus.launcher,apd_vae,False
com.samsung.android.spay,apd_ae,False
com.samsung.android.spay,abig_ae,True
com.samsung.android.spay,exodus_ae,True
net.oneplus.launcher,abig_vae,True
net.oneplus.launcher,exodus_vae,True
net.oneplus.launcher,apd_sae,False
com.samsung.android.spay,abig_sae,True
net.oneplus.launcher,exodus_sae,True
com.samsung.android.spay,apd_vae,False
com.sec.android.gallery3d,apd_ae,True
com.samsung.android.spay,abig_vae,True
com.sec.android.gallery3d,exodus_ae,True
com.sec.android.gallery3d,abig_ae,True
com.samsung.android.spay,apd_sae,False
com.samsung.android.spay,exodus_sae,True
com.sec.android.gallery3d,apd_vae,True
com.samsung.android.spay,exodus_vae,True
com.sec.android.gallery3d,abig_sae,True
com.ubanksu,apd_ae,False
com.sec.android.gallery3d,abig_vae,True
com.ubanksu,exodus_ae,True
com.ubanksu,apd_vae,False
com.ubanksu,abig_ae,True
com.sec.android.gallery3d,apd_sae,False
com.ubanksu,abig_sae,True
com.microsoft.appmanager,apd_ae,False
com.sec.android.gallery3d,exodus_vae,True
com.sec.android.gallery3d,exodus_sae,True
com.microsoft.appmanager,exodus_ae,False
com.ubanksu,abig_vae,True
com.microsoft.appmanager,abig_ae,True
com.microsoft.appmanager,apd_vae,False
com.ubanksu,apd_sae,False
com.ubanksu,exodus_vae,False
com.ubanksu,exodus_sae,True
net.sugar.mypasswords,apd_ae,False
com.microsoft.appmanager,abig_sae,True
net.sugar.mypasswords,exodus_ae,False
net.sugar.mypasswords,apd_vae,False
com.microsoft.appmanager,abig_vae,True
net.sugar.mypasswords,abig_ae,True
com.microsoft.appmanager,apd_sae,False
com.microsoft.appmanager,exodus_vae,False
com.microsoft.appmanager,exodus_sae,False
com.sonymobile.moviecreator.rmm,apd_ae,False
net.sugar.mypasswords,abig_sae,True
com.sonymobile.moviecreator.rmm,exodus_ae,True
com.sonymobile.moviecreator.rmm,apd_vae,False
net.sugar.mypasswords,abig_vae,True
com.sonymobile.moviecreator.rmm,abig_ae,True
net.sugar.mypasswords,exodus_sae,False
net.sugar.mypasswords,apd_sae,False
net.sugar.mypasswords,exodus_vae,False
com.sonymobile.moviecreator.rmm,abig_sae,True
com.mi.android.globallauncher,apd_ae,True
com.mi.android.globallauncher,apd_vae,False
com.mi.android.globallauncher,exodus_ae,True
com.sonymobile.moviecreator.rmm,abig_vae,True
com.mi.android.globallauncher,abig_ae,True
com.sonymobile.moviecreator.rmm,exodus_sae,True
com.mi.android.globallauncher,abig_sae,True
com.sonymobile.moviecreator.rmm,apd_sae,False
com.sonymobile.moviecreator.rmm,exodus_vae,False
com.miui.videoplayer,apd_ae,True
com.miui.videoplayer,apd_vae,True
com.miui.videoplayer,exodus_ae,True
com.mi.android.globallauncher,abig_vae,True
com.miui.videoplayer,abig_sae,True
com.mi.android.globallauncher,exodus_sae,True
com.miui.videoplayer,abig_ae,True
com.bloomberg.android.plus,apd_ae,False
com.mi.android.globallauncher,exodus_vae,True
com.mi.android.globallauncher,apd_sae,False
com.bloomberg.android.plus,exodus_ae,False
com.bloomberg.android.plus,apd_vae,False
com.miui.videoplayer,abig_vae,True
com.bloomberg.android.plus,abig_ae,True
com.miui.videoplayer,exodus_vae,True
com.bloomberg.android.plus,abig_sae,True
com.miui.videoplayer,exodus_sae,True
com.pixlr.express,apd_ae,False
com.miui.videoplayer,apd_sae,False
com.pixlr.express,exodus_ae,False
com.pixlr.express,apd_vae,False
com.pixlr.express,abig_ae,True
com.bloomberg.android.plus,exodus_sae,False
com.bloomberg.android.plus,abig_vae,True
com.bloomberg.android.plus,exodus_vae,False
com.pixlr.express,abig_sae,True
com.sec.android.app.voicenote,apd_ae,False
com.sec.android.app.voicenote,exodus_ae,True
com.sec.android.app.voicenote,apd_vae,False
com.bloomberg.android.plus,apd_sae,False
com.pixlr.express,abig_vae,True
com.pixlr.express,exodus_sae,False
com.sec.android.app.voicenote,abig_ae,True
com.sec.android.app.voicenote,abig_sae,True
com.sonymobile.backgrounddefocus,apd_vae,False
com.sonymobile.backgrounddefocus,exodus_ae,False
com.sonymobile.backgrounddefocus,apd_ae,False
com.pixlr.express,exodus_vae,False
com.pixlr.express,apd_sae,False
com.sec.android.app.voicenote,abig_vae,True
com.sec.android.app.voicenote,exodus_sae,True
com.sonymobile.backgrounddefocus,abig_ae,True
com.google.android.marvin.talkback,apd_vae,False
com.sonymobile.backgrounddefocus,abig_sae,True
com.google.android.marvin.talkback,exodus_ae,False
com.sec.android.app.voicenote,exodus_vae,True
com.google.android.marvin.talkback,apd_ae,False
com.sonymobile.backgrounddefocus,abig_vae,True
com.sec.android.app.voicenote,apd_sae,False
com.sonymobile.backgrounddefocus,exodus_sae,False
com.google.android.marvin.talkback,abig_ae,True
com.google.android.apps.docs.editors.sheets,apd_vae,False
com.google.android.marvin.talkback,abig_sae,True
com.google.android.apps.docs.editors.sheets,exodus_ae,True
com.google.android.marvin.talkback,abig_vae,True
com.google.android.apps.docs.editors.sheets,apd_ae,False
com.sonymobile.backgrounddefocus,exodus_vae,False
com.sonymobile.backgrounddefocus,apd_sae,False
com.google.android.marvin.talkback,exodus_sae,False
com.google.android.apps.docs.editors.sheets,abig_ae,True
com.google.android.youtube,apd_vae,True
com.google.android.apps.docs.editors.sheets,abig_sae,True
com.google.android.youtube,exodus_ae,True
com.google.android.apps.docs.editors.sheets,abig_vae,True
com.google.android.marvin.talkback,exodus_vae,False
com.google.android.youtube,apd_ae,True
com.google.android.apps.docs.editors.sheets,exodus_sae,True
com.google.android.marvin.talkback,apd_sae,False
com.sec.android.app.myfiles,exodus_ae,True
com.sec.android.app.myfiles,apd_vae,False
com.google.android.youtube,abig_sae,True
com.google.android.youtube,abig_ae,True
com.google.android.youtube,abig_vae,True
com.google.android.apps.docs.editors.sheets,exodus_vae,True
com.google.android.youtube,exodus_sae,True
com.sec.android.app.myfiles,apd_ae,False
com.google.android.apps.docs.editors.sheets,apd_sae,False
com.touchtype.swiftkey,exodus_ae,False
com.touchtype.swiftkey,apd_vae,False
com.sec.android.app.myfiles,abig_sae,True
com.sec.android.app.myfiles,abig_vae,True
com.sec.android.app.myfiles,abig_ae,True
com.google.android.youtube,exodus_vae,True
com.touchtype.swiftkey,apd_ae,False
com.sec.android.app.myfiles,exodus_sae,True
com.google.android.apps.walletnfcrel,exodus_ae,True
com.google.android.youtube,apd_sae,False
com.google.android.apps.walletnfcrel,apd_vae,False
com.touchtype.swiftkey,abig_sae,True
com.touchtype.swiftkey,abig_vae,True
com.touchtype.swiftkey,abig_ae,True
com.sec.android.app.myfiles,exodus_vae,True
com.google.android.apps.walletnfcrel,apd_ae,False
com.touchtype.swiftkey,exodus_sae,False
com.xiaomi.calendar,exodus_ae,True
com.xiaomi.calendar,apd_vae,False
com.sec.android.app.myfiles,apd_sae,False
com.google.android.apps.walletnfcrel,abig_vae,True
com.google.android.apps.walletnfcrel,abig_sae,True
com.touchtype.swiftkey,exodus_vae,False
com.xiaomi.calendar,apd_ae,False
com.google.android.apps.walletnfcrel,abig_ae,True
com.google.android.apps.walletnfcrel,exodus_sae,True
com.bluebloodapps.news,exodus_ae,False
com.bluebloodapps.news,apd_vae,False
com.xiaomi.calendar,abig_vae,True
com.xiaomi.calendar,abig_sae,True
com.touchtype.swiftkey,apd_sae,False
com.google.android.apps.walletnfcrel,exodus_vae,True
com.xiaomi.calendar,abig_ae,True
com.bluebloodapps.news,apd_ae,False
com.xiaomi.calendar,exodus_sae,True
com.bluebloodapps.news,abig_vae,False
com.asus.contacts,apd_vae,True
com.bluebloodapps.news,abig_sae,False
com.xiaomi.calendar,exodus_vae,True
com.google.android.apps.walletnfcrel,apd_sae,False
com.bluebloodapps.news,abig_ae,False
com.asus.contacts,exodus_ae,True
com.bluebloodapps.news,exodus_sae,False
com.asus.contacts,abig_vae,True
com.asus.contacts,apd_ae,True
com.opera.mini.android,apd_vae,False
com.asus.contacts,abig_ae,True
com.bluebloodapps.news,exodus_vae,False
com.asus.contacts,abig_sae,True
com.opera.mini.android,exodus_ae,False
com.xiaomi.calendar,apd_sae,False
com.asus.contacts,exodus_sae,True
com.opera.mini.android,abig_vae,True
com.korvac.liquid,apd_vae,False
com.opera.mini.android,abig_ae,True
com.opera.mini.android,apd_ae,False
com.asus.contacts,exodus_vae,True
com.korvac.liquid,exodus_ae,True
com.opera.mini.android,exodus_sae,False
com.opera.mini.android,abig_sae,True
com.bluebloodapps.news,apd_sae,False
com.facebook.orca,apd_vae,False
com.korvac.liquid,abig_vae,True
com.opera.mini.android,exodus_vae,False
com.korvac.liquid,apd_ae,True
com.korvac.liquid,abig_ae,True
com.korvac.liquid,abig_sae,True
com.asus.contacts,apd_sae,False
com.facebook.orca,exodus_ae,False
com.korvac.liquid,exodus_sae,True
com.oneplus.backuprestore,apd_vae,False
com.facebook.orca,abig_vae,False
com.korvac.liquid,exodus_vae,True
com.facebook.orca,apd_ae,False
com.facebook.orca,abig_sae,False
com.facebook.orca,abig_ae,True
com.facebook.orca,exodus_sae,False
com.ecareme.asuswebstorage,apd_vae,False
com.opera.mini.android,apd_sae,False
com.oneplus.backuprestore,exodus_ae,True
com.oneplus.backuprestore,abig_vae,True
com.facebook.orca,exodus_vae,False
com.oneplus.backuprestore,apd_ae,False
com.oneplus.backuprestore,abig_ae,True
com.oneplus.backuprestore,abig_sae,True
com.oneplus.backuprestore,exodus_sae,True
com.korvac.liquid,apd_sae,True
com.ecareme.asuswebstorage,abig_vae,True
ch.ecosoft.keepup,apd_vae,False
com.oneplus.backuprestore,exodus_vae,True
com.ecareme.asuswebstorage,exodus_ae,True
com.ecareme.asuswebstorage,apd_ae,False
com.ecareme.asuswebstorage,abig_ae,True
com.ecareme.asuswebstorage,abig_sae,True
com.facebook.orca,apd_sae,False
com.ecareme.asuswebstorage,exodus_sae,False
ch.ecosoft.keepup,exodus_ae,False
ch.ecosoft.keepup,abig_vae,True
com.sec.android.app.shealth,apd_vae,False
com.ecareme.asuswebstorage,exodus_vae,False
ch.ecosoft.keepup,apd_ae,False
ch.ecosoft.keepup,abig_ae,True
ch.ecosoft.keepup,abig_sae,True
com.oneplus.backuprestore,apd_sae,False
ch.ecosoft.keepup,exodus_sae,False
com.sec.android.app.shealth,exodus_ae,True
com.sec.android.app.shealth,abig_vae,True
com.sec.android.app.shealth,apd_ae,False
com.asus.asusincallui,apd_vae,False
ch.ecosoft.keepup,exodus_vae,False
com.sec.android.app.shealth,abig_ae,True
com.asus.asusincallui,exodus_ae,True
com.sec.android.app.shealth,exodus_sae,True
com.sec.android.app.shealth,abig_sae,True
com.asus.asusincallui,apd_ae,True
com.asus.asusincallui,abig_vae,True
com.ecareme.asuswebstorage,apd_sae,False
com.tdg.trueid.ph,apd_vae,False
com.sec.android.app.shealth,exodus_vae,True
com.asus.asusincallui,abig_ae,True
com.tdg.trueid.ph,exodus_ae,False
com.asus.asusincallui,abig_sae,True
com.tdg.trueid.ph,abig_vae,True
com.asus.asusincallui,exodus_sae,True
com.tdg.trueid.ph,apd_ae,False
ch.ecosoft.keepup,apd_sae,False
com.sonymobile.androidapp.cameraaddon.areffect,apd_vae,False
com.asus.asusincallui,exodus_vae,True
com.tdg.trueid.ph,abig_ae,True
com.sonymobile.androidapp.cameraaddon.areffect,exodus_ae,False
com.sonymobile.androidapp.cameraaddon.areffect,abig_vae,True
com.tdg.trueid.ph,abig_sae,True
com.sec.android.app.shealth,apd_sae,False
com.singtel.mysingtel,apd_vae,False
com.sonymobile.androidapp.cameraaddon.areffect,apd_ae,False
com.tdg.trueid.ph,exodus_sae,False
com.tdg.trueid.ph,exodus_vae,False
com.sonymobile.androidapp.cameraaddon.areffect,abig_ae,True
com.singtel.mysingtel,exodus_ae,True
com.sonymobile.androidapp.cameraaddon.areffect,abig_sae,True
com.singtel.mysingtel,apd_ae,True
com.singtel.mysingtel,abig_vae,True
com.realme.link,apd_vae,True
com.sonymobile.androidapp.cameraaddon.areffect,exodus_sae,False
com.sonymobile.androidapp.cameraaddon.areffect,exodus_vae,False
com.asus.asusincallui,apd_sae,False
com.singtel.mysingtel,abig_ae,True
com.realme.link,exodus_ae,True
com.singtel.mysingtel,abig_sae,True
com.realme.link,apd_ae,True
com.locationchanger,apd_vae,False
com.singtel.mysingtel,exodus_sae,True
com.tdg.trueid.ph,apd_sae,False
com.realme.link,abig_vae,True
com.singtel.mysingtel,exodus_vae,True
com.realme.link,abig_ae,True
com.locationchanger,exodus_ae,True
com.realme.link,abig_sae,True
io.zotto.linkpay,apd_vae,False
com.locationchanger,apd_ae,False
com.sonymobile.androidapp.cameraaddon.areffect,apd_sae,False
com.locationchanger,abig_vae,True
com.realme.link,exodus_sae,True
com.realme.link,exodus_vae,True
com.locationchanger,abig_ae,True
io.zotto.linkpay,exodus_ae,True
com.locationchanger,abig_sae,True
com.singtel.mysingtel,apd_sae,True
com.generalmobile.assistant,apd_vae,False
io.zotto.linkpay,apd_ae,False
io.zotto.linkpay,abig_vae,True
com.locationchanger,exodus_sae,False
io.zotto.linkpay,abig_ae,True
com.locationchanger,exodus_vae,False
com.generalmobile.assistant,apd_ae,True
com.realme.link,apd_sae,False
io.zotto.linkpay,abig_sae,True
com.generalmobile.assistant,exodus_ae,True
com.generalmobile.assistant,abig_vae,True
com.asus.calculator,apd_vae,False
io.zotto.linkpay,exodus_sae,False
com.generalmobile.assistant,abig_ae,True
io.zotto.linkpay,exodus_vae,False
com.asus.calculator,apd_ae,False
com.generalmobile.assistant,abig_sae,True
com.locationchanger,apd_sae,False
kr.co.wschurch.m,apd_vae,False
com.asus.calculator,exodus_ae,False
com.generalmobile.assistant,exodus_sae,True
com.asus.calculator,abig_vae,True
com.asus.calculator,abig_ae,True
com.generalmobile.assistant,exodus_vae,True
kr.co.wschurch.m,apd_ae,False
com.asus.calculator,abig_sae,True
kr.co.wschurch.m,exodus_ae,False
com.asus.calculator,exodus_sae,False
kr.co.wschurch.m,abig_vae,False
com.sony.nfx.app.sfrc,apd_vae,False
io.zotto.linkpay,apd_sae,False
com.asus.calculator,exodus_vae,False
kr.co.wschurch.m,abig_ae,True
kr.co.wschurch.m,abig_sae,False
com.sony.nfx.app.sfrc,apd_ae,False
com.sony.nfx.app.sfrc,exodus_ae,True
kr.co.wschurch.m,exodus_sae,False
com.sony.nfx.app.sfrc,abig_vae,True
com.sonyericsson.xhs,apd_vae,False
com.generalmobile.assistant,apd_sae,False
com.sony.nfx.app.sfrc,abig_ae,True
com.sony.nfx.app.sfrc,abig_sae,True
com.sonyericsson.xhs,apd_ae,True
kr.co.wschurch.m,exodus_vae,False
com.sonyericsson.xhs,exodus_ae,True
com.blocksi.parent,apd_vae,False
com.sonyericsson.xhs,abig_vae,True
com.sony.nfx.app.sfrc,exodus_sae,False
com.sonyericsson.xhs,abig_ae,True
com.blocksi.parent,apd_ae,False
com.sonyericsson.xhs,abig_sae,True
com.sony.nfx.app.sfrc,exodus_vae,False
com.asus.calculator,apd_sae,False
com.blocksi.parent,exodus_ae,False
com.s.antivirus,apd_vae,True
com.blocksi.parent,abig_sae,True
com.sonyericsson.xhs,exodus_sae,True
com.blocksi.parent,abig_vae,True
com.blocksi.parent,abig_ae,True
com.sonyericsson.xhs,exodus_vae,True
com.s.antivirus,apd_ae,True
kr.co.wschurch.m,apd_sae,False
com.s.antivirus,exodus_ae,True
com.whatsapp,apd_vae,True
com.s.antivirus,abig_sae,True
com.blocksi.parent,exodus_vae,False
com.s.antivirus,abig_ae,True
com.s.antivirus,abig_vae,True
com.whatsapp,apd_ae,True
com.sony.nfx.app.sfrc,apd_sae,False
com.blocksi.parent,exodus_sae,False
com.whatsapp,exodus_ae,True
com.oneplus.mms,apd_vae,False
com.whatsapp,abig_sae,True
com.whatsapp,abig_ae,True
com.s.antivirus,exodus_vae,True
com.whatsapp,abig_vae,True
com.sonyericsson.xhs,apd_sae,False
com.oneplus.mms,apd_ae,True
com.telecomitalia.cubomusica,apd_vae,False
com.s.antivirus,exodus_sae,True
com.oneplus.mms,exodus_ae,True
com.oneplus.mms,abig_sae,True
com.oneplus.mms,abig_ae,True
com.blocksi.parent,apd_sae,False
com.telecomitalia.cubomusica,apd_ae,False
com.whatsapp,exodus_vae,True
com.telecomitalia.cubomusica,exodus_ae,True
net.oneplus.forums,apd_vae,False
com.oneplus.mms,abig_vae,True
com.whatsapp,exodus_sae,True
com.telecomitalia.cubomusica,abig_sae,True
com.oneplus.mms,exodus_vae,True
com.telecomitalia.cubomusica,abig_ae,True
com.s.antivirus,apd_sae,False
net.oneplus.forums,apd_ae,False
com.telecomitalia.cubomusica,abig_vae,True
com.infotalkcorporation.android.golfhandicap,apd_vae,False
com.oneplus.mms,exodus_sae,True
net.oneplus.forums,exodus_ae,False
net.oneplus.forums,abig_sae,True
com.telecomitalia.cubomusica,exodus_vae,True
com.infotalkcorporation.android.golfhandicap,apd_ae,False
net.oneplus.forums,abig_ae,True
com.whatsapp,apd_sae,False
com.infotalkcorporation.android.golfhandicap,exodus_ae,False
id.co.babe,apd_vae,False
net.oneplus.forums,abig_vae,True
com.infotalkcorporation.android.golfhandicap,abig_sae,True
com.telecomitalia.cubomusica,exodus_sae,True
id.co.babe,apd_ae,False
com.infotalkcorporation.android.golfhandicap,abig_ae,True
net.oneplus.forums,exodus_vae,False
id.co.babe,exodus_ae,False
com.oneplus.mms,apd_sae,False
com.oneplus.iconpack.oneplush2,apd_vae,False
com.infotalkcorporation.android.golfhandicap,abig_vae,True
id.co.babe,abig_sae,True
com.oneplus.iconpack.oneplush2,apd_ae,False
net.oneplus.forums,exodus_sae,False
id.co.babe,abig_ae,True
com.infotalkcorporation.android.golfhandicap,exodus_vae,False
com.oneplus.iconpack.oneplush2,exodus_ae,False
com.telecomitalia.cubomusica,apd_sae,False
com.mobisystems.fileman,apd_vae,False
id.co.babe,abig_vae,True
com.infotalkcorporation.android.golfhandicap,exodus_sae,False
com.oneplus.iconpack.oneplush2,abig_sae,False
com.mobisystems.fileman,apd_ae,True
id.co.babe,exodus_vae,False
com.mobisystems.fileman,exodus_ae,True
com.oneplus.iconpack.oneplush2,abig_ae,False
com.huawei.hwdetectrepair,apd_vae,True
net.oneplus.forums,apd_sae,False
com.oneplus.iconpack.oneplush2,abig_vae,False
id.co.babe,exodus_sae,False
com.mobisystems.fileman,abig_sae,True
com.huawei.hwdetectrepair,exodus_ae,True
com.oneplus.iconpack.oneplush2,exodus_vae,False
com.huawei.hwdetectrepair,apd_ae,True
com.microsoft.skydrive,apd_vae,False
com.mobisystems.fileman,abig_ae,True
com.mobisystems.fileman,abig_vae,True
com.infotalkcorporation.android.golfhandicap,apd_sae,False
com.oneplus.iconpack.oneplush2,exodus_sae,False
com.huawei.hwdetectrepair,abig_sae,True
com.microsoft.skydrive,exodus_ae,True
com.mobisystems.fileman,exodus_vae,False
com.microsoft.skydrive,apd_ae,True
com.oneplus.filemanager,apd_vae,False
com.huawei.hwdetectrepair,abig_vae,True
id.co.babe,apd_sae,False
com.huawei.hwdetectrepair,abig_ae,True
com.microsoft.skydrive,abig_sae,True
com.mobisystems.fileman,exodus_sae,True
com.oneplus.filemanager,exodus_ae,True
com.oneplus.filemanager,apd_ae,False
com.huawei.hwdetectrepair,exodus_vae,True
com.huawei.hwid,apd_vae,True
com.microsoft.skydrive,abig_vae,True
com.oneplus.filemanager,abig_sae,True
com.microsoft.skydrive,abig_ae,True
com.oneplus.iconpack.oneplush2,apd_sae,False
com.huawei.hwdetectrepair,exodus_sae,True
com.huawei.hwid,exodus_ae,True
com.huawei.hwid,apd_ae,True
com.microsoft.skydrive,exodus_vae,True
com.google.android.tts,apd_vae,False
com.oneplus.filemanager,abig_ae,True
com.oneplus.filemanager,abig_vae,True
com.mobisystems.fileman,apd_sae,False
com.huawei.hwid,abig_sae,True
com.microsoft.skydrive,exodus_sae,True
com.google.android.tts,exodus_ae,False
com.google.android.tts,apd_ae,False
com.huawei.hwid,abig_ae,True
com.huawei.hwid,abig_vae,True
com.samsung.android.email.provider,apd_vae,True
com.oneplus.filemanager,exodus_vae,False
com.huawei.hwdetectrepair,apd_sae,False
com.google.android.tts,abig_sae,True
com.google.android.tts,abig_vae,True
com.samsung.android.email.provider,exodus_ae,True
com.samsung.android.email.provider,apd_ae,True
com.oneplus.filemanager,exodus_sae,True
com.huawei.hwid,exodus_vae,True
jp.ebookjapan.ebireader,apd_vae,False
com.google.android.tts,abig_ae,True
com.microsoft.skydrive,apd_sae,False
com.samsung.android.email.provider,abig_sae,True
jp.ebookjapan.ebireader,apd_ae,False
com.huawei.hwid,exodus_sae,True
com.samsung.android.email.provider,abig_vae,True
jp.ebookjapan.ebireader,exodus_ae,True
com.yvisherve.faba_app,apd_vae,False
com.google.android.tts,exodus_vae,False
com.samsung.android.email.provider,abig_ae,True
com.oneplus.filemanager,apd_sae,False
jp.ebookjapan.ebireader,abig_sae,True
com.yvisherve.faba_app,apd_ae,False
com.google.android.tts,exodus_sae,False
jp.ebookjapan.ebireader,abig_vae,True
com.yvisherve.faba_app,exodus_ae,False
ru.yandex.searchplugin,apd_vae,False
jp.ebookjapan.ebireader,abig_ae,True
com.samsung.android.email.provider,exodus_vae,True
ru.yandex.searchplugin,apd_ae,False
com.huawei.hwid,apd_sae,False
com.yvisherve.faba_app,abig_sae,False
com.samsung.android.email.provider,exodus_sae,True
ru.yandex.searchplugin,exodus_ae,True
com.oneplus.gamespace,apd_vae,False
jp.ebookjapan.ebireader,exodus_vae,False
com.yvisherve.faba_app,abig_vae,False
com.yvisherve.faba_app,abig_ae,True
com.oneplus.gamespace,apd_ae,False
ru.yandex.searchplugin,abig_sae,True
com.google.android.apps.wellbeing,apd_vae,False
com.google.android.tts,apd_sae,False
com.oneplus.gamespace,exodus_ae,False
jp.ebookjapan.ebireader,exodus_sae,False
ru.yandex.searchplugin,abig_ae,True
ru.yandex.searchplugin,abig_vae,True
com.yvisherve.faba_app,exodus_vae,False
com.google.android.apps.wellbeing,apd_ae,False
com.oneplus.gamespace,abig_sae,True
com.sonyericsson.music,apd_vae,False
com.google.android.apps.wellbeing,exodus_ae,True
com.samsung.android.email.provider,apd_sae,False
com.yvisherve.faba_app,exodus_sae,False
com.oneplus.gamespace,abig_vae,True
ru.yandex.searchplugin,exodus_vae,True
com.oneplus.gamespace,abig_ae,True
com.sonyericsson.music,apd_ae,False
com.google.android.apps.wellbeing,abig_sae,True
com.sonyericsson.music,exodus_ae,True
ru.yandex.searchplugin,exodus_sae,True
jp.ebookjapan.ebireader,apd_sae,False
com.hmdglobal.camera2,apd_vae,False
com.google.android.apps.wellbeing,abig_vae,True
com.oneplus.gamespace,exodus_vae,False
com.google.android.apps.wellbeing,abig_ae,True
com.hmdglobal.camera2,apd_ae,False
com.sonyericsson.music,abig_sae,True
com.oneplus.gamespace,exodus_sae,False
com.hmdglobal.camera2,exodus_ae,True
com.sonyericsson.music,abig_ae,True
com.yvisherve.faba_app,apd_sae,False
com.oneplus.iconpack.square,apd_vae,False
com.google.android.apps.wellbeing,exodus_vae,True
com.sonyericsson.music,abig_vae,True
com.oneplus.iconpack.square,apd_ae,False
com.hmdglobal.camera2,abig_sae,True
ru.yandex.searchplugin,apd_sae,False
com.google.android.apps.wellbeing,exodus_sae,True
com.oneplus.iconpack.square,exodus_ae,False
com.sonyericsson.music,exodus_vae,False
com.hmdglobal.camera2,abig_ae,True
com.hmdglobal.camera2,abig_vae,True
com.samsung.android.spdclient,apd_vae,False
com.samsung.android.spdclient,apd_ae,False
com.samsung.android.spdclient,exodus_ae,False
com.oneplus.iconpack.square,abig_sae,False
com.oneplus.gamespace,apd_sae,False
com.sonyericsson.music,exodus_sae,True
com.oneplus.iconpack.square,abig_ae,False
com.hmdglobal.camera2,exodus_vae,True
com.oneplus.iconpack.square,abig_vae,False
com.evernote,apd_vae,False
com.evernote,apd_ae,False
com.evernote,exodus_ae,True
com.hmdglobal.camera2,exodus_sae,True
com.google.android.apps.wellbeing,apd_sae,False
com.samsung.android.spdclient,abig_sae,True
com.samsung.android.spdclient,abig_ae,True
com.oneplus.iconpack.square,exodus_vae,False
com.samsung.knox.securefolder,apd_ae,True
com.samsung.android.spdclient,abig_vae,True
com.samsung.knox.securefolder,apd_vae,True
com.samsung.knox.securefolder,exodus_ae,True
com.sonyericsson.music,apd_sae,False
com.evernote,abig_sae,True
com.oneplus.iconpack.square,exodus_sae,False
com.evernote,abig_ae,True
com.miui.weather2,apd_ae,False
com.samsung.android.spdclient,exodus_vae,False
com.miui.weather2,apd_vae,False
com.miui.weather2,exodus_ae,True
com.evernote,abig_vae,True
com.samsung.knox.securefolder,abig_sae,True
com.samsung.android.spdclient,exodus_sae,False
com.hmdglobal.camera2,apd_sae,False
com.evernote,exodus_vae,True
com.samsung.knox.securefolder,abig_ae,True
com.google.android.street,apd_ae,False
com.samsung.knox.securefolder,abig_vae,True
com.google.android.street,exodus_ae,False
com.google.android.street,apd_vae,False
com.miui.weather2,abig_sae,True
com.oneplus.iconpack.square,apd_sae,False
com.evernote,exodus_sae,True
com.miui.weather2,abig_ae,True
com.samsung.knox.securefolder,exodus_vae,True
com.microsoft.office.excel,exodus_ae,False
com.miui.weather2,abig_vae,True
com.microsoft.office.excel,apd_ae,False
com.microsoft.office.excel,apd_vae,False
com.google.android.street,abig_sae,True
com.miui.weather2,exodus_vae,True
com.samsung.knox.securefolder,exodus_sae,True
com.samsung.android.spdclient,apd_sae,False
com.google.android.street,abig_ae,True
deezer.android.app,exodus_ae,True
com.google.android.street,abig_vae,False
deezer.android.app,apd_vae,False
deezer.android.app,apd_ae,False
com.microsoft.office.excel,abig_sae,True
com.google.android.street,exodus_vae,False
com.miui.weather2,exodus_sae,True
com.evernote,apd_sae,False
com.microsoft.office.excel,abig_ae,True
com.microsoft.office.excel,abig_vae,True
com.asus.soundrecorder,apd_vae,False
com.asus.soundrecorder,exodus_ae,True
deezer.android.app,abig_sae,True
com.asus.soundrecorder,apd_ae,False
com.google.android.street,exodus_sae,False
com.samsung.knox.securefolder,apd_sae,False
com.microsoft.office.excel,exodus_vae,False
deezer.android.app,abig_ae,True
com.supersport.android.phone,exodus_ae,False
deezer.android.app,abig_vae,True
com.supersport.android.phone,apd_vae,False
com.asus.soundrecorder,abig_sae,True
com.supersport.android.phone,apd_ae,False
com.microsoft.office.excel,exodus_sae,False
com.miui.weather2,apd_sae,False
com.google.android.apps.docs,exodus_ae,True
com.google.android.apps.docs,apd_vae,False
com.asus.soundrecorder,abig_ae,True
deezer.android.app,exodus_vae,False
com.asus.soundrecorder,abig_vae,True
com.supersport.android.phone,abig_sae,False
com.google.android.apps.docs,apd_ae,False
deezer.android.app,exodus_sae,False
com.sec.pcw,apd_vae,False
com.sec.pcw,exodus_ae,True
com.google.android.street,apd_sae,False
com.supersport.android.phone,abig_ae,False
com.asus.soundrecorder,exodus_vae,False
com.supersport.android.phone,abig_vae,False
com.google.android.apps.docs,abig_sae,True
com.sec.pcw,apd_ae,True
com.asus.soundrecorder,exodus_sae,False
com.google.android.dialer,apd_vae,True
com.microsoft.office.excel,apd_sae,False
com.google.android.dialer,exodus_ae,True
com.supersport.android.phone,exodus_vae,False
com.google.android.apps.docs,abig_ae,True
com.sec.pcw,abig_sae,True
com.google.android.apps.docs,abig_vae,True
com.google.android.dialer,apd_ae,True
com.supersport.android.phone,exodus_sae,False
deezer.android.app,apd_sae,False
com.sonyericsson.album,apd_vae,False
com.sonyericsson.album,exodus_ae,True
com.google.android.apps.docs,exodus_vae,True
com.sec.pcw,abig_ae,True
com.sec.pcw,abig_vae,True
com.google.android.dialer,abig_sae,True
com.asus.soundrecorder,apd_sae,False
com.sonyericsson.album,apd_ae,False
com.google.ar.lens,apd_vae,False
com.google.android.apps.docs,exodus_sae,True
com.google.android.dialer,abig_ae,True
com.sec.pcw,exodus_vae,True
com.google.ar.lens,exodus_ae,False
com.google.android.dialer,abig_vae,True
com.sonyericsson.album,abig_sae,True
com.google.ar.lens,apd_ae,False
com.supersport.android.phone,apd_sae,False
com.sec.pcw,exodus_sae,True
com.dstvmobile.android,apd_vae,False
com.google.android.dialer,exodus_vae,True
com.sonyericsson.album,abig_ae,True
com.google.ar.lens,abig_sae,True
com.sonyericsson.album,abig_vae,True
com.dstvmobile.android,exodus_ae,False
com.dstvmobile.android,apd_ae,False
com.samsung.android.lool,apd_vae,False
com.sonyericsson.album,exodus_vae,True
com.google.ar.lens,abig_ae,True
com.google.android.dialer,exodus_sae,True
com.google.android.apps.docs,apd_sae,False
com.google.ar.lens,abig_vae,True
com.dstvmobile.android,abig_sae,False
com.samsung.android.lool,exodus_ae,True
com.google.ar.lens,exodus_vae,False
com.android.chrome,apd_vae,False
com.samsung.android.lool,apd_ae,False
com.dstvmobile.android,abig_ae,False
com.samsung.android.lool,abig_sae,True
com.sonyericsson.album,exodus_sae,True
com.sec.pcw,apd_sae,False
com.dstvmobile.android,abig_vae,False
com.android.chrome,exodus_ae,True
com.google.android.apps.youtube.music,apd_vae,True
com.dstvmobile.android,exodus_vae,False
com.google.ar.lens,exodus_sae,False
com.samsung.android.lool,abig_ae,True
com.android.chrome,apd_ae,True
com.android.chrome,abig_sae,True
com.google.android.dialer,apd_sae,True
com.google.android.apps.youtube.music,exodus_ae,True
com.samsung.android.lool,abig_vae,True
com.dsi.ant.service.socket,apd_vae,False
com.android.chrome,abig_ae,True
com.google.android.apps.youtube.music,apd_ae,True
com.samsung.android.lool,exodus_vae,True
com.google.android.apps.youtube.music,abig_sae,True
com.dstvmobile.android,exodus_sae,False
com.dsi.ant.service.socket,exodus_ae,False
com.sonyericsson.album,apd_sae,False
com.hmdglobal.support,apd_vae,False
com.android.chrome,abig_vae,True
com.google.android.apps.youtube.music,abig_ae,True
com.dsi.ant.service.socket,apd_ae,False
com.android.chrome,exodus_vae,True
com.dsi.ant.service.socket,abig_sae,True
com.samsung.android.lool,exodus_sae,True
com.google.ar.lens,apd_sae,False
com.hmdglobal.support,exodus_ae,False
com.duokan.phone.remotecontroller,apd_vae,True
com.google.android.apps.youtube.music,abig_vae,True
com.hmdglobal.support,apd_ae,False
com.hmdglobal.support,abig_sae,False
com.google.android.apps.youtube.music,exodus_vae,True
com.dsi.ant.service.socket,abig_ae,True
com.android.chrome,exodus_sae,True
com.dstvmobile.android,apd_sae,False
com.duokan.phone.remotecontroller,exodus_ae,True
com.huawei.android.thememanager,apd_vae,False
com.dsi.ant.service.socket,abig_vae,True
com.duokan.phone.remotecontroller,apd_ae,True
com.dsi.ant.service.socket,exodus_vae,False
com.duokan.phone.remotecontroller,abig_sae,True
com.google.android.apps.youtube.music,exodus_sae,True
com.google.android.apps.googleassistant,apd_vae,False
com.hmdglobal.support,abig_ae,True
com.samsung.android.lool,apd_sae,False
com.huawei.android.thememanager,exodus_ae,True
com.hmdglobal.support,abig_vae,False
com.hmdglobal.support,exodus_vae,False
com.huawei.android.thememanager,abig_sae,True
com.huawei.android.thememanager,apd_ae,True
com.dsi.ant.service.socket,exodus_sae,False
com.android.chrome,apd_sae,False
com.duokan.phone.remotecontroller,abig_ae,True
com.samsung.android.privateshare,apd_vae,False
com.google.android.apps.googleassistant,exodus_ae,False
com.duokan.phone.remotecontroller,abig_vae,True
com.duokan.phone.remotecontroller,exodus_vae,True
com.google.android.apps.googleassistant,abig_sae,True
com.google.android.apps.googleassistant,apd_ae,False
com.hmdglobal.support,exodus_sae,False
com.google.android.apps.youtube.music,apd_sae,False
com.huawei.android.thememanager,abig_ae,True
com.google.android.apps.plus,apd_vae,True
com.samsung.android.privateshare,exodus_ae,True
com.huawei.android.thememanager,exodus_vae,True
com.huawei.android.thememanager,abig_vae,True
com.samsung.android.privateshare,abig_sae,True
com.samsung.android.privateshare,apd_ae,False
com.duokan.phone.remotecontroller,exodus_sae,True
com.dsi.ant.service.socket,apd_sae,False
com.google.android.videos,apd_vae,False
com.google.android.apps.googleassistant,exodus_vae,False
com.google.android.apps.googleassistant,abig_ae,True
com.google.android.apps.plus,exodus_ae,True
com.google.android.apps.googleassistant,abig_vae,True
com.google.android.apps.plus,apd_ae,True
com.google.android.apps.plus,abig_sae,True
com.huawei.android.thememanager,exodus_sae,True
com.hmdglobal.support,apd_sae,False
net.mbc.shahid,apd_vae,False
com.google.android.videos,exodus_ae,True
com.samsung.android.privateshare,abig_ae,True
com.samsung.android.privateshare,exodus_vae,False
com.samsung.android.privateshare,abig_vae,True
com.google.android.videos,apd_ae,False
com.google.android.videos,abig_sae,True
com.google.android.apps.googleassistant,exodus_sae,False
com.duokan.phone.remotecontroller,apd_sae,False
net.mbc.shahid,exodus_ae,False
com.huawei.himovie.overseas,apd_vae,False
com.google.android.apps.plus,abig_ae,True
com.google.android.apps.plus,exodus_vae,True
com.google.android.apps.plus,abig_vae,True
net.mbc.shahid,apd_ae,False
net.mbc.shahid,abig_sae,True
com.samsung.android.privateshare,exodus_sae,True
com.huawei.android.thememanager,apd_sae,False
com.google.android.videos,exodus_vae,False
com.google.android.videos,abig_vae,True
com.huawei.himovie.overseas,exodus_ae,True
tvlapalma.nt.gdp,apd_vae,False
com.google.android.videos,abig_ae,True
com.huawei.himovie.overseas,apd_ae,True
com.huawei.himovie.overseas,abig_sae,True
com.google.android.apps.plus,exodus_sae,True
com.google.android.apps.googleassistant,apd_sae,False
com.google.audio.hearing.visualization.accessibility.scribe,apd_vae,False
tvlapalma.nt.gdp,exodus_ae,False
net.mbc.shahid,abig_vae,True
net.mbc.shahid,exodus_vae,False
com.google.android.videos,exodus_sae,True
tvlapalma.nt.gdp,apd_ae,False
net.mbc.shahid,abig_ae,True
tvlapalma.nt.gdp,abig_sae,True
com.samsung.android.privateshare,apd_sae,False
com.google.android.apps.maps,apd_vae,False
com.huawei.himovie.overseas,exodus_vae,True
com.huawei.himovie.overseas,abig_vae,True
com.google.audio.hearing.visualization.accessibility.scribe,exodus_ae,True
net.mbc.shahid,exodus_sae,False
com.huawei.himovie.overseas,abig_ae,True
com.google.audio.hearing.visualization.accessibility.scribe,abig_sae,True
com.google.audio.hearing.visualization.accessibility.scribe,apd_ae,True
com.google.android.apps.plus,apd_sae,False
com.sonymobile.getmore,apd_vae,False
tvlapalma.nt.gdp,abig_vae,True
com.google.android.apps.maps,exodus_ae,True
tvlapalma.nt.gdp,exodus_vae,False
com.google.android.apps.maps,abig_sae,True
tvlapalma.nt.gdp,abig_ae,True
com.google.android.apps.maps,apd_ae,True
com.huawei.himovie.overseas,exodus_sae,True
com.xiaomi.midrop,apd_vae,False
com.google.android.videos,apd_sae,False
com.sonymobile.getmore,exodus_ae,True
com.google.audio.hearing.visualization.accessibility.scribe,abig_vae,True
com.sonymobile.getmore,abig_sae,True
com.google.audio.hearing.visualization.accessibility.scribe,exodus_vae,False
tvlapalma.nt.gdp,exodus_sae,False
com.sonymobile.getmore,apd_ae,False
com.google.audio.hearing.visualization.accessibility.scribe,abig_ae,True
com.asus.ia.asusapp,apd_vae,False
net.mbc.shahid,apd_sae,False
com.xiaomi.midrop,exodus_ae,True
com.google.android.apps.maps,abig_vae,True
com.google.android.apps.maps,exodus_vae,True
com.google.audio.hearing.visualization.accessibility.scribe,exodus_sae,True
com.xiaomi.midrop,apd_ae,False
com.xiaomi.midrop,abig_sae,True
com.google.android.apps.maps,abig_ae,True
com.instagram.android,apd_vae,False
com.huawei.himovie.overseas,apd_sae,False
com.asus.ia.asusapp,exodus_ae,True
com.sonymobile.getmore,abig_vae,True
com.google.android.apps.maps,exodus_sae,True
com.asus.ia.asusapp,abig_sae,True
com.asus.ia.asusapp,apd_ae,False
com.oneplus.iconpack.onepluso2,apd_vae,False
com.sonymobile.getmore,exodus_vae,False
com.sonymobile.getmore,abig_ae,True
com.instagram.android,exodus_ae,False
tvlapalma.nt.gdp,apd_sae,False
com.xiaomi.midrop,abig_vae,True
com.instagram.android,abig_sae,True
com.sonymobile.getmore,exodus_sae,True
com.xiaomi.midrop,abig_ae,True
com.xiaomi.midrop,exodus_vae,True
com.policydm,apd_vae,False
com.instagram.android,apd_ae,False
com.oneplus.iconpack.onepluso2,exodus_ae,False
com.google.audio.hearing.visualization.accessibility.scribe,apd_sae,False
com.asus.ia.asusapp,abig_vae,True
com.xiaomi.midrop,exodus_sae,True
com.oneplus.iconpack.onepluso2,abig_sae,False
com.sec.android.app.music,apd_vae,False
com.oneplus.iconpack.onepluso2,apd_ae,False
com.asus.ia.asusapp,abig_ae,True
com.asus.ia.asusapp,exodus_vae,False
com.policydm,exodus_ae,True
com.google.android.apps.maps,apd_sae,False
com.instagram.android,abig_vae,False
com.policydm,abig_sae,True
com.asus.ia.asusapp,exodus_sae,True
com.policydm,apd_ae,False
com.asus.gallery,apd_vae,False
com.instagram.android,exodus_vae,False
com.instagram.android,abig_ae,True
com.sec.android.app.music,exodus_ae,True
com.sonymobile.getmore,apd_sae,False
com.oneplus.iconpack.onepluso2,abig_vae,False
com.sec.android.app.music,abig_sae,True
com.amazon.kindle,apd_vae,False
com.instagram.android,exodus_sae,False
com.oneplus.iconpack.onepluso2,abig_ae,False
com.asus.gallery,exodus_ae,True
com.oneplus.iconpack.onepluso2,exodus_vae,False
com.sec.android.app.music,apd_ae,True
com.policydm,abig_vae,True
com.asus.gallery,abig_sae,True
com.mobisystems.office,apd_vae,False
com.xiaomi.midrop,apd_sae,False
com.oneplus.iconpack.onepluso2,exodus_sae,False
com.policydm,abig_ae,True
com.policydm,exodus_vae,False
com.amazon.kindle,exodus_ae,True
com.asus.gallery,apd_ae,True
com.amazon.kindle,abig_sae,True
com.sec.android.app.music,abig_vae,True
com.asus.ia.asusapp,apd_sae,False
com.sec.android.app.music,exodus_vae,True
com.sec.android.app.music,abig_ae,True
com.facebook.katana,apd_vae,False
com.policydm,exodus_sae,True
com.mobisystems.office,exodus_ae,True
com.amazon.kindle,apd_ae,True
com.asus.gallery,abig_vae,True
com.mobisystems.office,abig_sae,True
com.instagram.android,apd_sae,False
com.sec.android.app.music,exodus_sae,True
com.asus.gallery,exodus_vae,True
com.sonymobile.androidapp.cameraaddon.infoeye,apd_vae,False
com.asus.gallery,abig_ae,True
com.amazon.kindle,abig_vae,True
com.facebook.katana,exodus_ae,False
com.facebook.katana,abig_sae,False
com.mobisystems.office,apd_ae,False
com.oneplus.iconpack.onepluso2,apd_sae,False
net.kino2718.techcalc64,apd_vae,False
com.asus.gallery,exodus_sae,True
com.mobisystems.office,abig_vae,True
com.amazon.kindle,exodus_vae,True
com.amazon.kindle,abig_ae,True
com.sonymobile.androidapp.cameraaddon.infoeye,exodus_ae,True
com.sonymobile.androidapp.cameraaddon.infoeye,abig_sae,True
com.policydm,apd_sae,False
com.facebook.katana,apd_ae,False
com.amazon.kindle,exodus_sae,True
com.miui.player,apd_vae,False
com.mobisystems.office,exodus_vae,True
com.mobisystems.office,abig_ae,True
com.facebook.katana,abig_vae,False
net.kino2718.techcalc64,exodus_ae,False
net.kino2718.techcalc64,abig_sae,False
com.sec.android.app.music,apd_sae,False
com.sonymobile.androidapp.cameraaddon.infoeye,apd_ae,False
com.mobisystems.office,exodus_sae,True
com.facebook.katana,exodus_vae,False
com.sonymobile.androidapp.cameraaddon.infoeye,abig_vae,True
com.facebook.katana,abig_ae,True
com.fluidtouch.noteshelf2,apd_vae,False
com.miui.player,exodus_ae,True
net.kino2718.techcalc64,apd_ae,False
com.miui.player,abig_sae,True
com.sonymobile.androidapp.cameraaddon.infoeye,exodus_vae,True
com.asus.gallery,apd_sae,False
com.facebook.katana,exodus_sae,False
com.sonymobile.androidapp.cameraaddon.infoeye,abig_ae,True
net.kino2718.techcalc64,abig_vae,False
com.asus.easylauncher,apd_vae,False
com.fluidtouch.noteshelf2,exodus_ae,False
com.fluidtouch.noteshelf2,abig_sae,False
com.miui.player,apd_ae,True
com.miui.player,abig_vae,True
com.sonymobile.androidapp.cameraaddon.infoeye,exodus_sae,True
net.kino2718.techcalc64,exodus_vae,False
net.kino2718.techcalc64,abig_ae,False
com.amazon.kindle,apd_sae,False
com.asus.easylauncher,exodus_ae,False
com.google.android.calculator,apd_vae,False
com.fluidtouch.noteshelf2,apd_ae,False
com.miui.player,exodus_vae,True
com.fluidtouch.noteshelf2,abig_vae,False
com.asus.easylauncher,abig_sae,True
com.mobisystems.office,apd_sae,False
net.kino2718.techcalc64,exodus_sae,False
com.miui.player,abig_ae,True
com.huawei.phoneservice,apd_vae,False
com.google.android.calculator,exodus_ae,False
com.asus.easylauncher,apd_ae,False
com.fluidtouch.noteshelf2,exodus_vae,False
com.facebook.katana,apd_sae,False
com.miui.player,exodus_sae,True
com.google.android.calculator,abig_sae,True
com.asus.easylauncher,abig_vae,True
com.google.android.keep,apd_vae,False
com.fluidtouch.noteshelf2,abig_ae,False
com.google.android.calculator,apd_ae,False
com.huawei.phoneservice,exodus_ae,True
com.asus.easylauncher,exodus_vae,False
com.fluidtouch.noteshelf2,exodus_sae,False
com.sonymobile.androidapp.cameraaddon.infoeye,apd_sae,False
com.huawei.phoneservice,abig_sae,True
com.google.android.calculator,abig_vae,True
com.asus.easylauncher,abig_ae,True
com.huawei.phoneservice,apd_ae,False
com.tripadvisor.tripadvisor,apd_vae,False
com.google.android.calculator,exodus_vae,False
com.google.android.keep,exodus_ae,True
com.asus.easylauncher,exodus_sae,False
net.kino2718.techcalc64,apd_sae,False
com.google.android.keep,abig_sae,True
com.huawei.phoneservice,abig_vae,True
com.oneplus.brickmode,apd_vae,False
com.huawei.phoneservice,exodus_vae,True
com.google.android.calculator,abig_ae,True
com.tripadvisor.tripadvisor,exodus_ae,False
com.google.android.keep,apd_ae,False
com.google.android.calculator,exodus_sae,False
com.miui.player,apd_sae,False
com.tripadvisor.tripadvisor,abig_sae,True
com.google.android.keep,abig_vae,True
com.google.android.gm,apd_vae,False
com.huawei.phoneservice,abig_ae,True
com.google.android.keep,exodus_vae,True
com.tripadvisor.tripadvisor,apd_ae,False
com.huawei.phoneservice,exodus_sae,True
com.oneplus.brickmode,exodus_ae,False
com.fluidtouch.noteshelf2,apd_sae,False
com.oneplus.brickmode,abig_sae,True
com.sec.android.app.popupcalculator,apd_vae,False
com.tripadvisor.tripadvisor,abig_vae,True
com.google.android.keep,abig_ae,True
com.tripadvisor.tripadvisor,exodus_vae,False
com.oneplus.brickmode,apd_ae,False
com.google.android.keep,exodus_sae,True
com.google.android.gm,exodus_ae,True
com.google.android.gm,abig_sae,True
com.asus.easylauncher,apd_sae,False
com.oneplus.brickmode,abig_vae,True
com.google.android.deskclock,apd_vae,False
com.google.android.gm,apd_ae,False
com.oneplus.brickmode,exodus_vae,False
com.tripadvisor.tripadvisor,abig_ae,True
com.sec.android.app.popupcalculator,abig_sae,True
com.tripadvisor.tripadvisor,exodus_sae,False
com.sec.android.app.popupcalculator,exodus_ae,False
com.google.android.calculator,apd_sae,False
com.google.android.gm,exodus_vae,True
com.oneplus.twspods,apd_vae,False
com.google.android.gm,abig_vae,True
com.oneplus.brickmode,abig_ae,True
com.sec.android.app.popupcalculator,apd_ae,False
com.oneplus.brickmode,exodus_sae,False
com.google.android.deskclock,abig_sae,True
com.google.android.deskclock,exodus_ae,False
com.huawei.phoneservice,apd_sae,False
com.unp.unpppid,apd_vae,False
com.sec.android.app.popupcalculator,exodus_vae,False
com.sec.android.app.popupcalculator,abig_vae,True
com.google.android.gm,abig_ae,True
com.google.android.deskclock,apd_ae,False
com.google.android.gm,exodus_sae,True
com.oneplus.twspods,abig_sae,True
com.oneplus.twspods,exodus_ae,True
com.google.android.keep,apd_sae,False
com.google.android.deskclock,exodus_vae,False
com.sec.android.app.popupcalculator,abig_ae,True
com.oneplus.twspods,apd_ae,False
com.tananaev.calculator,apd_vae,False
com.sec.android.app.popupcalculator,exodus_sae,False
com.google.android.deskclock,abig_vae,True
com.unp.unpppid,abig_sae,True
com.unp.unpppid,exodus_ae,False
com.tripadvisor.tripadvisor,apd_sae,False
com.google.android.deskclock,abig_ae,True
com.oneplus.twspods,exodus_vae,False
com.linkedin.android,apd_vae,False
com.unp.unpppid,apd_ae,False
com.oneplus.twspods,abig_vae,True
com.google.android.deskclock,exodus_sae,False
com.tananaev.calculator,abig_sae,False
com.oneplus.brickmode,apd_sae,False
com.tananaev.calculator,exodus_ae,False
com.oneplus.twspods,abig_ae,True
com.unp.unpppid,exodus_vae,False
si.assist.marolt,apd_vae,False
com.tananaev.calculator,apd_ae,False
com.unp.unpppid,abig_vae,True
com.oneplus.twspods,exodus_sae,True
com.linkedin.android,abig_sae,True
com.google.android.gm,apd_sae,False
com.linkedin.android,exodus_ae,True
com.tananaev.calculator,exodus_vae,False
com.mi.android.globalpersonalassistant,apd_vae,True
com.unp.unpppid,abig_ae,True
com.linkedin.android,apd_ae,False
com.unp.unpppid,exodus_sae,False
si.assist.marolt,abig_sae,True
com.sec.android.app.popupcalculator,apd_sae,False
com.tananaev.calculator,abig_vae,False
com.linkedin.android,exodus_vae,True
si.assist.marolt,exodus_ae,False
com.sonymobile.lifelog,apd_vae,False
si.assist.marolt,apd_ae,False
com.tananaev.calculator,exodus_sae,False
com.tananaev.calculator,abig_ae,False
com.google.android.deskclock,apd_sae,False
com.mi.android.globalpersonalassistant,abig_sae,True
com.linkedin.android,abig_vae,True
si.assist.marolt,exodus_vae,False
com.microsoft.office.word,apd_vae,False
com.linkedin.android,abig_ae,True
com.mi.android.globalpersonalassistant,exodus_ae,True
com.mi.android.globalpersonalassistant,apd_ae,True
com.linkedin.android,exodus_sae,True
com.oneplus.twspods,apd_sae,False
com.sonymobile.lifelog,abig_sae,True
com.mi.android.globalpersonalassistant,exodus_vae,True
si.assist.marolt,abig_vae,True
com.app.m1remit,apd_vae,False
com.sonymobile.lifelog,apd_ae,True
si.assist.marolt,abig_ae,True
com.sonymobile.lifelog,exodus_ae,True
si.assist.marolt,exodus_sae,False
com.unp.unpppid,apd_sae,False
com.microsoft.office.word,abig_sae,True
com.yandex.browser.lite,apd_vae,False
com.sonymobile.lifelog,exodus_vae,False
com.mi.android.globalpersonalassistant,abig_vae,True
com.mi.android.globalpersonalassistant,abig_ae,True
com.microsoft.office.word,exodus_ae,False
com.microsoft.office.word,apd_ae,False
com.mi.android.globalpersonalassistant,exodus_sae,True
com.tananaev.calculator,apd_sae,False
com.wring.android.truehb,apd_vae,False
com.app.m1remit,abig_sae,True
com.sonymobile.lifelog,abig_vae,True
com.microsoft.office.word,exodus_vae,False
com.app.m1remit,exodus_ae,False
com.sonymobile.lifelog,abig_ae,True
com.sonymobile.lifelog,exodus_sae,False
com.app.m1remit,apd_ae,False
com.linkedin.android,apd_sae,False
com.microsoft.office.word,abig_vae,True
com.microsoft.office.powerpoint,apd_vae,False
com.yandex.browser.lite,abig_sae,True
com.app.m1remit,exodus_vae,False
com.yandex.browser.lite,exodus_ae,True
com.microsoft.office.word,exodus_sae,False
com.microsoft.office.word,abig_ae,True
si.assist.marolt,apd_sae,False
com.yandex.browser.lite,apd_ae,False
com.wring.android.truehb,abig_sae,True
com.app.m1remit,abig_vae,True
rudy.android.pacer,apd_vae,False
com.yandex.browser.lite,exodus_vae,False
com.wring.android.truehb,exodus_ae,False
com.app.m1remit,abig_ae,True
com.app.m1remit,exodus_sae,False
com.wring.android.truehb,apd_ae,False
com.mi.android.globalpersonalassistant,apd_sae,False
com.wring.android.truehb,exodus_vae,False
com.microsoft.office.powerpoint,abig_sae,True
com.asus.userfeedback,apd_vae,False
com.yandex.browser.lite,abig_ae,True
com.yandex.browser.lite,abig_vae,True
com.microsoft.office.powerpoint,exodus_ae,False
com.yandex.browser.lite,exodus_sae,False
com.microsoft.office.powerpoint,apd_ae,False
com.sonymobile.lifelog,apd_sae,False
com.microsoft.office.powerpoint,exodus_vae,False
com.google.android.projection.gearhead,apd_vae,True
rudy.android.pacer,abig_sae,True
com.wring.android.truehb,abig_ae,True
com.wring.android.truehb,abig_vae,True
rudy.android.pacer,apd_ae,False
rudy.android.pacer,exodus_ae,False
com.wring.android.truehb,exodus_sae,False
com.microsoft.office.word,apd_sae,False
com.amazon.avod.thirdpartyclient,apd_vae,False
rudy.android.pacer,exodus_vae,False
com.asus.userfeedback,abig_sae,True
com.asus.userfeedback,apd_ae,False
com.microsoft.office.powerpoint,abig_ae,True
com.asus.userfeedback,exodus_ae,True
com.microsoft.office.powerpoint,abig_vae,True
com.microsoft.office.powerpoint,exodus_sae,False
com.app.m1remit,apd_sae,False
com.google.android.apps.wallpaper,apd_vae,False
com.asus.userfeedback,exodus_vae,False
com.google.android.projection.gearhead,abig_sae,True
com.google.android.projection.gearhead,apd_ae,True
rudy.android.pacer,abig_ae,True
com.google.android.projection.gearhead,exodus_ae,True
rudy.android.pacer,abig_vae,True
rudy.android.pacer,exodus_sae,False
com.yandex.browser.lite,apd_sae,False
com.google.android.apps.photos,apd_vae,True
com.google.android.projection.gearhead,exodus_vae,True
com.amazon.avod.thirdpartyclient,abig_sae,True
com.amazon.avod.thirdpartyclient,apd_ae,False
com.asus.userfeedback,abig_ae,True
com.asus.userfeedback,abig_vae,True
com.amazon.avod.thirdpartyclient,exodus_ae,True
com.wring.android.truehb,apd_sae,False
com.asus.userfeedback,exodus_sae,False
com.sonyericsson.extras.liveware,apd_vae,False
com.google.android.apps.wallpaper,abig_sae,True
com.amazon.avod.thirdpartyclient,exodus_vae,True
com.google.android.apps.wallpaper,apd_ae,False
com.google.android.apps.wallpaper,exodus_ae,False
com.google.android.projection.gearhead,abig_ae,True
com.google.android.projection.gearhead,abig_vae,True
com.google.android.projection.gearhead,exodus_sae,True
com.rsupport.rs.activity.rsupport.aas2,apd_vae,False
com.microsoft.office.powerpoint,apd_sae,False
com.google.android.apps.photos,abig_sae,True
com.google.android.apps.wallpaper,exodus_vae,False
com.google.android.apps.photos,apd_ae,True
com.amazon.avod.thirdpartyclient,abig_ae,True
com.google.android.apps.photos,exodus_ae,True
com.amazon.avod.thirdpartyclient,abig_vae,True
com.sonymobile.getmore.client,apd_vae,False
rudy.android.pacer,apd_sae,False
com.amazon.avod.thirdpartyclient,exodus_sae,True
com.sonyericsson.extras.liveware,abig_sae,True
com.sonyericsson.extras.liveware,apd_ae,True
com.google.android.apps.photos,exodus_vae,True
com.google.android.apps.wallpaper,abig_ae,True
com.sonyericsson.extras.liveware,exodus_ae,True
com.google.android.apps.wallpaper,abig_vae,True
com.rsupport.rs.activity.rsupport.aas2,abig_sae,True
com.google.android.apps.wallpaper,exodus_sae,False
com.asus.userfeedback,apd_sae,False
com.google.android.calendar,apd_vae,False
com.rsupport.rs.activity.rsupport.aas2,apd_ae,True
com.google.android.apps.photos,abig_ae,True
com.sonyericsson.extras.liveware,exodus_vae,True
com.google.android.apps.photos,abig_vae,True
com.rsupport.rs.activity.rsupport.aas2,exodus_ae,True
com.google.android.apps.photos,exodus_sae,True
com.sonymobile.getmore.client,abig_sae,True
com.google.android.projection.gearhead,apd_sae,False
com.asus.gamewidget,apd_vae,False
com.sonymobile.getmore.client,apd_ae,False
com.sonyericsson.extras.liveware,abig_ae,True
com.rsupport.rs.activity.rsupport.aas2,exodus_vae,True
com.sonymobile.getmore.client,exodus_ae,False
com.sonyericsson.extras.liveware,abig_vae,True
com.google.android.calendar,abig_sae,True
com.sonyericsson.extras.liveware,exodus_sae,True
com.skype.raider,apd_vae,False
com.rsupport.rs.activity.rsupport.aas2,abig_ae,True
com.sonymobile.getmore.client,exodus_vae,False
com.google.android.calendar,apd_ae,False
com.amazon.avod.thirdpartyclient,apd_sae,False
com.google.android.calendar,exodus_ae,True
com.rsupport.rs.activity.rsupport.aas2,abig_vae,True
com.rsupport.rs.activity.rsupport.aas2,exodus_sae,True
com.asus.gamewidget,abig_sae,True
com.asus.deskclock,apd_vae,False
com.sonymobile.getmore.client,abig_ae,True
com.google.android.calendar,exodus_vae,True
com.asus.gamewidget,exodus_ae,True
com.google.android.apps.wallpaper,apd_sae,False
com.asus.gamewidget,apd_ae,True
com.sonymobile.getmore.client,abig_vae,True
com.skype.raider,abig_sae,True
com.sonymobile.getmore.client,exodus_sae,False
com.quicinc.voice.activation,apd_vae,False
com.asus.gamewidget,exodus_vae,True
com.google.android.calendar,abig_ae,True
com.skype.raider,apd_ae,False
com.skype.raider,exodus_ae,False
com.google.android.apps.photos,apd_sae,False
com.google.android.calendar,abig_vae,True
com.asus.deskclock,abig_sae,True
com.google.android.calendar,exodus_sae,True
com.biztory,apd_vae,False
com.asus.gamewidget,abig_ae,True
com.skype.raider,exodus_vae,False
com.asus.deskclock,exodus_ae,False
com.asus.deskclock,apd_ae,False
com.sonyericsson.extras.liveware,apd_sae,False
com.asus.gamewidget,abig_vae,True
com.quicinc.voice.activation,abig_sae,True
com.asus.gamewidget,exodus_sae,True
com.asus.deskclock,exodus_vae,False
com.google.android.contacts,apd_vae,False
com.skype.raider,abig_ae,True
com.quicinc.voice.activation,exodus_ae,False
com.quicinc.voice.activation,apd_ae,False
com.rsupport.rs.activity.rsupport.aas2,apd_sae,False
com.skype.raider,abig_vae,False
com.skype.raider,exodus_sae,False
com.biztory,abig_sae,True
com.quicinc.voice.activation,exodus_vae,False
com.opera.mini.android,apd_vae,False
com.asus.deskclock,abig_ae,True
com.biztory,exodus_ae,False
com.sonymobile.getmore.client,apd_sae,False
com.asus.deskclock,abig_vae,True
com.asus.deskclock,exodus_sae,False
com.biztory,apd_ae,False
com.google.android.contacts,abig_sae,True
com.biztory,exodus_vae,False
com.linkedin.android,apd_vae,False
com.quicinc.voice.activation,abig_ae,True
com.google.android.contacts,exodus_ae,True
com.google.android.calendar,apd_sae,False
com.google.android.contacts,apd_ae,True
com.quicinc.voice.activation,abig_vae,True
com.quicinc.voice.activation,exodus_sae,False
com.samsung.android.spdclient,apd_vae,False
com.opera.mini.android,abig_sae,True
com.google.android.contacts,exodus_vae,True
com.biztory,abig_ae,True
com.opera.mini.android,exodus_ae,False
com.asus.gamewidget,apd_sae,False
com.opera.mini.android,apd_ae,False
com.biztory,exodus_sae,False
com.miui.weather2,apd_vae,False
com.biztory,abig_vae,True
com.linkedin.android,abig_sae,True
com.opera.mini.android,exodus_vae,False
com.google.android.contacts,abig_ae,True
com.skype.raider,apd_sae,False
com.linkedin.android,exodus_ae,True
com.google.android.contacts,exodus_sae,True
com.korvac.liquid,apd_vae,False
com.linkedin.android,apd_ae,False
com.google.android.contacts,abig_vae,True
com.samsung.android.spdclient,abig_sae,True
com.linkedin.android,exodus_vae,True
com.opera.mini.android,abig_ae,True
com.opera.mini.android,exodus_sae,False
com.asus.deskclock,apd_sae,False
com.samsung.android.spdclient,exodus_ae,False
com.samsung.android.spdclient,apd_ae,False
com.microsoft.office.word,apd_vae,False
com.opera.mini.android,abig_vae,True
com.linkedin.android,abig_ae,True
com.samsung.android.spdclient,exodus_vae,False
com.miui.weather2,abig_sae,True
com.quicinc.voice.activation,apd_sae,False
com.miui.weather2,exodus_ae,True
com.linkedin.android,exodus_sae,True
com.linkedin.android,abig_vae,True
com.miui.weather2,apd_ae,False
com.singtel.mysingtel,apd_vae,False
com.miui.weather2,exodus_vae,True
com.korvac.liquid,abig_sae,True
com.samsung.android.spdclient,abig_ae,True
com.samsung.android.spdclient,exodus_sae,False
com.korvac.liquid,exodus_ae,True
com.biztory,apd_sae,False
it.telecomitalia.centodiciannove,apd_vae,False
com.korvac.liquid,apd_ae,True
com.korvac.liquid,exodus_vae,True
com.samsung.android.spdclient,abig_vae,True
com.microsoft.office.word,abig_sae,True
com.miui.weather2,abig_ae,True
com.miui.weather2,exodus_sae,True
com.microsoft.office.word,exodus_ae,False
com.huawei.hwid,apd_vae,True
com.google.android.contacts,apd_sae,False
com.miui.weather2,abig_vae,True
com.microsoft.office.word,exodus_vae,False
com.microsoft.office.word,apd_ae,False
com.korvac.liquid,abig_ae,True
com.singtel.mysingtel,abig_sae,True
com.opera.mini.android,apd_sae,False
com.korvac.liquid,exodus_sae,True
com.singtel.mysingtel,exodus_ae,True
com.korvac.liquid,abig_vae,True
com.jerosapps1.tpmsongstamil,apd_vae,False
com.singtel.mysingtel,exodus_vae,True
com.singtel.mysingtel,apd_ae,True
com.microsoft.office.word,abig_ae,True
it.telecomitalia.centodiciannove,abig_sae,True
com.microsoft.office.word,exodus_sae,False
com.linkedin.android,apd_sae,False
com.samsung.ecomm.global.in,apd_vae,False
com.microsoft.office.word,abig_vae,True
it.telecomitalia.centodiciannove,exodus_ae,True
it.telecomitalia.centodiciannove,exodus_vae,False
it.telecomitalia.centodiciannove,apd_ae,False
com.singtel.mysingtel,abig_ae,True
com.huawei.hwid,abig_sae,True
com.singtel.mysingtel,exodus_sae,True
com.samsung.android.spdclient,apd_sae,False
com.huawei.hwid,exodus_ae,True
it.telecomitalia.centodiciannove,abig_ae,True
com.google.android.inputmethod.korean,apd_vae,False
com.singtel.mysingtel,abig_vae,True
com.huawei.hwid,exodus_vae,True
com.huawei.hwid,apd_ae,True
com.jerosapps1.tpmsongstamil,abig_sae,False
it.telecomitalia.centodiciannove,exodus_sae,True
com.miui.weather2,apd_sae,False
com.jerosapps1.tpmsongstamil,exodus_vae,False
com.jerosapps1.tpmsongstamil,exodus_ae,False
com.huawei.hwid,abig_ae,True
com.jerosapps1.tpmsongstamil,apd_ae,False
it.telecomitalia.centodiciannove,abig_vae,True
com.samsung.ecomm.global.in,abig_sae,True
com.huawei.himovie.overseas,apd_vae,False
com.korvac.liquid,apd_sae,True
com.huawei.hwid,exodus_sae,True
com.samsung.ecomm.global.in,exodus_vae,False
com.jerosapps1.tpmsongstamil,abig_ae,True
com.google.android.inputmethod.korean,abig_sae,True
com.samsung.ecomm.global.in,exodus_ae,False
rudy.android.pacer,apd_vae,False
com.samsung.ecomm.global.in,apd_ae,False
com.huawei.hwid,abig_vae,True
com.microsoft.office.word,apd_sae,False
com.jerosapps1.tpmsongstamil,exodus_sae,False
com.google.android.inputmethod.korean,exodus_vae,False
com.google.android.inputmethod.korean,exodus_ae,False
com.huawei.himovie.overseas,abig_sae,True
com.google.android.marvin.talkback,apd_vae,False
com.samsung.ecomm.global.in,abig_ae,True
com.google.android.inputmethod.korean,apd_ae,False
com.jerosapps1.tpmsongstamil,abig_vae,False
com.samsung.ecomm.global.in,exodus_sae,False
com.singtel.mysingtel,apd_sae,True
com.huawei.himovie.overseas,exodus_vae,True
com.google.android.inputmethod.korean,abig_ae,True
com.huawei.himovie.overseas,exodus_ae,True
rudy.android.pacer,abig_sae,True
com.quicinc.voice.activation,apd_vae,False
com.samsung.ecomm.global.in,abig_vae,True
com.huawei.himovie.overseas,apd_ae,True
com.google.android.inputmethod.korean,exodus_sae,False
it.telecomitalia.centodiciannove,apd_sae,False
rudy.android.pacer,exodus_vae,False
com.huawei.himovie.overseas,abig_ae,True
rudy.android.pacer,exodus_ae,False
com.google.android.inputmethod.korean,abig_vae,True
com.google.android.marvin.talkback,abig_sae,True
com.munets.android.bellring365,apd_vae,False
rudy.android.pacer,apd_ae,False
com.huawei.hwid,apd_sae,False
com.huawei.himovie.overseas,exodus_sae,True
rudy.android.pacer,abig_ae,True
com.google.android.marvin.talkback,exodus_vae,False
com.huawei.himovie.overseas,abig_vae,True
com.google.android.marvin.talkback,exodus_ae,False
com.quicinc.voice.activation,abig_sae,True
com.bloomberg.android.plus,apd_vae,False
com.google.android.marvin.talkback,apd_ae,False
com.jerosapps1.tpmsongstamil,apd_sae,False
rudy.android.pacer,exodus_sae,False
com.google.android.marvin.talkback,abig_ae,True
com.quicinc.voice.activation,exodus_vae,False
rudy.android.pacer,abig_vae,True
com.quicinc.voice.activation,exodus_ae,False
com.munets.android.bellring365,abig_sae,True
com.duokan.phone.remotecontroller,apd_vae,True
com.quicinc.voice.activation,apd_ae,False
com.munets.android.bellring365,exodus_vae,False
com.samsung.ecomm.global.in,apd_sae,False
com.quicinc.voice.activation,abig_ae,True
com.google.android.marvin.talkback,exodus_sae,False
com.google.android.marvin.talkback,abig_vae,True
com.bloomberg.android.plus,abig_sae,True
com.munets.android.bellring365,exodus_ae,False
com.google.android.keep,apd_vae,False
com.munets.android.bellring365,apd_ae,False
com.bloomberg.android.plus,exodus_vae,False
com.google.android.inputmethod.korean,apd_sae,False
com.quicinc.voice.activation,exodus_sae,False
com.duokan.phone.remotecontroller,abig_sae,True
com.quicinc.voice.activation,abig_vae,True
com.asus.deskclock,apd_vae,False
com.bloomberg.android.plus,exodus_ae,False
com.munets.android.bellring365,abig_ae,True
com.bloomberg.android.plus,apd_ae,False
com.huawei.himovie.overseas,apd_sae,False
com.duokan.phone.remotecontroller,exodus_vae,True
com.munets.android.bellring365,exodus_sae,False
com.bloomberg.android.plus,abig_ae,True
com.munets.android.bellring365,abig_vae,True
com.dropbox.android,apd_vae,False
com.google.android.keep,abig_sae,True
com.duokan.phone.remotecontroller,exodus_ae,True
com.duokan.phone.remotecontroller,apd_ae,True
rudy.android.pacer,apd_sae,False
jp.ebookjapan.ebireader,apd_vae,False
com.google.android.keep,exodus_vae,True
com.bloomberg.android.plus,exodus_sae,False
com.asus.deskclock,abig_sae,True
com.bloomberg.android.plus,abig_vae,True
com.google.android.keep,exodus_ae,True
com.duokan.phone.remotecontroller,abig_ae,True
com.google.android.marvin.talkback,apd_sae,False
com.google.android.keep,apd_ae,False
com.duokan.phone.remotecontroller,exodus_sae,True
com.sonymobile.androidapp.cameraaddon.infoeye,apd_vae,False
com.asus.deskclock,exodus_vae,False
com.duokan.phone.remotecontroller,abig_vae,True
com.dropbox.android,abig_sae,True
com.google.android.keep,abig_ae,True
com.quicinc.voice.activation,apd_sae,False
com.asus.deskclock,exodus_ae,False
com.asus.deskclock,apd_ae,False
com.google.android.keep,exodus_sae,True
com.dropbox.android,exodus_vae,True
com.miui.videoplayer,apd_vae,True
com.google.android.keep,abig_vae,True
jp.ebookjapan.ebireader,abig_sae,True
com.asus.deskclock,abig_ae,True
com.munets.android.bellring365,apd_sae,False
com.dropbox.android,exodus_ae,True
com.dropbox.android,apd_ae,False
jp.ebookjapan.ebireader,exodus_vae,False
com.asus.deskclock,exodus_sae,False
com.dropbox.android,abig_ae,True
com.sonymobile.androidapp.cameraaddon.infoeye,abig_sae,True
com.asus.deskclock,abig_vae,True
com.coloros.backuprestore,apd_vae,False
com.bloomberg.android.plus,apd_sae,False
jp.ebookjapan.ebireader,apd_ae,False
jp.ebookjapan.ebireader,exodus_ae,True
com.oneplus.iconpack.onepluso2,apd_vae,False
com.sonymobile.androidapp.cameraaddon.infoeye,exodus_vae,True
com.dropbox.android,exodus_sae,True
com.dropbox.android,abig_vae,True
jp.ebookjapan.ebireader,abig_ae,True
com.miui.videoplayer,abig_sae,True
com.duokan.phone.remotecontroller,apd_sae,False
com.sonymobile.androidapp.cameraaddon.infoeye,exodus_ae,True
com.sonymobile.androidapp.cameraaddon.infoeye,apd_ae,False
com.miui.videoplayer,exodus_vae,True
com.samsung.android.email.provider,apd_vae,True
com.google.android.keep,apd_sae,False
jp.ebookjapan.ebireader,exodus_sae,False
com.coloros.backuprestore,abig_sae,True
com.sonymobile.androidapp.cameraaddon.infoeye,abig_ae,True
jp.ebookjapan.ebireader,abig_vae,True
com.miui.videoplayer,exodus_ae,True
com.coloros.backuprestore,exodus_vae,True
com.miui.videoplayer,apd_ae,True
com.sonymobile.androidapp.cameraaddon.infoeye,exodus_sae,True
com.hmdglobal.camera2,apd_vae,False
com.asus.deskclock,apd_sae,False
com.miui.videoplayer,abig_ae,True
com.oneplus.iconpack.onepluso2,abig_sae,False
com.sonymobile.androidapp.cameraaddon.infoeye,abig_vae,True
com.coloros.backuprestore,exodus_ae,True
com.coloros.backuprestore,apd_ae,False
com.oneplus.iconpack.onepluso2,exodus_vae,False
com.miui.videoplayer,exodus_sae,True
com.samsung.android.oneconnect,apd_vae,False
com.dropbox.android,apd_sae,False
com.coloros.backuprestore,abig_ae,True
com.miui.videoplayer,abig_vae,True
com.oneplus.iconpack.onepluso2,exodus_ae,False
com.oneplus.iconpack.onepluso2,apd_ae,False
com.samsung.android.email.provider,abig_sae,True
com.samsung.android.email.provider,exodus_vae,True
com.coloros.backuprestore,exodus_sae,True
com.google.android.apps.wellbeing,apd_vae,False
jp.ebookjapan.ebireader,apd_sae,False
com.coloros.backuprestore,abig_vae,True
com.oneplus.iconpack.onepluso2,abig_ae,False
com.samsung.android.email.provider,exodus_ae,True
com.samsung.android.email.provider,apd_ae,True
com.hmdglobal.camera2,abig_sae,True
com.hmdglobal.camera2,exodus_vae,True
com.jakarta.baca.lite,apd_vae,False
com.oneplus.iconpack.onepluso2,exodus_sae,False
com.oneplus.iconpack.onepluso2,abig_vae,False
com.hmdglobal.camera2,exodus_ae,True
com.samsung.android.email.provider,abig_ae,True
com.hmdglobal.camera2,apd_ae,False
com.sonymobile.androidapp.cameraaddon.infoeye,apd_sae,False
com.samsung.android.oneconnect,abig_sae,True
com.touchtype.swiftkey,apd_vae,False
com.samsung.android.email.provider,abig_vae,True
com.samsung.android.oneconnect,exodus_vae,True
com.samsung.android.email.provider,exodus_sae,True
com.samsung.android.oneconnect,exodus_ae,True
com.samsung.android.oneconnect,apd_ae,True
com.google.android.apps.wellbeing,abig_sae,True
com.hmdglobal.camera2,abig_ae,True
com.miui.videoplayer,apd_sae,False
com.hmdglobal.camera2,abig_vae,True
com.google.android.apps.wellbeing,exodus_vae,True
com.asus.weathertime,apd_vae,False
com.hmdglobal.camera2,exodus_sae,True
com.google.android.apps.wellbeing,exodus_ae,True
com.google.android.apps.wellbeing,apd_ae,False
com.samsung.android.oneconnect,abig_ae,True
com.jakarta.baca.lite,abig_sae,True
com.coloros.backuprestore,apd_sae,False
com.jakarta.baca.lite,exodus_vae,False
com.google.android.apps.docs.editors.docs,apd_vae,False
com.samsung.android.oneconnect,abig_vae,True
com.jakarta.baca.lite,exodus_ae,True
com.jakarta.baca.lite,apd_ae,False
com.samsung.android.oneconnect,exodus_sae,True
com.oneplus.iconpack.onepluso2,apd_sae,False
com.google.android.apps.wellbeing,abig_ae,True
com.touchtype.swiftkey,abig_sae,True
flipboard.app,apd_vae,False
com.touchtype.swiftkey,exodus_vae,False
com.touchtype.swiftkey,exodus_ae,False
com.google.android.apps.wellbeing,abig_vae,True
com.google.android.apps.wellbeing,exodus_sae,True
com.touchtype.swiftkey,apd_ae,False
com.samsung.android.email.provider,apd_sae,False
com.asus.weathertime,abig_sae,True
com.rsupport.rs.activity.rsupport.aas2,apd_vae,False
com.jakarta.baca.lite,abig_ae,True
com.asus.weathertime,exodus_ae,False
com.asus.weathertime,exodus_vae,False
com.jakarta.baca.lite,abig_vae,True
com.jakarta.baca.lite,exodus_sae,True
com.hmdglobal.camera2,apd_sae,False
com.asus.weathertime,apd_ae,False
com.eyeinc.eye,apd_vae,False
com.google.android.apps.docs.editors.docs,abig_sae,False
com.touchtype.swiftkey,abig_ae,True
com.google.android.apps.docs.editors.docs,exodus_ae,False
com.touchtype.swiftkey,abig_vae,True
com.touchtype.swiftkey,exodus_sae,False
com.google.android.apps.docs.editors.docs,exodus_vae,False
com.google.android.apps.docs.editors.docs,apd_ae,False
com.samsung.android.oneconnect,apd_sae,False
flipboard.app,abig_sae,True
com.generalmobile.assistant,apd_vae,False
flipboard.app,exodus_ae,False
com.asus.weathertime,abig_vae,True
com.asus.weathertime,abig_ae,True
com.asus.weathertime,exodus_sae,False
flipboard.app,apd_ae,False
flipboard.app,exodus_vae,False
com.google.android.apps.wellbeing,apd_sae,False
com.sonymobile.getmore.client,apd_vae,False
com.rsupport.rs.activity.rsupport.aas2,abig_sae,True
com.rsupport.rs.activity.rsupport.aas2,exodus_ae,True
com.rsupport.rs.activity.rsupport.aas2,apd_ae,True
com.google.android.apps.docs.editors.docs,abig_ae,False
com.google.android.apps.docs.editors.docs,abig_vae,False
com.rsupport.rs.activity.rsupport.aas2,exodus_vae,True
com.jakarta.baca.lite,apd_sae,False
com.google.android.apps.docs.editors.docs,exodus_sae,False
com.facebook.katana,apd_vae,False
com.eyeinc.eye,exodus_ae,False
com.eyeinc.eye,abig_sae,True
com.eyeinc.eye,apd_ae,False
flipboard.app,abig_ae,True
flipboard.app,abig_vae,True
com.eyeinc.eye,exodus_vae,False
com.touchtype.swiftkey,apd_sae,False
flipboard.app,exodus_sae,False
com.sec.pcw,apd_vae,False
com.generalmobile.assistant,abig_sae,True
com.generalmobile.assistant,apd_ae,True
com.generalmobile.assistant,exodus_ae,True
com.generalmobile.assistant,exodus_vae,True
com.rsupport.rs.activity.rsupport.aas2,abig_ae,True
com.rsupport.rs.activity.rsupport.aas2,abig_vae,True
com.rsupport.rs.activity.rsupport.aas2,exodus_sae,True
com.asus.weathertime,apd_sae,False
com.sonymobile.getmore.client,abig_sae,True
com.google.android.apps.photos,apd_vae,True
com.sonymobile.getmore.client,apd_ae,False
com.sonymobile.getmore.client,exodus_vae,False
com.sonymobile.getmore.client,exodus_ae,False
com.eyeinc.eye,abig_vae,True
com.eyeinc.eye,abig_ae,True
com.eyeinc.eye,exodus_sae,False
com.facebook.katana,abig_sae,False
com.google.android.apps.docs.editors.docs,apd_sae,False
com.facebook.katana,apd_ae,False
com.dstvmobile.android,apd_vae,False
com.facebook.katana,exodus_vae,False
com.facebook.katana,exodus_ae,False
com.generalmobile.assistant,abig_ae,True
com.generalmobile.assistant,abig_vae,True
com.generalmobile.assistant,exodus_sae,True
com.sec.pcw,abig_sae,True
flipboard.app,apd_sae,False
com.samsung.android.spay,apd_vae,False
com.sec.pcw,apd_ae,True
com.sec.pcw,exodus_vae,True
com.sec.pcw,exodus_ae,True
com.sonymobile.getmore.client,exodus_sae,False
com.sonymobile.getmore.client,abig_ae,True
com.sonymobile.getmore.client,abig_vae,True
com.rsupport.rs.activity.rsupport.aas2,apd_sae,False
com.google.android.apps.photos,abig_sae,True
com.google.android.apps.messaging,apd_vae,False
com.google.android.apps.photos,apd_ae,True
com.google.android.apps.photos,exodus_ae,True
com.google.android.apps.photos,exodus_vae,True
com.facebook.katana,abig_ae,True
com.eyeinc.eye,apd_sae,False
com.facebook.katana,exodus_sae,False
com.facebook.katana,abig_vae,False
com.dstvmobile.android,abig_sae,False
com.dstvmobile.android,apd_ae,False
com.telecomitalia.cubomusica,apd_vae,False
com.dstvmobile.android,exodus_ae,False
com.dstvmobile.android,exodus_vae,False
com.sec.pcw,exodus_sae,True
com.sec.pcw,abig_ae,True
com.samsung.android.spay,abig_sae,True
com.samsung.android.spay,apd_ae,False
com.generalmobile.assistant,apd_sae,False
com.asus.calculator,apd_vae,False
com.sec.pcw,abig_vae,True
com.samsung.android.spay,exodus_ae,True
com.samsung.android.spay,exodus_vae,True
com.google.android.apps.photos,exodus_sae,True
com.google.android.apps.messaging,apd_ae,False
com.google.android.apps.photos,abig_ae,True
com.bluebloodapps.trendy,apd_vae,False
com.google.android.apps.messaging,abig_sae,True
com.sonymobile.getmore.client,apd_sae,False
com.google.android.apps.photos,abig_vae,True
com.dstvmobile.android,exodus_sae,False
com.google.android.apps.messaging,exodus_vae,True
com.google.android.apps.messaging,exodus_ae,True
com.telecomitalia.cubomusica,apd_ae,False
com.dstvmobile.android,abig_ae,False
com.telecomitalia.cubomusica,abig_sae,True
com.tripadvisor.tripadvisor,apd_vae,False
com.dstvmobile.android,abig_vae,False
com.facebook.katana,apd_sae,False
com.telecomitalia.cubomusica,exodus_ae,True
com.samsung.android.spay,exodus_sae,True
com.telecomitalia.cubomusica,exodus_vae,True
com.samsung.android.spay,abig_ae,True
com.asus.calculator,abig_sae,True
com.asus.calculator,apd_ae,False
com.sec.pcw,apd_sae,False
com.samsung.android.spay,abig_vae,True
com.sec.android.app.popupcalculator,apd_vae,False
com.asus.calculator,exodus_ae,False
com.asus.calculator,exodus_vae,False
com.google.android.apps.messaging,abig_ae,True
com.bluebloodapps.trendy,abig_sae,False
com.bluebloodapps.trendy,apd_ae,False
com.google.android.apps.messaging,exodus_sae,True
com.google.android.apps.photos,apd_sae,False
com.bluebloodapps.trendy,exodus_ae,False
com.bluebloodapps.news,apd_vae,False
com.google.android.apps.messaging,abig_vae,True
com.bluebloodapps.trendy,exodus_vae,False
com.tripadvisor.tripadvisor,apd_ae,False
com.telecomitalia.cubomusica,abig_ae,True
com.tripadvisor.tripadvisor,abig_sae,True
com.telecomitalia.cubomusica,exodus_sae,True
com.dstvmobile.android,apd_sae,False
com.telecomitalia.cubomusica,abig_vae,True
com.asus.userfeedback,apd_vae,False
com.tripadvisor.tripadvisor,exodus_ae,False
com.tripadvisor.tripadvisor,exodus_vae,False
com.sec.android.app.popupcalculator,apd_ae,False
com.asus.calculator,abig_ae,True
com.asus.calculator,exodus_sae,False
com.asus.easylauncher,apd_vae,False
com.asus.calculator,abig_vae,True
com.samsung.android.spay,apd_sae,False
com.sec.android.app.popupcalculator,exodus_ae,False
com.sec.android.app.popupcalculator,abig_sae,True
com.sec.android.app.popupcalculator,exodus_vae,False
com.bluebloodapps.trendy,abig_ae,False
com.bluebloodapps.trendy,abig_vae,False
com.bluebloodapps.news,apd_ae,False
com.bluebloodapps.news,abig_sae,False
com.bluebloodapps.news,exodus_ae,False
com.pixlr.express,apd_vae,False
com.bluebloodapps.trendy,exodus_sae,False
com.google.android.apps.messaging,apd_sae,False
com.bluebloodapps.news,exodus_vae,False
com.tripadvisor.tripadvisor,abig_ae,True
com.tripadvisor.tripadvisor,abig_vae,True
com.asus.userfeedback,apd_ae,False
com.google.android.inputmethod.latin,apd_vae,False
com.telecomitalia.cubomusica,apd_sae,False
com.asus.userfeedback,abig_sae,True
com.tripadvisor.tripadvisor,exodus_sae,False
com.asus.userfeedback,exodus_ae,True
com.asus.userfeedback,exodus_vae,False
com.sec.android.app.popupcalculator,abig_vae,True
com.sec.android.app.popupcalculator,abig_ae,True
com.amazon.avod.thirdpartyclient,apd_vae,False
com.asus.easylauncher,apd_ae,False
com.asus.easylauncher,abig_sae,True
com.asus.calculator,apd_sae,False
com.sec.android.app.popupcalculator,exodus_sae,False
com.asus.easylauncher,exodus_ae,False
com.asus.easylauncher,exodus_vae,False
com.bluebloodapps.news,abig_ae,False
com.bluebloodapps.news,abig_vae,False
com.microsoft.skydrive,apd_vae,False
com.pixlr.express,apd_ae,False
com.pixlr.express,abig_sae,True
com.bluebloodapps.news,exodus_sae,False
com.bluebloodapps.trendy,apd_sae,False
com.pixlr.express,exodus_vae,False
com.pixlr.express,exodus_ae,False
com.asus.userfeedback,abig_vae,True
com.asus.userfeedback,abig_ae,True
com.google.android.inputmethod.latin,apd_ae,False
com.microsoft.office.powerpoint,apd_vae,False
com.google.android.inputmethod.latin,abig_sae,True
com.tripadvisor.tripadvisor,apd_sae,False
com.asus.userfeedback,exodus_sae,False
com.google.android.inputmethod.latin,exodus_vae,False
com.google.android.inputmethod.latin,exodus_ae,True
com.asus.easylauncher,abig_vae,True
com.asus.easylauncher,abig_ae,True
com.amazon.avod.thirdpartyclient,apd_ae,False
com.scee.psxandroid,apd_vae,False
com.amazon.avod.thirdpartyclient,abig_sae,True
com.sec.android.app.popupcalculator,apd_sae,False
com.amazon.avod.thirdpartyclient,exodus_ae,True
com.amazon.avod.thirdpartyclient,exodus_vae,True
com.asus.easylauncher,exodus_sae,False
com.pixlr.express,abig_ae,True
com.huawei.hwdetectrepair,apd_vae,False
com.pixlr.express,abig_vae,True
com.microsoft.skydrive,apd_ae,True
com.microsoft.skydrive,abig_sae,True
com.microsoft.skydrive,exodus_ae,True
com.bluebloodapps.news,apd_sae,False
com.pixlr.express,exodus_sae,False
com.microsoft.skydrive,exodus_vae,True
com.google.android.inputmethod.latin,abig_ae,True
com.oneplus.iconpack.oneplush2,apd_vae,False
com.google.android.inputmethod.latin,abig_vae,True
com.microsoft.office.powerpoint,apd_ae,False
com.microsoft.office.powerpoint,abig_sae,True
com.microsoft.office.powerpoint,exodus_ae,False
com.google.android.inputmethod.latin,exodus_sae,False
com.asus.userfeedback,apd_sae,False
com.amazon.avod.thirdpartyclient,abig_ae,True
com.microsoft.office.powerpoint,exodus_vae,False
com.amazon.avod.thirdpartyclient,abig_vae,True
com.xiaomi.midrop,apd_vae,False
com.scee.psxandroid,abig_sae,True
com.scee.psxandroid,apd_ae,False
com.scee.psxandroid,exodus_ae,True
com.asus.easylauncher,apd_sae,False
com.amazon.avod.thirdpartyclient,exodus_sae,True
com.microsoft.skydrive,abig_ae,True
com.scee.psxandroid,exodus_vae,False
com.oneplus.mms,apd_vae,True
com.microsoft.skydrive,abig_vae,True
com.huawei.hwdetectrepair,exodus_ae,True
com.huawei.hwdetectrepair,apd_ae,True
com.huawei.hwdetectrepair,abig_sae,True
com.microsoft.office.powerpoint,abig_ae,True
com.pixlr.express,apd_sae,False
com.huawei.hwdetectrepair,exodus_vae,True
com.microsoft.skydrive,exodus_sae,True
com.microsoft.office.powerpoint,abig_vae,True
com.tananaev.calculator,apd_vae,False
com.oneplus.iconpack.oneplush2,exodus_ae,False
com.oneplus.iconpack.oneplush2,abig_sae,False
com.oneplus.iconpack.oneplush2,apd_ae,False
com.scee.psxandroid,abig_ae,True
com.google.android.inputmethod.latin,apd_sae,False
com.oneplus.iconpack.oneplush2,exodus_vae,False
com.microsoft.office.powerpoint,exodus_sae,False
com.xiaomi.midrop,exodus_ae,True
com.wring.android.truehb,apd_vae,False
com.xiaomi.midrop,abig_sae,True
com.scee.psxandroid,abig_vae,True
com.xiaomi.midrop,apd_ae,False
com.huawei.hwdetectrepair,abig_ae,True
com.xiaomi.midrop,exodus_vae,True
com.amazon.avod.thirdpartyclient,apd_sae,False
com.scee.psxandroid,exodus_sae,False
com.oneplus.mms,exodus_ae,True
com.realme.link,apd_vae,True
com.oneplus.mms,apd_ae,True
com.oneplus.mms,abig_sae,True
com.huawei.hwdetectrepair,abig_vae,True
com.oneplus.iconpack.oneplush2,abig_ae,False
com.oneplus.mms,exodus_vae,True
com.microsoft.skydrive,apd_sae,False
com.huawei.hwdetectrepair,exodus_sae,True
com.google.android.apps.docs,apd_vae,False
com.tananaev.calculator,apd_ae,False
com.tananaev.calculator,exodus_ae,False
com.tananaev.calculator,abig_sae,False
com.oneplus.iconpack.oneplush2,abig_vae,False
com.xiaomi.midrop,abig_ae,True
com.tananaev.calculator,exodus_vae,False
com.microsoft.office.powerpoint,apd_sae,False
com.oneplus.iconpack.oneplush2,exodus_sae,False
com.samsung.android.voc,apd_vae,False
com.wring.android.truehb,exodus_ae,False
com.wring.android.truehb,apd_ae,False
com.xiaomi.midrop,abig_vae,True
com.wring.android.truehb,abig_sae,True
com.oneplus.mms,abig_ae,True
com.xiaomi.midrop,exodus_sae,True
com.wring.android.truehb,exodus_vae,False
com.scee.psxandroid,apd_sae,False
com.locationchanger,apd_vae,False
com.realme.link,exodus_ae,True
com.oneplus.mms,abig_vae,True
com.realme.link,apd_ae,True
com.realme.link,abig_sae,True
com.realme.link,exodus_vae,True
com.tananaev.calculator,abig_ae,False
com.oneplus.mms,exodus_sae,True
com.huawei.hwdetectrepair,apd_sae,False
com.tananaev.calculator,abig_vae,False
com.google.android.apps.docs,apd_ae,False
com.google.android.apps.docs,exodus_ae,True
com.sec.android.app.voicenote,apd_vae,False
com.google.android.apps.docs,abig_sae,True
com.wring.android.truehb,abig_ae,True
com.oneplus.iconpack.oneplush2,apd_sae,False
com.wring.android.truehb,abig_vae,True
com.tananaev.calculator,exodus_sae,False
com.google.android.apps.docs,exodus_vae,True
com.samsung.android.voc,exodus_ae,False
com.samsung.android.voc,abig_sae,False
com.samsung.android.voc,apd_ae,False
com.asus.mobilemanager,apd_vae,False
com.realme.link,abig_ae,True
com.xiaomi.midrop,apd_sae,False
com.realme.link,abig_vae,True
com.wring.android.truehb,exodus_sae,False
com.samsung.android.voc,exodus_vae,False
com.locationchanger,abig_sae,True
com.locationchanger,exodus_ae,True
com.locationchanger,apd_ae,False
com.google.android.apps.docs,abig_ae,True
com.google.audio.hearing.visualization.accessibility.scribe,apd_vae,False
com.oneplus.mms,apd_sae,False
com.google.android.apps.docs,abig_vae,True
com.realme.link,exodus_sae,True
com.locationchanger,exodus_vae,False
com.sec.android.app.voicenote,abig_sae,True
com.sec.android.app.voicenote,exodus_ae,True
com.samsung.android.voc,abig_ae,True
com.sonymobile.xperiaweather,apd_vae,False
com.samsung.android.voc,abig_vae,False
com.tananaev.calculator,apd_sae,False
com.sec.android.app.voicenote,apd_ae,False
com.sec.android.app.voicenote,exodus_vae,True
com.google.android.apps.docs,exodus_sae,True
com.locationchanger,abig_ae,True
com.asus.mobilemanager,abig_sae,True
com.asus.mobilemanager,exodus_ae,True
com.wring.android.truehb,apd_sae,False
com.locationchanger,abig_vae,True
com.asus.mobilemanager,apd_ae,False
,apd_vae,False
com.asus.mobilemanager,exodus_vae,True
com.samsung.android.voc,exodus_sae,False
com.google.audio.hearing.visualization.accessibility.scribe,exodus_ae,True
com.sec.android.app.voicenote,abig_ae,True
com.google.audio.hearing.visualization.accessibility.scribe,abig_sae,True
com.realme.link,apd_sae,False
,apd_vae,False
com.google.audio.hearing.visualization.accessibility.scribe,apd_ae,True
com.sec.android.app.voicenote,abig_vae,True
com.google.audio.hearing.visualization.accessibility.scribe,exodus_vae,False
com.sonymobile.xperiaweather,exodus_ae,False
com.locationchanger,exodus_sae,False
com.sonymobile.xperiaweather,abig_sae,True
com.asus.mobilemanager,abig_ae,True
com.google.android.apps.docs,apd_sae,False
com.samsung.android.privateshare,apd_vae,False
com.asus.mobilemanager,abig_vae,True
com.sonymobile.xperiaweather,apd_ae,False
com.sonymobile.xperiaweather,exodus_vae,False
com.sec.android.app.voicenote,exodus_sae,True
,exodus_ae,False
,abig_sae,False
com.google.audio.hearing.visualization.accessibility.scribe,abig_ae,True
com.samsung.android.voc,apd_sae,False
com.google.audio.hearing.visualization.accessibility.scribe,abig_vae,True
,apd_vae,False
,exodus_vae,False
com.asus.mobilemanager,exodus_sae,True
,apd_ae,False
,exodus_ae,False
,abig_sae,False
com.locationchanger,apd_sae,False
com.sonymobile.xperiaweather,abig_ae,True
,apd_vae,False
com.sonymobile.xperiaweather,abig_vae,False
,exodus_vae,False
com.google.audio.hearing.visualization.accessibility.scribe,exodus_sae,True
com.samsung.android.privateshare,exodus_ae,True
com.sec.android.app.voicenote,apd_sae,False
,apd_ae,False
,abig_ae,False
com.samsung.android.privateshare,abig_sae,True
,abig_vae,False
com.google.vr.vrcore,apd_vae,False
com.samsung.android.privateshare,exodus_vae,False
com.sonymobile.xperiaweather,exodus_sae,False
,abig_ae,False
com.asus.mobilemanager,apd_sae,False
,exodus_ae,False
com.samsung.android.privateshare,apd_ae,False
,abig_sae,False
,exodus_vae,False
,apd_vae,False
,abig_vae,False
,exodus_sae,False
,exodus_ae,False
com.samsung.android.privateshare,abig_ae,True
,abig_sae,False
com.google.audio.hearing.visualization.accessibility.scribe,apd_sae,False
,exodus_vae,False
com.sonymobile.getmore,apd_vae,False
com.samsung.android.privateshare,abig_vae,True
,exodus_sae,False
,apd_ae,False
com.google.vr.vrcore,exodus_ae,True
,abig_ae,False
com.google.vr.vrcore,abig_sae,True
com.sonymobile.xperiaweather,apd_sae,False
com.google.vr.vrcore,exodus_vae,False
,abig_vae,False
com.sony.snei.np.android.account,apd_vae,False
,apd_ae,False
com.samsung.android.privateshare,exodus_sae,True
,exodus_ae,False
,abig_ae,False
,apd_sae,False
,abig_sae,False
,exodus_vae,False
com.google.vr.vrcore,apd_ae,False
com.yandex.browser.lite,apd_vae,False
,abig_vae,False
,exodus_sae,False
com.sonymobile.getmore,exodus_ae,True
com.google.vr.vrcore,abig_ae,True
,apd_sae,False
com.sonymobile.getmore,exodus_vae,False
,apd_ae,False
id.co.babe,apd_vae,False
com.sonymobile.getmore,abig_sae,True
com.google.vr.vrcore,abig_vae,True
com.sony.snei.np.android.account,exodus_ae,False
com.samsung.android.privateshare,apd_sae,False
com.sony.snei.np.android.account,abig_sae,True
,exodus_sae,False
,abig_ae,False
com.sonymobile.getmore,apd_ae,False
com.sony.snei.np.android.account,exodus_vae,False
,abig_vae,False
net.mbc.shahid,apd_vae,False
com.yandex.browser.lite,exodus_ae,True
,apd_sae,False
com.yandex.browser.lite,abig_sae,True
com.google.vr.vrcore,exodus_sae,True
com.sonymobile.getmore,abig_ae,True
com.sonymobile.getmore,abig_vae,True
com.yandex.browser.lite,exodus_vae,False
com.sony.snei.np.android.account,apd_ae,False
si.assist.marolt,apd_vae,False
id.co.babe,exodus_ae,False
,apd_sae,False
id.co.babe,abig_sae,True
,exodus_sae,False
id.co.babe,exodus_vae,False
com.sony.snei.np.android.account,abig_vae,True
com.sony.snei.np.android.account,abig_ae,True
com.yandex.browser.lite,apd_ae,False
net.mbc.shahid,exodus_ae,False
com.google.vr.vrcore,apd_sae,False
,apd_vae,False
com.sonymobile.getmore,exodus_sae,True
net.mbc.shahid,abig_sae,True
net.mbc.shahid,exodus_vae,False
,apd_sae,False
com.yandex.browser.lite,abig_ae,True
id.co.babe,apd_ae,False
com.yandex.browser.lite,abig_vae,True
com.sony.snei.np.android.account,exodus_sae,False
si.assist.marolt,exodus_ae,False
com.facebook.orca,apd_vae,False
si.assist.marolt,abig_sae,True
id.co.babe,abig_ae,True
si.assist.marolt,exodus_vae,False
net.mbc.shahid,apd_ae,False
id.co.babe,abig_vae,True
com.yandex.browser.lite,exodus_sae,False
com.sonymobile.getmore,apd_sae,False
,exodus_ae,False
,abig_sae,False
,apd_vae,False
net.mbc.shahid,abig_ae,True
net.mbc.shahid,abig_vae,True
si.assist.marolt,apd_ae,False
,exodus_vae,False
com.sony.snei.np.android.account,apd_sae,False
,apd_vae,False
com.facebook.orca,abig_sae,False
id.co.babe,exodus_sae,False
com.facebook.orca,exodus_ae,False
si.assist.marolt,abig_ae,True
,apd_ae,False
si.assist.marolt,abig_vae,True
com.yandex.browser.lite,apd_sae,False
com.facebook.orca,exodus_vae,False
,apd_vae,False
,abig_sae,False
,exodus_ae,False
net.mbc.shahid,exodus_sae,False
com.facebook.orca,apd_ae,False
,abig_ae,False
,abig_vae,False
id.co.babe,apd_sae,False
,exodus_vae,False
tvlapalma.nt.gdp,apd_vae,False
,abig_sae,False
,exodus_ae,False
si.assist.marolt,exodus_sae,False
,apd_ae,False
com.facebook.orca,abig_ae,True
com.facebook.orca,abig_vae,False
net.mbc.shahid,apd_sae,False
,apd_vae,False
,exodus_vae,False
,abig_sae,False
,exodus_ae,False
,abig_ae,False
,apd_ae,False
,exodus_sae,False
,abig_vae,False
com.sonymobile.lifelog,apd_vae,False
si.assist.marolt,apd_sae,False
,exodus_vae,False
tvlapalma.nt.gdp,exodus_ae,False
tvlapalma.nt.gdp,abig_sae,True
,apd_ae,False
,abig_ae,False
com.facebook.orca,exodus_sae,False
tvlapalma.nt.gdp,exodus_vae,False
,abig_vae,False
,apd_sae,False
,abig_sae,False
,apd_vae,False
,exodus_ae,False
,exodus_sae,False
tvlapalma.nt.gdp,apd_ae,False
,abig_ae,False
,exodus_vae,False
,abig_vae,False
mercado.com,apd_vae,False
com.sonymobile.lifelog,abig_sae,True
,exodus_sae,False
com.facebook.orca,apd_sae,False
com.sonymobile.lifelog,exodus_ae,True
,apd_ae,False
com.sonymobile.lifelog,exodus_vae,False
tvlapalma.nt.gdp,abig_ae,True
,abig_sae,False
tvlapalma.nt.gdp,abig_vae,True
,apd_sae,False
com.hmdglobal.support,apd_vae,False
,exodus_ae,False
,exodus_sae,False
com.sonymobile.lifelog,apd_ae,True
,exodus_vae,False
,abig_vae,False
,abig_ae,False
mercado.com,abig_sae,False
,apd_sae,False
,apd_vae,False
mercado.com,exodus_ae,False
tvlapalma.nt.gdp,exodus_sae,False
,apd_ae,False
com.sonymobile.lifelog,abig_vae,True
com.sonymobile.lifelog,abig_ae,True
mercado.com,exodus_vae,False
,apd_sae,False
com.hmdglobal.support,abig_sae,False
com.mobisystems.office,apd_vae,False
com.hmdglobal.support,exodus_ae,False
,exodus_sae,False
,abig_vae,False
mercado.com,apd_ae,False
,abig_ae,False
com.hmdglobal.support,exodus_vae,False
tvlapalma.nt.gdp,apd_sae,False
,abig_sae,False
,exodus_ae,False
com.sonymobile.lifelog,exodus_sae,False
com.microsoft.office.excel,apd_vae,False
mercado.com,abig_vae,False
mercado.com,abig_ae,True
,apd_sae,False
,exodus_vae,False
com.hmdglobal.support,apd_ae,False
com.mobisystems.office,abig_sae,True
com.google.android.gm,apd_vae,False
com.mobisystems.office,exodus_ae,True
,exodus_sae,False
,apd_ae,False
com.hmdglobal.support,abig_vae,False
com.mobisystems.office,exodus_vae,True
com.sonymobile.lifelog,apd_sae,False
com.hmdglobal.support,abig_ae,True
,apd_vae,False
com.microsoft.office.excel,exodus_ae,False
com.microsoft.office.excel,abig_sae,True
mercado.com,exodus_sae,False
,abig_vae,False
com.microsoft.office.excel,exodus_vae,False
com.mobisystems.office,apd_ae,False
,abig_ae,False
,apd_sae,False
,apd_vae,False
com.google.android.gm,exodus_ae,True
com.google.android.gm,exodus_vae,True
com.mobisystems.office,abig_vae,True
com.hmdglobal.support,exodus_sae,False
com.google.android.gm,abig_sae,True
mercado.com,apd_sae,False
com.microsoft.office.excel,apd_ae,False
com.mobisystems.office,abig_ae,True
,exodus_ae,False
,apd_vae,False
com.google.android.gm,apd_ae,False
com.hmdglobal.support,apd_sae,False
,exodus_sae,False
com.microsoft.office.excel,abig_vae,True
,abig_sae,False
com.microsoft.office.excel,abig_ae,True
,exodus_vae,False
,exodus_ae,False
,apd_vae,False
,apd_ae,False
com.mobisystems.office,exodus_sae,True
com.google.android.gm,abig_vae,True
,exodus_ae,False
,apd_sae,False
com.google.android.gm,abig_ae,True
,abig_sae,False
,exodus_vae,False
de.axelspringer.yana.zeropage,apd_vae,False
com.microsoft.office.excel,exodus_sae,False
com.mobisystems.office,apd_sae,False
,abig_ae,False
,abig_sae,False
,apd_ae,False
,exodus_ae,False
,abig_vae,False
,exodus_vae,False
com.dsi.ant.service.socket,apd_vae,False
com.microsoft.office.excel,apd_sae,False
,apd_ae,False
de.axelspringer.yana.zeropage,exodus_ae,True
,abig_ae,False
,abig_sae,False
com.google.android.gm,exodus_sae,True
,apd_vae,False
,abig_vae,False
,exodus_vae,False
,apd_ae,False
de.axelspringer.yana.zeropage,abig_sae,True
com.dsi.ant.service.socket,exodus_ae,False
,abig_ae,False
com.google.android.gm,apd_sae,False
,exodus_sae,False
,abig_vae,False
,apd_vae,False
de.axelspringer.yana.zeropage,exodus_vae,True
de.axelspringer.yana.zeropage,apd_ae,False
,exodus_ae,False
,abig_ae,False
com.dsi.ant.service.socket,abig_sae,True
,exodus_sae,False
,apd_sae,False
,abig_vae,False
,apd_vae,False
com.dsi.ant.service.socket,exodus_vae,False
com.dsi.ant.service.socket,apd_ae,False
,exodus_ae,False
de.axelspringer.yana.zeropage,abig_ae,True
,abig_sae,False
,exodus_sae,False
de.axelspringer.yana.zeropage,abig_vae,True
,apd_sae,False
,exodus_vae,False
,apd_vae,False
,exodus_ae,False
,apd_ae,False
com.dsi.ant.service.socket,abig_ae,True
,abig_sae,False
,apd_sae,False
,exodus_sae,False
com.dsi.ant.service.socket,abig_vae,True
,apd_vae,False
,exodus_vae,False
,apd_ae,False
,exodus_ae,False
,abig_ae,False
,apd_sae,False
,abig_sae,False
de.axelspringer.yana.zeropage,exodus_sae,True
,abig_vae,False
,exodus_vae,False
,apd_vae,False
,apd_ae,False
,exodus_ae,False
,abig_sae,False
,abig_ae,False
com.dsi.ant.service.socket,exodus_sae,False
de.axelspringer.yana.zeropage,apd_sae,False
,exodus_vae,False
,abig_vae,False
,apd_vae,False
,abig_sae,False
,apd_ae,False
,exodus_ae,False
,abig_ae,False
com.dsi.ant.service.socket,apd_sae,False
,exodus_sae,False
,exodus_vae,False
,abig_vae,False
,apd_vae,False
,abig_sae,False
,apd_ae,False
,exodus_ae,False
,apd_sae,False
,abig_ae,False
,exodus_sae,False
,abig_sae,False
,exodus_vae,False
,abig_vae,False
,apd_sae,False
,apd_ae,False
kr.co.wschurch.m,apd_vae,False
,exodus_ae,False
,abig_ae,False
,exodus_sae,False
,exodus_vae,False
,apd_sae,False
,abig_vae,False
,abig_sae,False
com.evernote,apd_vae,False
,apd_ae,False
kr.co.wschurch.m,exodus_ae,False
,exodus_sae,False
,abig_ae,False
,exodus_vae,False
,apd_sae,False
,apd_ae,False
io.zotto.linkpay,apd_vae,False
,abig_vae,False
kr.co.wschurch.m,abig_sae,False
,exodus_sae,False
,abig_ae,False
com.evernote,exodus_ae,True
kr.co.wschurch.m,exodus_vae,False
kr.co.wschurch.m,apd_ae,False
,apd_sae,False
com.evernote,abig_sae,True
,apd_vae,False
com.evernote,exodus_vae,True
,abig_ae,False
,exodus_sae,False
,abig_vae,False
io.zotto.linkpay,exodus_ae,True
,apd_sae,False
io.zotto.linkpay,abig_sae,True
com.sonymobile.androidapp.cameraaddon.areffect,apd_vae,False
com.evernote,apd_ae,False
kr.co.wschurch.m,abig_ae,True
,exodus_sae,False
io.zotto.linkpay,exodus_vae,False
,abig_vae,False
,exodus_ae,False
,apd_sae,False
,abig_sae,False
io.zotto.linkpay,apd_ae,False
,apd_vae,False
com.evernote,abig_ae,True
,exodus_sae,False
,exodus_vae,False
,apd_sae,False
com.sonymobile.androidapp.cameraaddon.areffect,exodus_ae,False
kr.co.wschurch.m,abig_vae,False
com.sonymobile.androidapp.cameraaddon.areffect,abig_sae,True
,apd_vae,False
,apd_ae,False
io.zotto.linkpay,abig_ae,True
kr.co.wschurch.m,apd_sae,False
com.sonymobile.androidapp.cameraaddon.areffect,exodus_vae,False
kr.co.wschurch.m,exodus_sae,False
,exodus_ae,False
com.evernote,abig_vae,True
,abig_sae,False
com.sonymobile.androidapp.cameraaddon.areffect,apd_ae,False
,apd_vae,False
,abig_ae,False
com.evernote,apd_sae,False
com.evernote,exodus_sae,True
io.zotto.linkpay,abig_vae,True
,exodus_ae,False
,exodus_vae,False
,abig_sae,False
,apd_ae,False
com.sonymobile.androidapp.cameraaddon.areffect,abig_ae,True
,apd_vae,False
io.zotto.linkpay,exodus_sae,False
io.zotto.linkpay,apd_sae,False
,exodus_ae,False
,abig_vae,False
,exodus_vae,False
,apd_vae,False
,abig_sae,False
,abig_ae,False
,apd_ae,False
,exodus_sae,False
,exodus_ae,False
,apd_sae,False
com.sonymobile.androidapp.cameraaddon.areffect,abig_vae,True
,apd_ae,False
com.samsung.android.app.watchmanager,apd_vae,False
,exodus_vae,False
,abig_ae,False
,abig_sae,False
com.sonymobile.androidapp.cameraaddon.areffect,exodus_sae,False
com.sonymobile.androidapp.cameraaddon.areffect,apd_sae,False
,exodus_ae,False
,abig_vae,False
,apd_vae,False
,apd_ae,False
,abig_ae,False
,abig_sae,False
,exodus_sae,False
,exodus_vae,False
,apd_sae,False
com.samsung.android.app.watchmanager,exodus_ae,True
,abig_vae,False
com.asus.gamewidget,apd_vae,False
,apd_ae,False
,abig_ae,False
,exodus_vae,False
com.samsung.android.app.watchmanager,abig_sae,True
,apd_sae,False
,exodus_sae,False
,abig_vae,False
,exodus_ae,False
,apd_vae,False
com.samsung.android.app.watchmanager,apd_ae,True
,abig_ae,False
com.samsung.android.app.watchmanager,exodus_vae,True
,abig_sae,False
,apd_sae,False
,exodus_sae,False
,abig_vae,False
com.asus.gamewidget,exodus_ae,True
net.oneplus.weather,apd_vae,False
,apd_ae,False
,apd_sae,False
,exodus_vae,False
com.samsung.android.app.watchmanager,abig_ae,True
com.asus.gamewidget,abig_sae,True
,exodus_sae,False
,abig_vae,False
,apd_vae,False
com.asus.gamewidget,apd_ae,True
,apd_sae,False
,exodus_ae,False
,exodus_sae,False
com.asus.gamewidget,exodus_vae,True
,abig_sae,False
,abig_ae,False
com.samsung.android.app.watchmanager,abig_vae,True
,apd_vae,False
com.samsung.android.app.watchmanager,apd_sae,False
,apd_ae,False
,exodus_vae,False
net.oneplus.weather,exodus_ae,True
com.samsung.android.app.watchmanager,exodus_sae,True
net.oneplus.weather,abig_sae,True
com.asus.gamewidget,abig_ae,True
,abig_vae,False
net.oneplus.weather,apd_ae,False
,apd_vae,False
net.oneplus.weather,exodus_vae,False
,apd_sae,False
,exodus_ae,False
,abig_sae,False
,exodus_sae,False
com.asus.gamewidget,abig_vae,True
,apd_ae,False
,abig_ae,False
,exodus_vae,False
,abig_sae,False
com.asus.gamewidget,apd_sae,False
,exodus_ae,False
,apd_vae,False
com.asus.gamewidget,exodus_sae,True
,abig_vae,False
,apd_ae,False
net.oneplus.weather,abig_ae,True
,exodus_vae,False
,apd_sae,False
,exodus_ae,False
,abig_sae,False
com.fluidtouch.noteshelf2,apd_vae,False
net.oneplus.weather,abig_vae,True
,apd_ae,False
,exodus_sae,False
,abig_ae,False
,abig_sae,False
,exodus_vae,False
,abig_vae,False
,exodus_ae,False
net.oneplus.weather,apd_sae,False
com.oneplus.filemanager,apd_vae,False
,abig_ae,False
,apd_ae,False
net.oneplus.weather,exodus_sae,False
com.fluidtouch.noteshelf2,abig_sae,False
,exodus_vae,False
com.fluidtouch.noteshelf2,exodus_ae,False
,abig_vae,False
,apd_sae,False
,apd_vae,False
com.fluidtouch.noteshelf2,apd_ae,False
,abig_ae,False
,exodus_sae,False
com.oneplus.filemanager,abig_sae,True
com.fluidtouch.noteshelf2,exodus_vae,False
com.oneplus.filemanager,exodus_ae,True
,apd_sae,False
,abig_ae,False
,abig_vae,False
com.oneplus.filemanager,apd_ae,False
,exodus_sae,False
com.supersport.android.phone,apd_vae,False
,abig_sae,False
,exodus_ae,False
com.oneplus.filemanager,exodus_vae,False
,apd_sae,False
,abig_vae,False
,exodus_sae,False
com.google.android.videos,apd_vae,False
com.fluidtouch.noteshelf2,abig_ae,False
,apd_ae,False
com.supersport.android.phone,abig_sae,False
com.supersport.android.phone,exodus_ae,False
,exodus_vae,False
,exodus_sae,False
com.fluidtouch.noteshelf2,abig_vae,False
com.google.android.apps.books,apd_vae,False
,apd_sae,False
com.oneplus.filemanager,abig_ae,True
com.supersport.android.phone,apd_ae,False
com.google.android.videos,exodus_ae,True
com.google.android.videos,abig_sae,True
com.supersport.android.phone,exodus_vae,False
com.oneplus.filemanager,abig_vae,True
com.biztory,apd_vae,False
com.fluidtouch.noteshelf2,apd_sae,False
com.fluidtouch.noteshelf2,exodus_sae,False
,abig_ae,False
com.google.android.videos,apd_ae,False
com.google.android.apps.books,exodus_ae,False
com.google.android.apps.books,abig_sae,True
com.google.android.videos,exodus_vae,False
,abig_vae,False
com.google.android.dialer,apd_vae,True
com.oneplus.filemanager,exodus_sae,True
com.oneplus.filemanager,apd_sae,False
com.supersport.android.phone,abig_ae,False
com.biztory,exodus_ae,False
com.biztory,abig_sae,True
com.google.android.apps.books,apd_ae,False
com.supersport.android.phone,abig_vae,False
com.google.android.apps.books,exodus_vae,False
,apd_sae,False
com.google.android.videos,abig_ae,True
,apd_vae,False
,exodus_sae,False
com.google.android.dialer,exodus_ae,True
com.biztory,apd_ae,False
com.biztory,exodus_vae,False
com.google.android.dialer,abig_sae,True
com.google.android.videos,abig_vae,True
com.supersport.android.phone,apd_sae,False
com.google.android.apps.books,abig_ae,True
com.yvisherve.faba_app,apd_vae,False
com.supersport.android.phone,exodus_sae,False
com.google.android.dialer,apd_ae,True
com.google.android.dialer,exodus_vae,True
,exodus_ae,False
,abig_sae,False
com.google.android.apps.books,abig_vae,True
com.google.android.videos,apd_sae,False
com.biztory,abig_ae,True
com.google.android.videos,exodus_sae,True
,apd_vae,False
com.yvisherve.faba_app,exodus_ae,False
,exodus_vae,False
,apd_ae,False
com.yvisherve.faba_app,abig_sae,False
com.google.android.apps.books,apd_sae,False
com.google.android.dialer,abig_ae,True
com.biztory,abig_vae,True
com.oneplus.canvasresources,apd_vae,False
,exodus_ae,False
com.google.android.apps.books,exodus_sae,False
com.yvisherve.faba_app,exodus_vae,False
,abig_sae,False
com.yvisherve.faba_app,apd_ae,False
,abig_ae,False
com.biztory,apd_sae,False
com.google.android.dialer,abig_vae,True
com.oneplus.canvasresources,exodus_ae,False
com.biztory,exodus_sae,False
,apd_vae,False
com.oneplus.canvasresources,abig_sae,False
,exodus_vae,False
com.yvisherve.faba_app,abig_ae,True
,apd_ae,False
com.google.android.dialer,apd_sae,True
com.google.android.dialer,exodus_sae,True
,exodus_ae,False
com.google.android.projection.gearhead,apd_vae,False
,abig_sae,False
,abig_vae,False
com.oneplus.canvasresources,exodus_vae,False
com.oneplus.canvasresources,apd_ae,False
,abig_ae,False
,apd_sae,False
,exodus_sae,False
com.google.android.projection.gearhead,exodus_ae,True
com.yvisherve.faba_app,abig_vae,False
,apd_ae,False
net.sugar.mypasswords,apd_vae,False
,exodus_vae,False
com.google.android.projection.gearhead,abig_sae,True
com.oneplus.canvasresources,abig_ae,False
com.yvisherve.faba_app,exodus_sae,False
com.yvisherve.faba_app,apd_sae,False
net.sugar.mypasswords,exodus_ae,False
com.google.android.projection.gearhead,apd_ae,True
,apd_vae,False
net.sugar.mypasswords,abig_sae,True
,abig_vae,False
com.google.android.projection.gearhead,exodus_vae,True
,abig_ae,False
,exodus_sae,False
,apd_sae,False
,exodus_ae,False
net.sugar.mypasswords,apd_ae,False
,apd_vae,False
com.oneplus.canvasresources,abig_vae,False
com.google.android.projection.gearhead,abig_ae,True
,abig_sae,False
com.oneplus.canvasresources,exodus_sae,False
net.sugar.mypasswords,exodus_vae,False
,apd_ae,False
,exodus_ae,False
com.oneplus.canvasresources,apd_sae,False
ru.yandex.searchplugin,apd_vae,False
,abig_vae,False
,abig_sae,False
,exodus_sae,False
net.sugar.mypasswords,abig_ae,True
,exodus_vae,False
,apd_sae,False
,apd_ae,False
com.google.android.projection.gearhead,abig_vae,True
ru.yandex.searchplugin,exodus_ae,True
ru.yandex.searchplugin,abig_sae,True
,abig_ae,False
com.huawei.phoneservice,apd_vae,False
com.google.android.projection.gearhead,exodus_sae,True
,exodus_vae,False
com.google.android.projection.gearhead,apd_sae,False
ru.yandex.searchplugin,apd_ae,False
com.huawei.phoneservice,exodus_ae,True
com.huawei.phoneservice,abig_sae,True
,abig_ae,False
net.sugar.mypasswords,exodus_sae,False
,apd_vae,False
ru.yandex.searchplugin,exodus_vae,True
com.huawei.phoneservice,apd_ae,False
net.sugar.mypasswords,abig_vae,True
net.sugar.mypasswords,apd_sae,False
,exodus_ae,False
,abig_sae,False
ru.yandex.searchplugin,abig_ae,True
,exodus_sae,False
,apd_ae,False
com.amazon.kindle,apd_vae,False
,apd_sae,False
,abig_vae,False
com.huawei.phoneservice,exodus_vae,True
com.amazon.kindle,exodus_ae,True
com.huawei.phoneservice,abig_ae,True
com.amazon.kindle,abig_sae,True
,exodus_sae,False
com.amazon.kindle,apd_ae,True
,abig_vae,False
,apd_sae,False
,exodus_vae,False
com.sonyericsson.extras.liveware,exodus_ae,True
,abig_ae,False
com.sonyericsson.extras.liveware,apd_vae,True
com.sonyericsson.extras.liveware,apd_ae,True
com.sonyericsson.extras.liveware,abig_sae,True
ru.yandex.searchplugin,exodus_sae,True
ru.yandex.searchplugin,apd_sae,False
com.amazon.kindle,exodus_vae,True
ru.yandex.searchplugin,abig_vae,True
com.hicloud.android.clone,exodus_ae,True
com.hicloud.android.clone,apd_vae,True
com.amazon.kindle,abig_ae,True
com.huawei.phoneservice,exodus_sae,True
com.hicloud.android.clone,apd_ae,True
com.hicloud.android.clone,abig_sae,True
com.huawei.phoneservice,apd_sae,False
com.huawei.phoneservice,abig_vae,True
,exodus_ae,False
,apd_vae,False
com.sonyericsson.extras.liveware,abig_ae,True
com.sonyericsson.extras.liveware,exodus_vae,True
,apd_ae,False
,exodus_sae,False
,apd_sae,False
,abig_sae,False
,apd_vae,False
com.hicloud.android.clone,abig_ae,True
,apd_ae,False
,abig_vae,False
,exodus_ae,False
com.amazon.kindle,exodus_sae,True
com.hicloud.android.clone,exodus_vae,True
,abig_sae,False
com.amazon.kindle,apd_sae,False
com.google.android.googlequicksearchbox,apd_vae,True
com.google.android.googlequicksearchbox,exodus_ae,True
com.google.android.googlequicksearchbox,apd_ae,True
com.amazon.kindle,abig_vae,True
,abig_ae,False
,exodus_vae,False
com.sonyericsson.extras.liveware,exodus_sae,True
com.google.android.googlequicksearchbox,abig_sae,True
com.tdg.trueid.ph,apd_vae,False
com.sonyericsson.extras.liveware,apd_sae,False
com.tdg.trueid.ph,exodus_ae,False
,abig_ae,False
com.tdg.trueid.ph,apd_ae,False
com.sonyericsson.extras.liveware,abig_vae,True
,exodus_vae,False
com.hicloud.android.clone,exodus_sae,True
,apd_vae,False
com.tdg.trueid.ph,abig_sae,True
com.hicloud.android.clone,apd_sae,False
com.google.android.googlequicksearchbox,exodus_vae,True
,exodus_ae,False
com.hicloud.android.clone,abig_vae,True
com.google.android.googlequicksearchbox,abig_ae,True
,apd_ae,False
net.oneplus.launcher,apd_vae,False
,abig_sae,False
,exodus_sae,False
,apd_sae,False
,abig_vae,False
com.tdg.trueid.ph,exodus_vae,False
com.tdg.trueid.ph,abig_ae,True
,exodus_sae,False
net.oneplus.launcher,abig_sae,True
net.oneplus.launcher,apd_ae,False
net.oneplus.launcher,exodus_ae,True
,apd_vae,False
,apd_sae,False
,abig_vae,False
com.android.chrome,apd_vae,False
,exodus_vae,False
com.google.android.googlequicksearchbox,exodus_sae,True
,apd_ae,False
,abig_sae,False
,exodus_ae,False
,abig_ae,False
com.google.android.googlequicksearchbox,apd_sae,True
com.google.android.googlequicksearchbox,abig_vae,True
com.twitter.android,apd_vae,True
net.oneplus.launcher,exodus_vae,True
com.android.chrome,apd_ae,True
com.android.chrome,exodus_ae,True
com.tdg.trueid.ph,exodus_sae,False
net.oneplus.launcher,abig_ae,True
com.android.chrome,abig_sae,True
com.tdg.trueid.ph,apd_sae,False
com.tdg.trueid.ph,abig_vae,True
com.miui.player,apd_vae,False
,exodus_vae,False
com.twitter.android,apd_ae,True
com.twitter.android,exodus_ae,True
,exodus_sae,False
,abig_ae,False
,apd_sae,False
,abig_vae,False
com.twitter.android,abig_sae,True
com.miui.player,apd_ae,True
com.android.chrome,exodus_vae,True
,apd_vae,False
com.android.chrome,abig_ae,True
com.miui.player,exodus_ae,True
net.oneplus.launcher,apd_sae,False
net.oneplus.launcher,abig_vae,True
com.miui.player,abig_sae,True
net.oneplus.launcher,exodus_sae,True
,apd_ae,False
com.twitter.android,exodus_vae,True
com.twitter.android,abig_ae,True
,exodus_ae,False
com.oneplus.gamespace,apd_vae,False
,apd_sae,False
,exodus_sae,False
,abig_sae,False
,abig_vae,False
com.oneplus.gamespace,apd_ae,False
com.android.chrome,apd_sae,False
com.oneplus.gamespace,exodus_ae,False
com.miui.player,exodus_vae,True
,apd_vae,False
com.android.chrome,abig_vae,True
com.miui.player,abig_ae,True
com.android.chrome,exodus_sae,True
com.oneplus.gamespace,abig_sae,True
,apd_ae,False
com.twitter.android,apd_sae,False
,exodus_vae,False
com.twitter.android,abig_vae,True
com.ojisan.project.breadweighing,apd_vae,False
,exodus_ae,False
com.twitter.android,exodus_sae,True
,abig_ae,False
,abig_sae,False
com.ojisan.project.breadweighing,apd_ae,False
com.oneplus.gamespace,exodus_vae,False
com.miui.player,apd_sae,False
com.miui.player,abig_vae,True
com.oneplus.gamespace,abig_ae,True
com.ojisan.project.breadweighing,exodus_ae,False
,apd_vae,False
com.ojisan.project.breadweighing,abig_sae,True
com.miui.player,exodus_sae,True
,exodus_vae,False
,apd_ae,False
,apd_sae,False
,abig_vae,False
,exodus_ae,False
,apd_vae,False
,abig_ae,False
,abig_sae,False
,exodus_sae,False
com.ojisan.project.breadweighing,exodus_vae,False
,apd_ae,False
com.oneplus.gamespace,apd_sae,False
com.oneplus.gamespace,exodus_sae,False
com.oneplus.gamespace,abig_vae,True
,apd_vae,False
,exodus_vae,False
,exodus_ae,False
com.ojisan.project.breadweighing,abig_ae,True
,apd_ae,False
,abig_sae,False
,apd_sae,False
com.huawei.android.thememanager,apd_vae,False
,exodus_sae,False
,abig_vae,False
,exodus_vae,False
,exodus_ae,False
,abig_sae,False
com.huawei.android.thememanager,apd_ae,True
,abig_ae,False
com.ojisan.project.breadweighing,apd_sae,False
,apd_vae,False
,apd_ae,False
com.ojisan.project.breadweighing,exodus_sae,False
com.ojisan.project.breadweighing,abig_vae,True
com.huawei.android.thememanager,abig_sae,True
,exodus_vae,False
com.huawei.android.thememanager,exodus_ae,True
,apd_sae,False
,abig_ae,False
com.mi.android.globalminusscreen,apd_vae,True
com.mi.android.globalminusscreen,apd_ae,True
com.huawei.android.thememanager,exodus_vae,True
,abig_vae,False
,exodus_ae,False
,exodus_sae,False
,abig_sae,False
,apd_sae,False
,abig_ae,False
com.google.android.contacts,apd_vae,False
,exodus_vae,False
com.google.android.contacts,apd_ae,True
,abig_vae,False
com.mi.android.globalminusscreen,exodus_ae,True
,apd_vae,False
,apd_sae,False
com.mi.android.globalminusscreen,abig_sae,True
com.huawei.android.thememanager,abig_ae,True
,exodus_sae,False
,abig_vae,False
,apd_ae,False
com.google.android.contacts,exodus_ae,True
com.mi.android.globalminusscreen,exodus_vae,True
com.huawei.android.thememanager,apd_sae,False
,abig_ae,False
com.google.android.apps.wallpaper,apd_vae,False
,exodus_sae,False
com.google.android.contacts,abig_sae,True
com.huawei.android.thememanager,abig_vae,True
,exodus_ae,False
com.google.android.contacts,exodus_vae,True
com.google.android.apps.wallpaper,apd_ae,False
,apd_sae,False
com.mi.android.globalminusscreen,abig_ae,True
,abig_sae,False
com.sony.nfx.app.sfrc,apd_vae,False
com.huawei.android.thememanager,exodus_sae,True
,abig_vae,False
com.google.android.apps.wallpaper,exodus_ae,False
,exodus_vae,False
com.sony.nfx.app.sfrc,apd_ae,False
com.google.android.apps.wallpaper,abig_sae,True
com.mi.android.globalminusscreen,apd_sae,False
com.google.android.contacts,abig_ae,True
,apd_vae,False
,exodus_sae,False
com.mi.android.globalminusscreen,abig_vae,True
com.google.android.apps.wallpaper,exodus_vae,False
com.sony.nfx.app.sfrc,exodus_ae,True
,apd_ae,False
com.sony.nfx.app.sfrc,abig_sae,True
com.google.android.contacts,abig_vae,True
,apd_vae,False
,abig_ae,False
com.google.android.contacts,apd_sae,False
com.mi.android.globalminusscreen,exodus_sae,True
com.sony.nfx.app.sfrc,exodus_vae,False
,exodus_ae,False
,apd_ae,False
,apd_sae,False
,abig_sae,False
com.google.android.apps.wallpaper,abig_ae,True
,apd_vae,False
,abig_vae,False
com.google.android.contacts,exodus_sae,True
,exodus_ae,False
,exodus_vae,False
,apd_ae,False
com.google.android.calculator,apd_vae,False
com.google.android.apps.wallpaper,apd_sae,False
com.sony.nfx.app.sfrc,abig_ae,True
,abig_sae,False
,exodus_sae,False
,exodus_vae,False
com.google.android.apps.wallpaper,abig_vae,True
,exodus_ae,False
com.google.android.calculator,apd_ae,False
com.sony.nfx.app.sfrc,apd_sae,False
com.whatsapp,apd_vae,True
,abig_ae,False
,abig_sae,False
com.google.android.apps.wallpaper,exodus_sae,False
,exodus_vae,False
com.google.android.calculator,exodus_ae,False
com.whatsapp,apd_ae,True
com.sony.nfx.app.sfrc,abig_vae,True
,apd_sae,False
,apd_vae,False
com.google.android.calculator,abig_sae,True
com.sony.nfx.app.sfrc,exodus_sae,False
com.google.android.calculator,exodus_vae,False
,abig_ae,False
com.whatsapp,exodus_ae,True
,abig_vae,False
,apd_ae,False
,apd_sae,False
com.google.android.tts,apd_vae,False
com.whatsapp,abig_sae,True
com.whatsapp,exodus_vae,True
,exodus_sae,False
,abig_vae,False
,exodus_ae,False
,abig_ae,False
com.google.android.tts,apd_ae,False
com.sonyericsson.xhs,apd_vae,False
,apd_sae,False
,exodus_vae,False
,abig_sae,False
,abig_vae,False
,exodus_sae,False
com.google.android.tts,exodus_ae,False
com.google.android.calculator,abig_ae,True
com.google.android.calculator,apd_sae,False
com.sonyericsson.xhs,apd_ae,True
hr.infinum.mojvip,apd_vae,False
com.google.android.tts,exodus_vae,False
com.google.android.calculator,abig_vae,True
com.whatsapp,abig_ae,True
com.sonyericsson.xhs,exodus_ae,True
com.google.android.tts,abig_sae,True
,exodus_sae,False
com.sec.android.app.shealth,apd_vae,False
com.whatsapp,apd_sae,False
hr.infinum.mojvip,apd_ae,False
com.whatsapp,abig_vae,True
hr.infinum.mojvip,exodus_ae,True
,abig_ae,False
com.sonyericsson.xhs,abig_sae,True
com.sonyericsson.xhs,exodus_vae,True
com.google.android.calculator,exodus_sae,False
,apd_vae,False
,apd_sae,False
com.sec.android.app.shealth,apd_ae,False
com.sec.android.app.shealth,exodus_ae,True
,abig_vae,False
hr.infinum.mojvip,exodus_vae,False
com.google.android.tts,abig_ae,True
hr.infinum.mojvip,abig_sae,True
com.whatsapp,exodus_sae,True
,apd_vae,False
com.google.android.tts,apd_sae,False
,apd_ae,False
,exodus_ae,False
com.sonyericsson.xhs,abig_ae,True
com.sec.android.app.shealth,exodus_vae,True
com.google.android.tts,abig_vae,True
com.sec.android.app.shealth,abig_sae,True
,exodus_sae,False
com.sonyericsson.xhs,apd_sae,False
deezer.android.app,apd_vae,False
,apd_ae,False
hr.infinum.mojvip,abig_ae,True
,exodus_ae,False
,exodus_vae,False
com.sonyericsson.xhs,abig_vae,True
hr.infinum.mojvip,apd_sae,False
,abig_sae,False
com.miui.android.fashiongallery,apd_vae,False
com.google.android.tts,exodus_sae,False
deezer.android.app,apd_ae,False
deezer.android.app,exodus_ae,True
com.sec.android.app.shealth,abig_ae,True
hr.infinum.mojvip,abig_vae,True
com.sec.android.app.shealth,apd_sae,False
,exodus_vae,False
,abig_sae,False
,apd_vae,False
com.miui.android.fashiongallery,apd_ae,False
com.miui.android.fashiongallery,exodus_ae,True
com.sonyericsson.xhs,exodus_sae,True
,apd_sae,False
,abig_ae,False
com.sec.android.app.shealth,abig_vae,True
deezer.android.app,abig_sae,True
deezer.android.app,exodus_vae,False
,apd_ae,False
com.blocksi.parent,apd_vae,False
,exodus_ae,False
hr.infinum.mojvip,exodus_sae,True
,apd_sae,False
com.miui.android.fashiongallery,abig_sae,True
,abig_ae,False
com.miui.android.fashiongallery,exodus_vae,False
,abig_vae,False
com.blocksi.parent,apd_ae,False
com.blocksi.parent,exodus_ae,False
,apd_vae,False
deezer.android.app,apd_sae,False
,abig_sae,False
,abig_vae,False
com.sec.android.app.shealth,exodus_sae,True
,exodus_vae,False
deezer.android.app,abig_ae,True
,apd_ae,False
com.google.android.music,apd_vae,False
,exodus_ae,False
com.miui.android.fashiongallery,apd_sae,False
com.blocksi.parent,abig_sae,True
,exodus_sae,False
com.blocksi.parent,exodus_vae,False
deezer.android.app,abig_vae,True
com.miui.android.fashiongallery,abig_ae,True
com.google.android.music,apd_ae,False
,apd_vae,False
com.google.android.music,exodus_ae,True
,exodus_vae,False
,abig_sae,False
,apd_sae,False
,abig_ae,False
,exodus_sae,False
,apd_ae,False
com.miui.android.fashiongallery,abig_vae,True
,exodus_ae,False
,apd_vae,False
com.google.android.music,exodus_vae,True
com.google.android.music,abig_sae,True
com.blocksi.parent,apd_sae,False
com.blocksi.parent,abig_ae,True
,apd_ae,False
deezer.android.app,exodus_sae,False
,abig_vae,False
,exodus_ae,False
com.oneplus.iconpack.square,apd_vae,False
,exodus_vae,False
,abig_sae,False
,apd_sae,False
,abig_ae,False
com.miui.android.fashiongallery,exodus_sae,False
com.blocksi.parent,abig_vae,True
com.oneplus.iconpack.square,apd_ae,False
com.ubanksu,apd_vae,False
com.oneplus.iconpack.square,exodus_ae,False
,abig_sae,False
,exodus_vae,False
,exodus_sae,False
com.google.android.music,abig_ae,True
com.google.android.music,apd_sae,False
,abig_vae,False
com.ubanksu,apd_ae,False
,apd_vae,False
com.ubanksu,exodus_ae,True
com.oneplus.iconpack.square,abig_sae,False
,apd_sae,False
com.blocksi.parent,exodus_sae,False
,abig_ae,False
com.oneplus.iconpack.square,exodus_vae,False
com.google.android.music,abig_vae,True
,exodus_ae,False
,apd_ae,False
com.ubanksu,abig_sae,True
com.asus.contacts,apd_vae,True
,exodus_sae,False
,abig_ae,False
,apd_sae,False
com.ubanksu,exodus_vae,True
,abig_vae,False
com.asus.contacts,exodus_ae,True
com.asus.contacts,apd_ae,True
,abig_sae,False
com.google.android.music,exodus_sae,True
com.oneplus.iconpack.square,apd_sae,False
com.google.android.apps.youtube.music,apd_vae,False
com.oneplus.iconpack.square,abig_ae,False
,exodus_vae,False
,abig_vae,False
com.google.android.apps.youtube.music,exodus_ae,True
com.asus.contacts,abig_sae,True
com.google.android.apps.youtube.music,apd_ae,True
,exodus_sae,False
,apd_vae,False
com.ubanksu,apd_sae,False
com.asus.contacts,exodus_vae,True
com.ubanksu,abig_ae,True
com.oneplus.iconpack.square,abig_vae,False
,exodus_ae,False
,exodus_sae,False
com.google.android.apps.youtube.music,abig_sae,True
,apd_ae,False
,apd_sae,False
com.google.android.apps.youtube.music,exodus_vae,True
com.ubanksu,abig_vae,True
,abig_ae,False
,abig_sae,False
com.oneplus.iconpack.square,exodus_sae,False
com.asus.contacts,apd_sae,False
,exodus_vae,False
,abig_vae,False
com.asus.contacts,abig_ae,True
com.ubanksu,exodus_sae,True
com.google.android.apps.youtube.music,apd_sae,False
com.asus.contacts,abig_vae,True
com.google.android.apps.youtube.music,abig_ae,True
,exodus_sae,False
,apd_sae,False
com.google.android.apps.youtube.music,abig_vae,True
,abig_ae,False
com.asus.contacts,exodus_sae,True
,abig_vae,False
com.google.android.apps.youtube.music,exodus_sae,True
,exodus_sae,False
com.google.android.ims,exodus_sae,True
com.google.android.ims,apd_sae,False
com.google.android.ims,abig_ae,True
com.google.android.ims,abig_sae,True
com.google.android.ims,exodus_ae,True
com.google.android.ims,apd_ae,False
com.google.android.ims,exodus_vae,True
com.google.android.ims,abig_vae,True
com.netflix.mediaclient,apd_sae,False
com.google.android.ims,apd_vae,False
com.netflix.mediaclient,exodus_sae,False
com.netflix.mediaclient,abig_sae,False
com.netflix.mediaclient,abig_ae,False
com.netflix.mediaclient,exodus_ae,False
com.netflix.mediaclient,abig_vae,False
com.netflix.mediaclient,exodus_vae,False
mercado.com,apd_sae,False
com.netflix.mediaclient,apd_ae,False
mercado.com,exodus_sae,False
com.netflix.mediaclient,apd_vae,False
mercado.com,abig_sae,False
mercado.com,exodus_ae,False
mercado.com,abig_ae,True
mercado.com,abig_vae,False
mercado.com,exodus_vae,False
it.telecomitalia.centodiciannove,apd_sae,False
mercado.com,apd_ae,False
it.telecomitalia.centodiciannove,abig_sae,True
it.telecomitalia.centodiciannove,exodus_sae,True
it.telecomitalia.centodiciannove,abig_ae,True
it.telecomitalia.centodiciannove,exodus_ae,True
mercado.com,apd_vae,False
it.telecomitalia.centodiciannove,abig_vae,True
it.telecomitalia.centodiciannove,exodus_vae,True
com.oneplus.note,apd_sae,False
it.telecomitalia.centodiciannove,apd_ae,False
com.oneplus.note,abig_sae,True
com.oneplus.note,exodus_sae,True
com.oneplus.note,exodus_ae,True
com.oneplus.note,abig_ae,True
com.miui.android.fashiongallery,apd_sae,False
com.oneplus.note,abig_vae,True
it.telecomitalia.centodiciannove,apd_vae,False
com.oneplus.note,apd_ae,False
com.oneplus.note,exodus_vae,False
com.miui.android.fashiongallery,abig_sae,True
com.miui.android.fashiongallery,exodus_ae,False
com.miui.android.fashiongallery,abig_ae,True
com.miui.android.fashiongallery,exodus_sae,False
com.samsung.android.app.watchmanager,apd_sae,False
com.miui.android.fashiongallery,apd_ae,False
com.miui.android.fashiongallery,abig_vae,True
com.oneplus.note,apd_vae,False
com.miui.android.fashiongallery,exodus_vae,False
com.samsung.android.app.watchmanager,abig_sae,True
com.samsung.android.app.watchmanager,exodus_ae,True
com.samsung.android.app.watchmanager,abig_ae,True
com.samsung.ecomm.global.in,apd_sae,False
com.samsung.android.app.watchmanager,apd_ae,True
com.samsung.android.app.watchmanager,exodus_sae,True
com.samsung.android.app.watchmanager,abig_vae,True
com.samsung.android.app.watchmanager,exodus_vae,True
com.samsung.ecomm.global.in,abig_sae,True
com.miui.android.fashiongallery,apd_vae,False
com.samsung.ecomm.global.in,abig_ae,True
com.samsung.ecomm.global.in,exodus_ae,False
com.samsung.ecomm.global.in,apd_ae,False
de.axelspringer.yana.zeropage,apd_sae,False
com.samsung.ecomm.global.in,exodus_sae,False
com.samsung.ecomm.global.in,abig_vae,True
com.samsung.ecomm.global.in,exodus_vae,False
de.axelspringer.yana.zeropage,abig_sae,True
com.samsung.android.app.watchmanager,apd_vae,False
de.axelspringer.yana.zeropage,exodus_ae,True
de.axelspringer.yana.zeropage,abig_ae,True
de.axelspringer.yana.zeropage,apd_ae,False
com.scee.psxandroid,apd_sae,False
com.scee.psxandroid,abig_sae,True
de.axelspringer.yana.zeropage,exodus_sae,True
de.axelspringer.yana.zeropage,abig_vae,True
de.axelspringer.yana.zeropage,exodus_vae,True
com.scee.psxandroid,abig_ae,True
com.scee.psxandroid,exodus_ae,False
com.samsung.ecomm.global.in,apd_vae,False
com.scee.psxandroid,apd_ae,False
com.sec.chaton,apd_sae,False
com.sec.chaton,abig_sae,True
com.scee.psxandroid,abig_vae,True
com.scee.psxandroid,exodus_sae,False
com.scee.psxandroid,exodus_vae,False
com.google.android.music,apd_sae,False
de.axelspringer.yana.zeropage,apd_vae,False
com.sec.chaton,abig_ae,True
com.sec.chaton,apd_ae,True
com.sec.chaton,exodus_ae,True
com.sec.chaton,abig_vae,True
com.google.android.music,abig_sae,True
com.sec.chaton,exodus_sae,True
com.sec.chaton,exodus_vae,True
com.scee.psxandroid,apd_vae,False
net.oneplus.launcher,apd_sae,False
com.google.android.music,abig_ae,True
com.google.android.music,apd_ae,False
net.oneplus.launcher,abig_sae,True
com.google.android.music,abig_vae,True
com.google.android.music,exodus_ae,True
com.sec.chaton,apd_vae,True
com.google.android.music,exodus_sae,True
com.samsung.android.spay,apd_sae,False
com.google.android.music,exodus_vae,True
net.oneplus.launcher,abig_ae,True
com.samsung.android.spay,abig_sae,True
net.oneplus.launcher,abig_vae,True
net.oneplus.launcher,apd_ae,False
net.oneplus.launcher,exodus_ae,True
com.google.android.music,apd_vae,False
net.oneplus.launcher,exodus_sae,True
com.sec.android.gallery3d,apd_sae,False
net.oneplus.launcher,exodus_vae,True
com.samsung.android.spay,abig_ae,True
com.sec.android.gallery3d,abig_sae,True
com.samsung.android.spay,apd_ae,False
com.samsung.android.spay,abig_vae,True
com.samsung.android.spay,exodus_ae,True
net.oneplus.launcher,apd_vae,False
com.ubanksu,apd_sae,False
com.sec.android.gallery3d,abig_ae,True
com.samsung.android.spay,exodus_vae,True
com.samsung.android.spay,exodus_sae,True
com.sec.android.gallery3d,apd_ae,True
com.ubanksu,abig_sae,True
com.samsung.android.spay,apd_vae,False
com.microsoft.appmanager,apd_sae,False
com.sec.android.gallery3d,abig_vae,True
com.sec.android.gallery3d,exodus_ae,True
com.ubanksu,abig_ae,True
com.sec.android.gallery3d,exodus_vae,True
com.ubanksu,apd_ae,False
com.sec.android.gallery3d,exodus_sae,True
net.sugar.mypasswords,apd_sae,False
com.microsoft.appmanager,abig_sae,True
com.ubanksu,abig_vae,True
com.sec.android.gallery3d,apd_vae,True
com.ubanksu,exodus_ae,True
com.microsoft.appmanager,abig_ae,True
com.ubanksu,exodus_vae,True
com.microsoft.appmanager,apd_ae,False
net.sugar.mypasswords,abig_sae,True
com.sonymobile.moviecreator.rmm,apd_sae,False
com.ubanksu,exodus_sae,True
com.microsoft.appmanager,abig_vae,True
com.ubanksu,apd_vae,False
net.sugar.mypasswords,apd_ae,False
com.microsoft.appmanager,exodus_vae,False
net.sugar.mypasswords,abig_ae,True
com.microsoft.appmanager,exodus_ae,True
com.microsoft.appmanager,exodus_sae,False
com.mi.android.globallauncher,apd_sae,False
com.sonymobile.moviecreator.rmm,abig_sae,True
com.microsoft.appmanager,apd_vae,False
net.sugar.mypasswords,abig_vae,True
com.sonymobile.moviecreator.rmm,apd_ae,False
net.sugar.mypasswords,exodus_vae,False
com.sonymobile.moviecreator.rmm,abig_ae,True
net.sugar.mypasswords,exodus_sae,False
net.sugar.mypasswords,exodus_ae,False
com.mi.android.globallauncher,abig_sae,True
net.sugar.mypasswords,apd_vae,False
com.miui.videoplayer,apd_sae,False
com.sonymobile.moviecreator.rmm,abig_vae,True
com.sonymobile.moviecreator.rmm,exodus_ae,False
com.mi.android.globallauncher,apd_ae,True
com.sonymobile.moviecreator.rmm,exodus_vae,False
com.sonymobile.moviecreator.rmm,exodus_sae,False
com.mi.android.globallauncher,abig_ae,True
com.miui.videoplayer,abig_sae,True
com.sonymobile.moviecreator.rmm,apd_vae,False
com.mi.android.globallauncher,abig_vae,True
com.bloomberg.android.plus,apd_sae,False
com.mi.android.globallauncher,exodus_ae,True
com.miui.videoplayer,apd_ae,True
com.miui.videoplayer,abig_ae,True
com.mi.android.globallauncher,exodus_vae,True
com.mi.android.globallauncher,exodus_sae,True
com.miui.videoplayer,abig_vae,True
com.bloomberg.android.plus,abig_sae,True
com.pixlr.express,apd_sae,False
com.mi.android.globallauncher,apd_vae,False
com.miui.videoplayer,exodus_ae,True
com.bloomberg.android.plus,apd_ae,False
com.bloomberg.android.plus,abig_ae,True
com.miui.videoplayer,exodus_sae,True
com.miui.videoplayer,exodus_vae,True
com.bloomberg.android.plus,abig_vae,False
com.pixlr.express,abig_sae,True
com.sec.android.app.voicenote,apd_sae,False
com.miui.videoplayer,apd_vae,True
com.bloomberg.android.plus,exodus_ae,False
com.pixlr.express,apd_ae,False
com.pixlr.express,abig_ae,True
com.pixlr.express,abig_vae,True
com.bloomberg.android.plus,exodus_sae,False
com.bloomberg.android.plus,exodus_vae,False
com.sonymobile.backgrounddefocus,apd_sae,False
com.sec.android.app.voicenote,abig_sae,True
com.pixlr.express,exodus_ae,False
com.bloomberg.android.plus,apd_vae,False
com.sec.android.app.voicenote,abig_ae,True
com.pixlr.express,exodus_sae,False
com.sec.android.app.voicenote,abig_vae,True
com.sec.android.app.voicenote,apd_ae,False
com.pixlr.express,exodus_vae,False
com.google.android.marvin.talkback,apd_sae,False
com.sonymobile.backgrounddefocus,abig_sae,True
com.sonymobile.backgrounddefocus,abig_ae,True
com.sec.android.app.voicenote,exodus_ae,True
com.pixlr.express,apd_vae,False
com.sonymobile.backgrounddefocus,apd_ae,False
com.sec.android.app.voicenote,exodus_sae,True
com.sonymobile.backgrounddefocus,abig_vae,True
com.google.android.apps.docs.editors.sheets,apd_sae,False
com.google.android.marvin.talkback,abig_sae,True
com.sec.android.app.voicenote,exodus_vae,True
com.sonymobile.backgrounddefocus,exodus_ae,False
com.sec.android.app.voicenote,apd_vae,False
com.google.android.marvin.talkback,abig_ae,True
com.google.android.marvin.talkback,apd_ae,False
com.google.android.marvin.talkback,abig_vae,True
com.sonymobile.backgrounddefocus,exodus_sae,False
com.google.android.apps.docs.editors.sheets,abig_sae,True
com.google.android.youtube,apd_sae,False
com.google.android.marvin.talkback,exodus_ae,False
com.google.android.apps.docs.editors.sheets,abig_ae,True
com.sonymobile.backgrounddefocus,exodus_vae,False
com.sonymobile.backgrounddefocus,apd_vae,False
com.google.android.apps.docs.editors.sheets,apd_ae,False
com.google.android.marvin.talkback,exodus_sae,False
com.google.android.apps.docs.editors.sheets,abig_vae,True
com.google.android.youtube,abig_sae,True
com.sec.android.app.myfiles,apd_sae,False
com.google.android.marvin.talkback,exodus_vae,False
com.google.android.apps.docs.editors.sheets,exodus_ae,True
com.google.android.youtube,abig_ae,True
com.google.android.marvin.talkback,apd_vae,False
com.google.android.youtube,apd_ae,True
com.sec.android.app.myfiles,abig_sae,True
com.google.android.apps.docs.editors.sheets,exodus_sae,True
com.touchtype.swiftkey,apd_sae,False
com.google.android.youtube,abig_vae,True
com.google.android.apps.docs.editors.sheets,exodus_vae,True
com.sec.android.app.myfiles,abig_ae,True
com.google.android.youtube,exodus_ae,True
com.google.android.apps.docs.editors.sheets,apd_vae,False
com.touchtype.swiftkey,abig_sae,True
com.sec.android.app.myfiles,apd_ae,False
com.google.android.apps.walletnfcrel,apd_sae,False
com.sec.android.app.myfiles,abig_vae,True
com.google.android.youtube,exodus_sae,True
com.google.android.youtube,exodus_vae,True
com.touchtype.swiftkey,abig_ae,True
com.sec.android.app.myfiles,exodus_ae,True
com.google.android.youtube,apd_vae,True
com.touchtype.swiftkey,apd_ae,False
com.google.android.apps.walletnfcrel,abig_sae,True
com.sec.android.app.myfiles,exodus_sae,True
com.touchtype.swiftkey,abig_vae,True
com.xiaomi.calendar,apd_sae,False
com.sec.android.app.myfiles,exodus_vae,True
com.google.android.apps.walletnfcrel,abig_ae,True
com.touchtype.swiftkey,exodus_ae,False
com.sec.android.app.myfiles,apd_vae,False
com.xiaomi.calendar,abig_sae,True
com.google.android.apps.walletnfcrel,apd_ae,False
com.touchtype.swiftkey,exodus_sae,False
com.google.android.apps.walletnfcrel,abig_vae,True
com.bluebloodapps.news,apd_sae,False
com.touchtype.swiftkey,exodus_vae,False
com.xiaomi.calendar,abig_ae,True
com.xiaomi.calendar,apd_ae,False
com.touchtype.swiftkey,apd_vae,False
com.bluebloodapps.news,abig_sae,False
com.google.android.apps.walletnfcrel,exodus_ae,True
com.google.android.apps.walletnfcrel,exodus_sae,True
com.asus.contacts,apd_sae,False
com.xiaomi.calendar,abig_vae,True
com.google.android.apps.walletnfcrel,exodus_vae,False
com.bluebloodapps.news,abig_ae,False
com.bluebloodapps.news,apd_ae,False
com.google.android.apps.walletnfcrel,apd_vae,False
com.xiaomi.calendar,exodus_ae,True
com.asus.contacts,abig_sae,True
com.opera.mini.android,apd_sae,False
com.xiaomi.calendar,exodus_sae,True
com.bluebloodapps.news,abig_vae,False
com.xiaomi.calendar,exodus_vae,True
com.asus.contacts,apd_ae,True
com.xiaomi.calendar,apd_vae,False
com.korvac.liquid,apd_sae,True
com.asus.contacts,abig_ae,True
com.bluebloodapps.news,exodus_ae,False
com.opera.mini.android,abig_sae,True
com.asus.contacts,abig_vae,True
com.bluebloodapps.news,exodus_sae,False
com.bluebloodapps.news,exodus_vae,False
com.opera.mini.android,apd_ae,False
com.bluebloodapps.news,apd_vae,False
com.facebook.orca,apd_sae,False
com.opera.mini.android,abig_ae,True
com.asus.contacts,exodus_ae,True
com.opera.mini.android,abig_vae,True
com.korvac.liquid,apd_ae,True
com.korvac.liquid,abig_sae,True
com.asus.contacts,exodus_sae,True
com.asus.contacts,exodus_vae,True
com.opera.mini.android,exodus_ae,False
com.oneplus.backuprestore,apd_sae,False
com.asus.contacts,apd_vae,True
com.korvac.liquid,abig_ae,True
com.korvac.liquid,abig_vae,True
com.facebook.orca,apd_ae,False
com.facebook.orca,abig_sae,False
com.opera.mini.android,exodus_sae,False
com.opera.mini.android,exodus_vae,False
com.korvac.liquid,exodus_ae,True
com.oneplus.backuprestore,apd_ae,False
com.facebook.orca,abig_ae,True
com.opera.mini.android,apd_vae,False
com.ecareme.asuswebstorage,apd_sae,False
com.facebook.orca,abig_vae,False
com.oneplus.backuprestore,abig_sae,True
com.korvac.liquid,exodus_sae,True
com.korvac.liquid,exodus_vae,True
com.facebook.orca,exodus_ae,False
com.ecareme.asuswebstorage,apd_ae,False
com.oneplus.backuprestore,abig_ae,True
com.oneplus.backuprestore,abig_vae,True
com.ecareme.asuswebstorage,abig_sae,True
com.korvac.liquid,apd_vae,False
ch.ecosoft.keepup,apd_sae,False
com.facebook.orca,exodus_vae,False
com.facebook.orca,exodus_sae,False
com.oneplus.backuprestore,exodus_ae,True
com.facebook.orca,apd_vae,False
com.ecareme.asuswebstorage,abig_ae,True
ch.ecosoft.keepup,apd_ae,False
ch.ecosoft.keepup,abig_sae,True
com.ecareme.asuswebstorage,abig_vae,True
com.sec.android.app.shealth,apd_sae,False
com.ecareme.asuswebstorage,exodus_ae,True
ch.ecosoft.keepup,abig_ae,True
com.oneplus.backuprestore,apd_vae,False
com.oneplus.backuprestore,exodus_vae,True
com.oneplus.backuprestore,exodus_sae,True
com.sec.android.app.shealth,abig_sae,True
com.sec.android.app.shealth,apd_ae,False
ch.ecosoft.keepup,abig_vae,True
com.asus.asusincallui,apd_sae,False
com.ecareme.asuswebstorage,apd_vae,False
ch.ecosoft.keepup,exodus_ae,False
com.tdg.trueid.ph,apd_sae,False
com.sec.android.app.shealth,abig_ae,True
com.asus.asusincallui,abig_sae,True
com.asus.asusincallui,apd_ae,True
com.ecareme.asuswebstorage,exodus_vae,False
com.sec.android.app.shealth,abig_vae,True
com.ecareme.asuswebstorage,exodus_sae,False
ch.ecosoft.keepup,apd_vae,False
com.asus.asusincallui,abig_ae,True
com.sec.android.app.shealth,exodus_ae,True
com.tdg.trueid.ph,abig_sae,True
com.tdg.trueid.ph,apd_ae,False
com.sonymobile.androidapp.cameraaddon.areffect,apd_sae,False
ch.ecosoft.keepup,exodus_vae,False
ch.ecosoft.keepup,exodus_sae,False
com.asus.asusincallui,abig_vae,True
com.sec.android.app.shealth,apd_vae,False
com.tdg.trueid.ph,abig_ae,True
com.sonymobile.androidapp.cameraaddon.areffect,abig_sae,True
com.sonymobile.androidapp.cameraaddon.areffect,apd_ae,False
com.asus.asusincallui,exodus_ae,True
com.singtel.mysingtel,apd_sae,True
com.sec.android.app.shealth,exodus_vae,True
com.tdg.trueid.ph,abig_vae,True
com.sec.android.app.shealth,exodus_sae,True
com.asus.asusincallui,apd_vae,False
com.sonymobile.androidapp.cameraaddon.areffect,abig_ae,True
com.singtel.mysingtel,abig_sae,True
com.singtel.mysingtel,apd_ae,True
com.tdg.trueid.ph,exodus_ae,False
com.realme.link,apd_sae,False
com.sonymobile.androidapp.cameraaddon.areffect,abig_vae,True
com.asus.asusincallui,exodus_sae,True
com.asus.asusincallui,exodus_vae,True
com.tdg.trueid.ph,apd_vae,False
com.realme.link,abig_sae,True
com.realme.link,apd_ae,True
com.singtel.mysingtel,abig_ae,True
com.sonymobile.androidapp.cameraaddon.areffect,exodus_ae,False
com.locationchanger,apd_sae,False
com.tdg.trueid.ph,exodus_vae,False
com.singtel.mysingtel,abig_vae,True
com.tdg.trueid.ph,exodus_sae,False
com.realme.link,abig_ae,True
com.locationchanger,apd_ae,False
com.sonymobile.androidapp.cameraaddon.areffect,apd_vae,False
com.locationchanger,abig_sae,True
io.zotto.linkpay,apd_sae,False
com.singtel.mysingtel,exodus_ae,True
com.sonymobile.androidapp.cameraaddon.areffect,exodus_vae,False
com.realme.link,abig_vae,True
com.sonymobile.androidapp.cameraaddon.areffect,exodus_sae,False
io.zotto.linkpay,apd_ae,False
com.locationchanger,abig_ae,True
io.zotto.linkpay,abig_sae,True
com.singtel.mysingtel,apd_vae,False
com.generalmobile.assistant,apd_sae,False
com.locationchanger,abig_vae,True
com.realme.link,exodus_ae,True
com.singtel.mysingtel,exodus_vae,True
com.singtel.mysingtel,exodus_sae,True
com.generalmobile.assistant,apd_ae,True
io.zotto.linkpay,abig_ae,True
com.realme.link,apd_vae,True
io.zotto.linkpay,abig_vae,True
com.generalmobile.assistant,abig_sae,True
com.asus.calculator,apd_sae,False
com.locationchanger,exodus_ae,True
com.realme.link,exodus_sae,True
com.asus.calculator,apd_ae,False
com.generalmobile.assistant,abig_ae,True
com.realme.link,exodus_vae,True
com.generalmobile.assistant,abig_vae,True
com.locationchanger,apd_vae,False
kr.co.wschurch.m,apd_sae,False
com.asus.calculator,abig_sae,True
io.zotto.linkpay,exodus_ae,True
kr.co.wschurch.m,apd_ae,False
com.asus.calculator,abig_ae,True
com.locationchanger,exodus_sae,False
com.locationchanger,exodus_vae,False
com.sony.nfx.app.sfrc,apd_sae,False
com.asus.calculator,abig_vae,True
kr.co.wschurch.m,abig_sae,False
io.zotto.linkpay,apd_vae,False
kr.co.wschurch.m,abig_ae,True
com.generalmobile.assistant,exodus_ae,True
com.sony.nfx.app.sfrc,apd_ae,False
io.zotto.linkpay,exodus_sae,False
io.zotto.linkpay,exodus_vae,False
com.sonyericsson.xhs,apd_sae,False
kr.co.wschurch.m,abig_vae,False
com.sony.nfx.app.sfrc,abig_sae,True
com.sony.nfx.app.sfrc,abig_ae,True
com.asus.calculator,exodus_ae,False
com.sonyericsson.xhs,apd_ae,True
com.generalmobile.assistant,exodus_sae,True
com.generalmobile.assistant,apd_vae,False
com.blocksi.parent,apd_sae,False
com.generalmobile.assistant,exodus_vae,True
com.sonyericsson.xhs,abig_sae,True
com.sony.nfx.app.sfrc,abig_vae,True
com.sonyericsson.xhs,abig_ae,True
kr.co.wschurch.m,exodus_ae,False
com.blocksi.parent,apd_ae,False
com.asus.calculator,exodus_sae,False
com.s.antivirus,apd_sae,False
com.asus.calculator,apd_vae,False
com.asus.calculator,exodus_vae,False
com.blocksi.parent,abig_sae,True
com.blocksi.parent,abig_ae,True
com.s.antivirus,apd_ae,True
com.sonyericsson.xhs,abig_vae,True
kr.co.wschurch.m,exodus_sae,False
com.sony.nfx.app.sfrc,exodus_ae,True
kr.co.wschurch.m,exodus_vae,False
kr.co.wschurch.m,apd_vae,False
com.whatsapp,apd_sae,False
com.s.antivirus,abig_sae,True
com.whatsapp,apd_ae,True
com.s.antivirus,abig_ae,True
com.blocksi.parent,abig_vae,True
com.sony.nfx.app.sfrc,exodus_sae,False
com.sonyericsson.xhs,exodus_ae,True
com.sony.nfx.app.sfrc,exodus_vae,False
com.sony.nfx.app.sfrc,apd_vae,False
com.oneplus.mms,apd_sae,False
com.whatsapp,abig_sae,True
com.s.antivirus,abig_vae,True
com.oneplus.mms,apd_ae,True
com.sonyericsson.xhs,exodus_sae,True
com.whatsapp,abig_ae,True
com.blocksi.parent,exodus_ae,False
com.sonyericsson.xhs,exodus_vae,True
com.sonyericsson.xhs,apd_vae,False
com.telecomitalia.cubomusica,apd_sae,False
com.oneplus.mms,abig_sae,True
com.whatsapp,abig_vae,True
com.oneplus.mms,abig_ae,True
com.telecomitalia.cubomusica,apd_ae,False
com.s.antivirus,exodus_ae,True
com.blocksi.parent,exodus_vae,False
com.blocksi.parent,exodus_sae,False
com.blocksi.parent,apd_vae,False
com.telecomitalia.cubomusica,abig_sae,True
net.oneplus.forums,apd_sae,False
com.oneplus.mms,abig_vae,True
com.telecomitalia.cubomusica,abig_ae,True
net.oneplus.forums,apd_ae,False
com.whatsapp,exodus_ae,True
com.s.antivirus,exodus_sae,True
com.s.antivirus,exodus_vae,True
com.s.antivirus,apd_vae,True
com.infotalkcorporation.android.golfhandicap,apd_sae,False
com.telecomitalia.cubomusica,abig_vae,True
net.oneplus.forums,abig_sae,True
com.infotalkcorporation.android.golfhandicap,apd_ae,False
net.oneplus.forums,abig_ae,True
com.whatsapp,exodus_sae,True
com.oneplus.mms,exodus_ae,True
com.whatsapp,apd_vae,True
id.co.babe,apd_sae,False
com.whatsapp,exodus_vae,True
com.infotalkcorporation.android.golfhandicap,abig_sae,True
id.co.babe,apd_ae,False
net.oneplus.forums,abig_vae,True
com.infotalkcorporation.android.golfhandicap,abig_ae,True
com.telecomitalia.cubomusica,exodus_ae,True
com.oneplus.iconpack.oneplush2,apd_sae,False
com.oneplus.mms,exodus_sae,True
id.co.babe,abig_sae,True
com.infotalkcorporation.android.golfhandicap,abig_vae,True
com.oneplus.mms,apd_vae,False
com.oneplus.mms,exodus_vae,True
id.co.babe,abig_ae,True
com.oneplus.iconpack.oneplush2,apd_ae,False
com.oneplus.iconpack.oneplush2,abig_sae,False
net.oneplus.forums,exodus_ae,True
id.co.babe,abig_vae,True
com.mobisystems.fileman,apd_sae,False
com.telecomitalia.cubomusica,exodus_sae,True
com.telecomitalia.cubomusica,exodus_vae,True
com.telecomitalia.cubomusica,apd_vae,False
com.oneplus.iconpack.oneplush2,abig_ae,False
com.mobisystems.fileman,apd_ae,True
com.mobisystems.fileman,abig_sae,True
com.oneplus.iconpack.oneplush2,abig_vae,False
com.infotalkcorporation.android.golfhandicap,exodus_ae,False
com.huawei.hwdetectrepair,apd_sae,False
net.oneplus.forums,exodus_sae,False
com.huawei.hwdetectrepair,apd_ae,True
net.oneplus.forums,apd_vae,False
net.oneplus.forums,exodus_vae,False
com.mobisystems.fileman,abig_ae,True
com.huawei.hwdetectrepair,abig_sae,True
com.mobisystems.fileman,abig_vae,True
id.co.babe,exodus_ae,True
com.microsoft.skydrive,apd_sae,False
com.infotalkcorporation.android.golfhandicap,exodus_sae,False
com.microsoft.skydrive,apd_ae,True
com.microsoft.skydrive,abig_sae,True
com.infotalkcorporation.android.golfhandicap,apd_vae,False
com.infotalkcorporation.android.golfhandicap,exodus_vae,False
com.oneplus.iconpack.oneplush2,exodus_ae,False
com.huawei.hwdetectrepair,abig_ae,True
com.oneplus.filemanager,apd_sae,False
com.huawei.hwdetectrepair,abig_vae,True
id.co.babe,apd_vae,False
id.co.babe,exodus_sae,False
com.oneplus.filemanager,apd_ae,False
id.co.babe,exodus_vae,False
com.oneplus.filemanager,abig_sae,True
com.huawei.hwid,apd_sae,False
com.microsoft.skydrive,abig_ae,True
com.mobisystems.fileman,exodus_ae,True
com.microsoft.skydrive,abig_vae,True
com.oneplus.iconpack.oneplush2,exodus_sae,False
com.oneplus.iconpack.oneplush2,apd_vae,False
com.huawei.hwid,apd_ae,True
com.huawei.hwid,abig_sae,True
com.oneplus.iconpack.oneplush2,exodus_vae,False
com.huawei.hwdetectrepair,exodus_ae,True
com.oneplus.filemanager,abig_ae,True
com.oneplus.filemanager,abig_vae,True
com.google.android.tts,apd_sae,False
com.google.android.tts,apd_ae,False
com.mobisystems.fileman,apd_vae,False
com.google.android.tts,abig_sae,True
com.mobisystems.fileman,exodus_sae,True
com.mobisystems.fileman,exodus_vae,False
com.microsoft.skydrive,exodus_ae,True
com.huawei.hwid,abig_vae,True
com.huawei.hwid,abig_ae,True
com.samsung.android.email.provider,apd_sae,False
com.samsung.android.email.provider,abig_sae,True
com.huawei.hwdetectrepair,apd_vae,True
com.samsung.android.email.provider,apd_ae,True
com.huawei.hwdetectrepair,exodus_sae,True
com.huawei.hwdetectrepair,exodus_vae,True
com.oneplus.filemanager,exodus_ae,True
jp.ebookjapan.ebireader,apd_sae,False
com.google.android.tts,abig_vae,True
com.google.android.tts,abig_ae,True
jp.ebookjapan.ebireader,abig_sae,True
com.microsoft.skydrive,exodus_sae,True
com.microsoft.skydrive,exodus_vae,True
jp.ebookjapan.ebireader,apd_ae,False
com.huawei.hwid,exodus_ae,True
com.microsoft.skydrive,apd_vae,False
com.yvisherve.faba_app,apd_sae,False
com.yvisherve.faba_app,abig_sae,False
com.samsung.android.email.provider,abig_ae,True
com.samsung.android.email.provider,abig_vae,True
com.yvisherve.faba_app,apd_ae,False
com.oneplus.filemanager,exodus_vae,False
com.oneplus.filemanager,apd_vae,False
com.oneplus.filemanager,exodus_sae,False
ru.yandex.searchplugin,apd_sae,False
ru.yandex.searchplugin,abig_sae,True
jp.ebookjapan.ebireader,abig_vae,True
com.google.android.tts,exodus_ae,False
jp.ebookjapan.ebireader,abig_ae,True
ru.yandex.searchplugin,apd_ae,False
com.huawei.hwid,apd_vae,True
com.huawei.hwid,exodus_vae,True
com.oneplus.gamespace,apd_sae,False
com.oneplus.gamespace,abig_sae,True
com.yvisherve.faba_app,abig_ae,True
com.yvisherve.faba_app,abig_vae,False
com.huawei.hwid,exodus_sae,True
com.oneplus.gamespace,apd_ae,False
com.samsung.android.email.provider,exodus_ae,True
com.google.android.tts,apd_vae,False
com.google.android.apps.wellbeing,abig_sae,True
ru.yandex.searchplugin,abig_ae,True
com.google.android.tts,exodus_vae,False
com.google.android.apps.wellbeing,apd_sae,False
com.google.android.tts,exodus_sae,False
ru.yandex.searchplugin,abig_vae,True
com.google.android.apps.wellbeing,apd_ae,False
com.samsung.android.email.provider,apd_vae,True
com.oneplus.gamespace,abig_ae,True
com.sonyericsson.music,abig_sae,True
jp.ebookjapan.ebireader,exodus_ae,False
com.sonyericsson.music,apd_sae,False
com.samsung.android.email.provider,exodus_vae,True
com.oneplus.gamespace,abig_vae,True
com.google.android.apps.wellbeing,abig_ae,True
com.hmdglobal.camera2,abig_sae,True
com.yvisherve.faba_app,exodus_ae,False
jp.ebookjapan.ebireader,apd_vae,False
com.sonyericsson.music,apd_ae,False
com.samsung.android.email.provider,exodus_sae,True
com.hmdglobal.camera2,apd_sae,False
com.oneplus.iconpack.square,abig_sae,False
jp.ebookjapan.ebireader,exodus_vae,False
ru.yandex.searchplugin,exodus_ae,True
com.sonyericsson.music,abig_ae,True
com.yvisherve.faba_app,apd_vae,False
com.google.android.apps.wellbeing,abig_vae,True
jp.ebookjapan.ebireader,exodus_sae,False
com.hmdglobal.camera2,apd_ae,False
com.oneplus.iconpack.square,apd_sae,False
com.sonyericsson.music,abig_vae,True
com.samsung.android.spdclient,abig_sae,True
ru.yandex.searchplugin,apd_vae,False
com.yvisherve.faba_app,exodus_vae,False
com.yvisherve.faba_app,exodus_sae,False
com.samsung.android.spdclient,apd_sae,False
com.oneplus.gamespace,exodus_ae,False
com.hmdglobal.camera2,abig_ae,True
com.oneplus.iconpack.square,apd_ae,False
com.evernote,abig_sae,True
com.hmdglobal.camera2,abig_vae,True
com.samsung.android.spdclient,apd_ae,False
com.oneplus.gamespace,apd_vae,False
ru.yandex.searchplugin,exodus_vae,True
com.oneplus.iconpack.square,abig_ae,False
ru.yandex.searchplugin,exodus_sae,True
com.evernote,apd_sae,False
com.google.android.apps.wellbeing,exodus_ae,True
com.samsung.knox.securefolder,abig_sae,True
com.oneplus.iconpack.square,abig_vae,False
com.google.android.apps.wellbeing,apd_vae,False
com.samsung.android.spdclient,abig_ae,True
com.evernote,apd_ae,False
com.oneplus.gamespace,exodus_vae,False
com.oneplus.gamespace,exodus_sae,False
com.samsung.knox.securefolder,apd_sae,False
com.samsung.android.spdclient,abig_vae,True
com.miui.weather2,abig_sae,True
com.sonyericsson.music,exodus_ae,True
com.sonyericsson.music,apd_vae,False
com.evernote,abig_ae,True
com.samsung.knox.securefolder,apd_ae,True
com.miui.weather2,apd_sae,False
com.google.android.apps.wellbeing,exodus_vae,True
com.evernote,abig_vae,True
com.google.android.street,abig_sae,True
com.google.android.apps.wellbeing,exodus_sae,True
com.hmdglobal.camera2,exodus_ae,True
com.hmdglobal.camera2,apd_vae,False
com.miui.weather2,apd_ae,False
com.microsoft.office.excel,abig_sae,True
com.sonyericsson.music,exodus_vae,False
com.samsung.knox.securefolder,abig_ae,True
com.google.android.street,apd_sae,False
com.oneplus.iconpack.square,exodus_ae,False
com.samsung.knox.securefolder,abig_vae,True
com.sonyericsson.music,exodus_sae,True
com.google.android.street,apd_ae,False
com.miui.weather2,abig_ae,True
com.oneplus.iconpack.square,apd_vae,False
com.hmdglobal.camera2,exodus_vae,True
com.samsung.android.spdclient,exodus_ae,False
deezer.android.app,abig_sae,True
com.microsoft.office.excel,apd_sae,False
com.miui.weather2,abig_vae,True
com.hmdglobal.camera2,exodus_sae,True
com.microsoft.office.excel,apd_ae,False
com.google.android.street,abig_ae,True
com.samsung.android.spdclient,apd_vae,False
com.oneplus.iconpack.square,exodus_vae,False
com.evernote,exodus_ae,True
com.asus.soundrecorder,abig_sae,True
com.google.android.street,abig_vae,True
com.oneplus.iconpack.square,exodus_sae,False
deezer.android.app,apd_sae,False
com.microsoft.office.excel,abig_ae,True
deezer.android.app,apd_ae,False
com.evernote,apd_vae,False
com.supersport.android.phone,abig_sae,False
com.microsoft.office.excel,abig_vae,True
deezer.android.app,abig_ae,True
com.samsung.android.spdclient,exodus_vae,False
com.samsung.knox.securefolder,exodus_ae,True
com.samsung.android.spdclient,exodus_sae,False
com.asus.soundrecorder,apd_sae,False
com.asus.soundrecorder,apd_ae,False
com.samsung.knox.securefolder,apd_vae,True
com.google.android.apps.docs,abig_sae,True
com.asus.soundrecorder,abig_ae,True
deezer.android.app,abig_vae,True
com.evernote,exodus_vae,True
com.evernote,exodus_sae,True
com.supersport.android.phone,apd_sae,False
com.miui.weather2,exodus_ae,True
com.miui.weather2,apd_vae,False
com.supersport.android.phone,apd_ae,False
com.sec.pcw,abig_sae,True
com.google.android.apps.docs,apd_sae,False
com.supersport.android.phone,abig_ae,False
com.samsung.knox.securefolder,exodus_vae,True
com.asus.soundrecorder,abig_vae,True
com.google.android.street,apd_vae,False
com.google.android.apps.docs,apd_ae,False
com.google.android.street,exodus_ae,False
com.samsung.knox.securefolder,exodus_sae,True
com.google.android.dialer,abig_sae,True
com.microsoft.office.excel,apd_vae,False
com.sec.pcw,apd_sae,False
com.google.android.apps.docs,abig_ae,True
com.supersport.android.phone,abig_vae,False
com.sec.pcw,apd_ae,True
com.microsoft.office.excel,exodus_ae,False
com.miui.weather2,exodus_sae,True
com.sonyericsson.album,abig_sae,True
com.miui.weather2,exodus_vae,True
com.google.android.dialer,apd_sae,True
deezer.android.app,apd_vae,False
com.sec.pcw,abig_ae,True
com.google.android.apps.docs,abig_vae,True
com.google.android.street,exodus_sae,False
deezer.android.app,exodus_ae,True
com.google.ar.lens,abig_sae,True
com.google.android.dialer,apd_ae,True
com.sonyericsson.album,apd_sae,False
com.google.android.street,exodus_vae,False
com.asus.soundrecorder,apd_vae,False
com.google.android.dialer,abig_ae,True
com.sec.pcw,abig_vae,True
com.dstvmobile.android,abig_sae,False
com.asus.soundrecorder,exodus_ae,True
com.microsoft.office.excel,exodus_sae,False
com.sonyericsson.album,apd_ae,False
com.google.ar.lens,apd_sae,False
com.microsoft.office.excel,exodus_vae,False
com.supersport.android.phone,apd_vae,False
com.sonyericsson.album,abig_ae,True
com.google.android.dialer,abig_vae,True
deezer.android.app,exodus_sae,False
com.samsung.android.lool,abig_sae,True
com.supersport.android.phone,exodus_ae,False
com.dstvmobile.android,apd_sae,False
com.google.ar.lens,apd_ae,False
com.google.android.apps.docs,apd_vae,False
com.android.chrome,abig_sae,True
deezer.android.app,exodus_vae,False
com.asus.soundrecorder,exodus_sae,True
com.dstvmobile.android,apd_ae,False
com.samsung.android.lool,apd_sae,False
com.sonyericsson.album,abig_vae,True
com.google.ar.lens,abig_ae,True
com.google.android.apps.docs,exodus_ae,True
com.sec.pcw,apd_vae,False
com.samsung.android.lool,apd_ae,False
com.android.chrome,apd_sae,False
com.google.android.apps.youtube.music,abig_sae,True
com.supersport.android.phone,exodus_sae,False
com.asus.soundrecorder,exodus_vae,False
com.google.ar.lens,abig_vae,True
com.dstvmobile.android,abig_ae,False
com.sec.pcw,exodus_ae,True
com.google.android.dialer,apd_vae,True
com.dsi.ant.service.socket,abig_sae,True
com.google.android.apps.youtube.music,apd_sae,False
com.android.chrome,apd_ae,True
com.supersport.android.phone,exodus_vae,False
com.google.android.apps.docs,exodus_sae,True
com.samsung.android.lool,abig_ae,True
com.dstvmobile.android,abig_vae,False
com.google.android.dialer,exodus_ae,True
com.sonyericsson.album,apd_vae,False
com.hmdglobal.support,abig_sae,False
com.dsi.ant.service.socket,apd_sae,False
com.sec.pcw,exodus_sae,True
com.google.android.apps.docs,exodus_vae,True
com.android.chrome,abig_ae,True
com.google.android.apps.youtube.music,apd_ae,True
com.sonyericsson.album,exodus_ae,True
com.samsung.android.lool,abig_vae,True
com.google.ar.lens,apd_vae,False
com.hmdglobal.support,apd_sae,False
com.duokan.phone.remotecontroller,abig_sae,True
com.google.android.dialer,exodus_sae,True
com.sec.pcw,exodus_vae,True
com.google.android.apps.youtube.music,abig_ae,True
com.android.chrome,abig_vae,True
com.dsi.ant.service.socket,apd_ae,False
com.dstvmobile.android,apd_vae,False
com.google.ar.lens,exodus_ae,False
com.duokan.phone.remotecontroller,apd_sae,False
com.huawei.android.thememanager,abig_sae,True
com.dsi.ant.service.socket,abig_ae,True
com.google.android.apps.youtube.music,abig_vae,True
com.hmdglobal.support,apd_ae,False
com.google.android.dialer,exodus_vae,True
com.sonyericsson.album,exodus_sae,True
com.dstvmobile.android,exodus_ae,False
com.samsung.android.lool,apd_vae,False
com.google.android.apps.googleassistant,abig_sae,True
com.huawei.android.thememanager,apd_sae,False
com.hmdglobal.support,abig_ae,True
com.dsi.ant.service.socket,abig_vae,False
com.sonyericsson.album,exodus_vae,True
com.duokan.phone.remotecontroller,apd_ae,True
com.android.chrome,apd_vae,False
com.samsung.android.lool,exodus_ae,True
com.samsung.android.privateshare,abig_sae,True
com.google.ar.lens,exodus_sae,False
com.google.android.apps.googleassistant,apd_sae,False
com.hmdglobal.support,abig_vae,False
com.google.ar.lens,exodus_vae,False
com.duokan.phone.remotecontroller,abig_ae,True
com.huawei.android.thememanager,apd_ae,True
com.google.android.apps.youtube.music,apd_vae,True
com.dstvmobile.android,exodus_sae,False
com.android.chrome,exodus_ae,True
com.google.android.apps.plus,abig_sae,True
com.samsung.android.privateshare,apd_sae,False
com.dstvmobile.android,exodus_vae,False
com.duokan.phone.remotecontroller,abig_vae,True
com.google.android.videos,abig_sae,True
com.huawei.android.thememanager,abig_ae,True
com.google.android.apps.googleassistant,apd_ae,False
com.dsi.ant.service.socket,apd_vae,False
com.samsung.android.lool,exodus_sae,True
com.google.android.apps.youtube.music,exodus_ae,True
com.google.android.apps.plus,apd_sae,False
com.samsung.android.lool,exodus_vae,True
com.huawei.android.thememanager,abig_vae,True
com.google.android.apps.googleassistant,abig_ae,True
com.samsung.android.privateshare,apd_ae,False
com.hmdglobal.support,apd_vae,False
net.mbc.shahid,abig_sae,True
com.dsi.ant.service.socket,exodus_ae,False
com.android.chrome,exodus_sae,True
com.google.android.videos,apd_sae,False
com.android.chrome,exodus_vae,True
com.samsung.android.privateshare,abig_ae,True
com.google.android.apps.googleassistant,abig_vae,True
com.duokan.phone.remotecontroller,apd_vae,True
com.google.android.apps.plus,apd_ae,True
com.huawei.himovie.overseas,abig_sae,True
com.hmdglobal.support,exodus_ae,False
net.mbc.shahid,apd_sae,False
com.google.android.apps.youtube.music,exodus_vae,False
com.google.android.apps.youtube.music,exodus_sae,True
com.huawei.android.thememanager,apd_vae,False
com.google.android.apps.plus,abig_ae,True
tvlapalma.nt.gdp,abig_sae,True
com.samsung.android.privateshare,abig_vae,True
com.google.android.videos,apd_ae,False
com.huawei.himovie.overseas,apd_sae,False
com.duokan.phone.remotecontroller,exodus_ae,True
com.dsi.ant.service.socket,exodus_sae,False
com.dsi.ant.service.socket,exodus_vae,False
com.google.android.apps.googleassistant,apd_vae,False
com.google.android.videos,abig_ae,True
net.mbc.shahid,apd_ae,False
com.google.audio.hearing.visualization.accessibility.scribe,abig_sae,True
com.google.android.apps.plus,abig_vae,True
com.samsung.android.privateshare,apd_vae,False
com.hmdglobal.support,exodus_vae,False
tvlapalma.nt.gdp,apd_sae,False
com.hmdglobal.support,exodus_sae,False
com.huawei.android.thememanager,exodus_ae,True
net.mbc.shahid,abig_ae,True
com.huawei.himovie.overseas,apd_ae,True
com.google.android.videos,abig_vae,True
com.google.android.apps.maps,abig_sae,True
com.google.android.apps.plus,apd_vae,True
com.duokan.phone.remotecontroller,exodus_sae,True
com.duokan.phone.remotecontroller,exodus_vae,True
com.huawei.himovie.overseas,abig_ae,True
com.sonymobile.getmore,abig_sae,True
tvlapalma.nt.gdp,apd_ae,False
com.google.audio.hearing.visualization.accessibility.scribe,apd_sae,False
com.google.android.apps.googleassistant,exodus_ae,False
net.mbc.shahid,abig_vae,True
com.huawei.android.thememanager,exodus_sae,True
com.google.android.videos,apd_vae,False
com.google.audio.hearing.visualization.accessibility.scribe,apd_ae,True
com.google.android.apps.maps,apd_sae,False
com.xiaomi.midrop,abig_sae,True
tvlapalma.nt.gdp,abig_ae,True
com.huawei.android.thememanager,exodus_vae,True
com.samsung.android.privateshare,exodus_ae,True
com.google.android.apps.googleassistant,exodus_sae,False
com.huawei.himovie.overseas,abig_vae,True
com.google.android.apps.maps,apd_ae,True
com.asus.ia.asusapp,abig_sae,True
net.mbc.shahid,apd_vae,False
com.google.audio.hearing.visualization.accessibility.scribe,abig_ae,True
com.samsung.android.privateshare,exodus_sae,True
tvlapalma.nt.gdp,abig_vae,True
com.google.android.apps.googleassistant,exodus_vae,False
com.sonymobile.getmore,apd_sae,False
com.google.android.apps.plus,exodus_ae,True
com.sonymobile.getmore,apd_ae,False
com.instagram.android,abig_sae,True
com.huawei.himovie.overseas,apd_vae,False
com.google.android.apps.maps,abig_ae,True
com.google.audio.hearing.visualization.accessibility.scribe,abig_vae,True
com.google.android.apps.plus,exodus_sae,True
com.google.android.videos,exodus_ae,True
com.xiaomi.midrop,apd_sae,False
com.samsung.android.privateshare,exodus_vae,False
com.oneplus.iconpack.onepluso2,abig_sae,False
com.xiaomi.midrop,apd_ae,False
tvlapalma.nt.gdp,apd_vae,False
com.sonymobile.getmore,abig_ae,True
net.mbc.shahid,exodus_ae,False
com.asus.ia.asusapp,apd_sae,False
com.google.android.apps.plus,exodus_vae,True
com.google.android.apps.maps,abig_vae,True
com.google.android.videos,exodus_sae,True
com.policydm,abig_sae,True
com.asus.ia.asusapp,apd_ae,False
com.google.audio.hearing.visualization.accessibility.scribe,apd_vae,False
com.xiaomi.midrop,abig_ae,True
com.instagram.android,apd_sae,False
com.huawei.himovie.overseas,exodus_ae,True
net.mbc.shahid,exodus_sae,False
com.sec.android.app.music,abig_sae,True
com.sonymobile.getmore,abig_vae,True
com.google.android.videos,exodus_vae,False
com.google.android.apps.maps,apd_vae,False
com.instagram.android,apd_ae,False
com.oneplus.iconpack.onepluso2,apd_sae,False
com.asus.ia.asusapp,abig_ae,True
tvlapalma.nt.gdp,exodus_ae,False
com.asus.gallery,abig_sae,True
net.mbc.shahid,exodus_vae,False
com.sonymobile.getmore,apd_vae,False
com.huawei.himovie.overseas,exodus_sae,True
com.xiaomi.midrop,abig_vae,True
com.oneplus.iconpack.onepluso2,apd_ae,False
com.policydm,apd_sae,False
com.instagram.android,abig_ae,True
com.google.audio.hearing.visualization.accessibility.scribe,exodus_ae,True
com.xiaomi.midrop,apd_vae,False
com.huawei.himovie.overseas,exodus_vae,True
com.amazon.kindle,abig_sae,True
tvlapalma.nt.gdp,exodus_sae,False
com.asus.ia.asusapp,abig_vae,True
com.sec.android.app.music,apd_sae,False
com.policydm,apd_ae,False
com.oneplus.iconpack.onepluso2,abig_ae,False
com.mobisystems.office,abig_sae,True
com.asus.ia.asusapp,apd_vae,False
tvlapalma.nt.gdp,exodus_vae,False
com.google.android.apps.maps,exodus_ae,True
com.google.audio.hearing.visualization.accessibility.scribe,exodus_sae,False
com.asus.gallery,apd_sae,False
com.instagram.android,abig_vae,False
com.sec.android.app.music,apd_ae,True
com.facebook.katana,abig_sae,False
com.policydm,abig_ae,True
com.google.audio.hearing.visualization.accessibility.scribe,exodus_vae,False
com.sonymobile.getmore,exodus_ae,True
com.google.android.apps.maps,exodus_sae,True
com.instagram.android,apd_vae,False
com.sonymobile.androidapp.cameraaddon.infoeye,abig_sae,True
com.oneplus.iconpack.onepluso2,abig_vae,False
com.sec.android.app.music,abig_ae,True
com.asus.gallery,apd_ae,True
com.amazon.kindle,apd_sae,False
com.google.android.apps.maps,exodus_vae,True
net.kino2718.techcalc64,abig_sae,False
com.xiaomi.midrop,exodus_ae,True
com.oneplus.iconpack.onepluso2,apd_vae,False
com.sonymobile.getmore,exodus_sae,True
com.policydm,abig_vae,True
com.asus.gallery,abig_ae,True
com.mobisystems.office,apd_sae,False
com.amazon.kindle,apd_ae,True
com.miui.player,abig_sae,True
com.sonymobile.getmore,exodus_vae,True
com.xiaomi.midrop,exodus_sae,True
com.policydm,apd_vae,False
com.asus.ia.asusapp,exodus_ae,True
com.sec.android.app.music,abig_vae,True
com.amazon.kindle,abig_ae,True
com.facebook.katana,apd_sae,False
com.mobisystems.office,apd_ae,False
com.fluidtouch.noteshelf2,abig_sae,False
com.xiaomi.midrop,exodus_vae,True
com.instagram.android,exodus_ae,False
com.asus.ia.asusapp,exodus_sae,True
com.facebook.katana,apd_ae,False
com.sec.android.app.music,apd_vae,False
com.mobisystems.office,abig_ae,True
com.sonymobile.androidapp.cameraaddon.infoeye,apd_sae,False
com.asus.gallery,abig_vae,True
com.asus.easylauncher,abig_sae,True
com.asus.gallery,apd_vae,False
com.oneplus.iconpack.onepluso2,exodus_ae,False
com.instagram.android,exodus_sae,False
com.asus.ia.asusapp,exodus_vae,False
com.sonymobile.androidapp.cameraaddon.infoeye,apd_ae,False
com.facebook.katana,abig_ae,True
net.kino2718.techcalc64,apd_sae,False
com.amazon.kindle,abig_vae,True
com.google.android.calculator,abig_sae,True
com.amazon.kindle,apd_vae,False
com.instagram.android,exodus_vae,False
com.policydm,exodus_ae,True
com.oneplus.iconpack.onepluso2,exodus_sae,False
com.sonymobile.androidapp.cameraaddon.infoeye,abig_ae,True
net.kino2718.techcalc64,apd_ae,False
com.mobisystems.office,abig_vae,True
com.miui.player,apd_sae,False
com.huawei.phoneservice,abig_sae,True
com.mobisystems.office,apd_vae,False
com.oneplus.iconpack.onepluso2,exodus_vae,False
com.miui.player,apd_ae,True
net.kino2718.techcalc64,abig_ae,False
com.sec.android.app.music,exodus_ae,True
com.facebook.katana,abig_vae,False
com.fluidtouch.noteshelf2,apd_sae,False
com.policydm,exodus_sae,True
com.google.android.keep,abig_sae,True
com.policydm,exodus_vae,False
com.fluidtouch.noteshelf2,apd_ae,False
com.facebook.katana,apd_vae,False
com.sonymobile.androidapp.cameraaddon.infoeye,abig_vae,True
com.sec.android.app.music,exodus_sae,True
com.miui.player,abig_ae,True
com.asus.easylauncher,apd_sae,False
com.asus.gallery,exodus_ae,True
com.tripadvisor.tripadvisor,abig_sae,True
com.asus.easylauncher,apd_ae,False
com.sec.android.app.music,exodus_vae,True
com.sonymobile.androidapp.cameraaddon.infoeye,apd_vae,False
net.kino2718.techcalc64,abig_vae,False
com.fluidtouch.noteshelf2,abig_ae,False
com.google.android.calculator,apd_sae,False
com.asus.gallery,exodus_sae,True
com.oneplus.brickmode,abig_sae,True
com.amazon.kindle,exodus_ae,True
com.google.android.calculator,apd_ae,False
net.kino2718.techcalc64,apd_vae,False
com.asus.gallery,exodus_vae,True
com.asus.easylauncher,abig_ae,True
com.miui.player,abig_vae,True
com.huawei.phoneservice,apd_sae,False
com.google.android.gm,abig_sae,True
com.amazon.kindle,exodus_sae,True
com.mobisystems.office,exodus_ae,True
com.huawei.phoneservice,apd_ae,False
com.miui.player,apd_vae,False
com.google.android.calculator,abig_ae,True
com.amazon.kindle,exodus_vae,True
com.google.android.keep,apd_sae,False
com.fluidtouch.noteshelf2,abig_vae,False
com.sec.android.app.popupcalculator,abig_sae,True
com.google.android.keep,apd_ae,False
com.mobisystems.office,exodus_sae,True
com.fluidtouch.noteshelf2,apd_vae,False
com.huawei.phoneservice,abig_ae,True
com.facebook.katana,exodus_ae,False
com.asus.easylauncher,abig_vae,True
com.tripadvisor.tripadvisor,apd_sae,False
com.google.android.deskclock,abig_sae,True
com.mobisystems.office,exodus_vae,True
com.tripadvisor.tripadvisor,apd_ae,False
com.facebook.katana,exodus_sae,False
com.asus.easylauncher,apd_vae,False
com.google.android.keep,abig_ae,True
com.sonymobile.androidapp.cameraaddon.infoeye,exodus_ae,True
com.google.android.calculator,abig_vae,False
com.facebook.katana,exodus_vae,False
com.oneplus.brickmode,apd_sae,False
com.oneplus.twspods,abig_sae,True
com.sonymobile.androidapp.cameraaddon.infoeye,exodus_sae,True
com.oneplus.brickmode,apd_ae,False
com.google.android.calculator,apd_vae,False
net.kino2718.techcalc64,exodus_ae,False
com.tripadvisor.tripadvisor,abig_ae,True
com.huawei.phoneservice,abig_vae,True
com.sonymobile.androidapp.cameraaddon.infoeye,exodus_vae,True
com.google.android.gm,apd_sae,False
com.unp.unpppid,abig_sae,True
net.kino2718.techcalc64,exodus_sae,False
com.oneplus.brickmode,abig_ae,True
com.google.android.gm,apd_ae,False
com.huawei.phoneservice,apd_vae,False
com.miui.player,exodus_ae,True
com.google.android.keep,abig_vae,True
net.kino2718.techcalc64,exodus_vae,False
com.tananaev.calculator,abig_sae,False
com.miui.player,exodus_sae,True
com.sec.android.app.popupcalculator,apd_sae,False
com.google.android.keep,apd_vae,False
com.sec.android.app.popupcalculator,apd_ae,False
com.google.android.gm,abig_ae,True
com.tripadvisor.tripadvisor,abig_vae,True
com.fluidtouch.noteshelf2,exodus_ae,False
com.miui.player,exodus_vae,True
com.linkedin.android,abig_sae,True
com.google.android.deskclock,apd_sae,False
com.tripadvisor.tripadvisor,apd_vae,False
com.sec.android.app.popupcalculator,abig_ae,True
com.fluidtouch.noteshelf2,exodus_sae,False
com.oneplus.brickmode,abig_vae,True
com.google.android.deskclock,apd_ae,False
com.fluidtouch.noteshelf2,exodus_vae,False
si.assist.marolt,abig_sae,True
com.asus.easylauncher,exodus_ae,False
com.oneplus.twspods,apd_sae,False
com.google.android.deskclock,abig_ae,True
com.oneplus.brickmode,apd_vae,False
com.google.android.gm,abig_vae,True
com.asus.easylauncher,exodus_sae,False
com.asus.easylauncher,exodus_vae,False
com.mi.android.globalpersonalassistant,abig_sae,True
com.google.android.calculator,exodus_ae,False
com.oneplus.twspods,apd_ae,False
com.unp.unpppid,apd_sae,False
com.oneplus.twspods,abig_ae,True
com.sec.android.app.popupcalculator,abig_vae,True
com.google.android.gm,apd_vae,False
com.google.android.calculator,exodus_sae,False
com.sonymobile.lifelog,abig_sae,True
com.unp.unpppid,apd_ae,False
com.google.android.calculator,exodus_vae,False
com.huawei.phoneservice,exodus_ae,True
com.tananaev.calculator,apd_sae,False
com.unp.unpppid,abig_ae,True
com.google.android.deskclock,abig_vae,True
com.sec.android.app.popupcalculator,apd_vae,False
com.huawei.phoneservice,exodus_sae,True
com.microsoft.office.word,abig_sae,True
com.tananaev.calculator,apd_ae,False
com.linkedin.android,apd_sae,False
com.tananaev.calculator,abig_ae,False
com.google.android.keep,exodus_ae,True
com.oneplus.twspods,abig_vae,True
com.huawei.phoneservice,exodus_vae,True
com.google.android.deskclock,apd_vae,False
com.linkedin.android,apd_ae,False
com.app.m1remit,abig_sae,True
com.google.android.keep,exodus_sae,True
com.linkedin.android,abig_ae,True
com.tripadvisor.tripadvisor,exodus_ae,False
si.assist.marolt,apd_sae,False
com.unp.unpppid,abig_vae,False
com.oneplus.twspods,apd_vae,False
com.google.android.keep,exodus_vae,True
com.yandex.browser.lite,abig_sae,True
com.tripadvisor.tripadvisor,exodus_sae,False
si.assist.marolt,apd_ae,False
si.assist.marolt,abig_ae,True
com.oneplus.brickmode,exodus_ae,False
com.mi.android.globalpersonalassistant,apd_sae,False
com.tananaev.calculator,abig_vae,False
com.unp.unpppid,apd_vae,False
com.tripadvisor.tripadvisor,exodus_vae,False
com.wring.android.truehb,abig_sae,True
com.oneplus.brickmode,exodus_sae,False
com.mi.android.globalpersonalassistant,apd_ae,True
com.mi.android.globalpersonalassistant,abig_ae,True
com.linkedin.android,abig_vae,True
com.sonymobile.lifelog,apd_sae,False
com.google.android.gm,exodus_ae,True
com.tananaev.calculator,apd_vae,False
com.oneplus.brickmode,exodus_vae,False
com.microsoft.office.powerpoint,abig_sae,True
com.google.android.gm,exodus_sae,True
com.sonymobile.lifelog,abig_ae,True
com.microsoft.office.word,apd_sae,False
com.sonymobile.lifelog,apd_ae,True
si.assist.marolt,abig_vae,True
com.sec.android.app.popupcalculator,exodus_ae,False
com.linkedin.android,apd_vae,False
com.google.android.gm,exodus_vae,True
com.microsoft.office.word,abig_ae,True
rudy.android.pacer,abig_sae,True
com.sec.android.app.popupcalculator,exodus_sae,False
com.microsoft.office.word,apd_ae,False
com.app.m1remit,apd_sae,False
com.google.android.deskclock,exodus_ae,False
com.mi.android.globalpersonalassistant,abig_vae,True
com.asus.userfeedback,abig_sae,True
com.sec.android.app.popupcalculator,exodus_vae,False
si.assist.marolt,apd_vae,False
com.google.android.deskclock,exodus_sae,False
com.app.m1remit,abig_ae,True
com.app.m1remit,apd_ae,False
com.yandex.browser.lite,apd_sae,False
com.oneplus.twspods,exodus_ae,True
com.sonymobile.lifelog,abig_vae,True
com.mi.android.globalpersonalassistant,apd_vae,True
com.google.android.deskclock,exodus_vae,False
com.oneplus.twspods,exodus_sae,False
com.google.android.projection.gearhead,abig_sae,True
com.yandex.browser.lite,apd_ae,False
com.yandex.browser.lite,abig_ae,True
com.wring.android.truehb,apd_sae,False
com.unp.unpppid,exodus_ae,False
com.microsoft.office.word,abig_vae,True
com.sonymobile.lifelog,apd_vae,False
com.unp.unpppid,exodus_sae,False
com.amazon.avod.thirdpartyclient,abig_sae,True
com.oneplus.twspods,exodus_vae,False
com.wring.android.truehb,abig_ae,True
com.wring.android.truehb,apd_ae,False
com.tananaev.calculator,exodus_ae,False
com.app.m1remit,abig_vae,True
com.microsoft.office.powerpoint,apd_sae,False
com.microsoft.office.word,apd_vae,False
com.tananaev.calculator,exodus_sae,False
com.microsoft.office.powerpoint,abig_ae,True
com.google.android.apps.wallpaper,abig_sae,True
com.microsoft.office.powerpoint,apd_ae,False
com.unp.unpppid,exodus_vae,False
rudy.android.pacer,apd_sae,False
com.linkedin.android,exodus_ae,True
com.yandex.browser.lite,abig_vae,True
com.app.m1remit,apd_vae,False
com.linkedin.android,exodus_sae,False
rudy.android.pacer,abig_ae,True
com.tananaev.calculator,exodus_vae,False
com.google.android.apps.photos,abig_sae,True
rudy.android.pacer,apd_ae,False
si.assist.marolt,exodus_ae,False
com.asus.userfeedback,apd_sae,False
com.yandex.browser.lite,apd_vae,False
com.wring.android.truehb,abig_vae,True
si.assist.marolt,exodus_sae,False
com.asus.userfeedback,abig_ae,True
com.sonyericsson.extras.liveware,abig_sae,True
com.linkedin.android,exodus_vae,False
com.asus.userfeedback,apd_ae,False
com.mi.android.globalpersonalassistant,exodus_ae,True
com.wring.android.truehb,apd_vae,False
com.mi.android.globalpersonalassistant,exodus_sae,True
com.google.android.projection.gearhead,abig_ae,True
com.microsoft.office.powerpoint,abig_vae,True
com.google.android.projection.gearhead,apd_sae,False
com.rsupport.rs.activity.rsupport.aas2,abig_sae,True
com.google.android.projection.gearhead,apd_ae,True
si.assist.marolt,exodus_vae,False
com.sonymobile.lifelog,exodus_ae,True
rudy.android.pacer,abig_vae,False
com.sonymobile.lifelog,exodus_sae,False
com.microsoft.office.powerpoint,apd_vae,False
com.amazon.avod.thirdpartyclient,abig_ae,True
com.amazon.avod.thirdpartyclient,apd_sae,False
com.sonymobile.getmore.client,abig_sae,True
com.amazon.avod.thirdpartyclient,apd_ae,False
com.microsoft.office.word,exodus_ae,True
com.mi.android.globalpersonalassistant,exodus_vae,True
com.asus.userfeedback,abig_vae,True
com.microsoft.office.word,exodus_sae,False
com.google.android.apps.wallpaper,apd_sae,False
rudy.android.pacer,apd_vae,False
com.google.android.apps.wallpaper,apd_ae,False
com.google.android.apps.wallpaper,abig_ae,True
com.google.android.calendar,abig_sae,True
com.app.m1remit,exodus_ae,False
com.google.android.projection.gearhead,abig_vae,True
com.sonymobile.lifelog,exodus_vae,False
com.app.m1remit,exodus_sae,False
com.asus.userfeedback,apd_vae,False
com.google.android.apps.photos,apd_ae,True
com.google.android.apps.photos,abig_ae,True
com.google.android.apps.photos,apd_sae,False
com.asus.gamewidget,abig_sae,True
com.amazon.avod.thirdpartyclient,abig_vae,True
com.yandex.browser.lite,exodus_ae,True
com.microsoft.office.word,exodus_vae,False
com.yandex.browser.lite,exodus_sae,False
com.google.android.projection.gearhead,apd_vae,True
com.sonyericsson.extras.liveware,apd_ae,True
com.sonyericsson.extras.liveware,apd_sae,False
com.sonyericsson.extras.liveware,abig_ae,True
com.skype.raider,abig_sae,True
com.google.android.apps.wallpaper,abig_vae,True
com.wring.android.truehb,exodus_ae,False
com.wring.android.truehb,exodus_sae,False
com.amazon.avod.thirdpartyclient,apd_vae,False
com.app.m1remit,exodus_vae,False
com.rsupport.rs.activity.rsupport.aas2,apd_ae,True
com.rsupport.rs.activity.rsupport.aas2,abig_ae,True
com.rsupport.rs.activity.rsupport.aas2,apd_sae,False
com.google.android.apps.photos,abig_vae,True
com.asus.deskclock,abig_sae,True
com.google.android.apps.wallpaper,apd_vae,False
com.yandex.browser.lite,exodus_vae,False
com.microsoft.office.powerpoint,exodus_ae,False
com.microsoft.office.powerpoint,exodus_sae,False
com.sonymobile.getmore.client,apd_ae,False
com.sonyericsson.extras.liveware,abig_vae,True
com.sonymobile.getmore.client,abig_ae,True
com.quicinc.voice.activation,abig_sae,True
com.sonymobile.getmore.client,apd_sae,False
com.google.android.apps.photos,apd_vae,True
com.wring.android.truehb,exodus_vae,False
com.google.android.calendar,apd_ae,False
rudy.android.pacer,exodus_sae,False
rudy.android.pacer,exodus_ae,False
com.google.android.calendar,abig_ae,True
com.rsupport.rs.activity.rsupport.aas2,abig_vae,True
com.biztory,abig_sae,True
com.google.android.calendar,apd_sae,False
com.sonyericsson.extras.liveware,apd_vae,False
com.asus.gamewidget,apd_ae,True
com.asus.userfeedback,exodus_sae,True
com.asus.userfeedback,exodus_ae,True
com.microsoft.office.powerpoint,exodus_vae,False
com.asus.gamewidget,abig_ae,True
com.asus.gamewidget,apd_sae,False
com.sonymobile.getmore.client,abig_vae,True
com.google.android.contacts,abig_sae,True
com.rsupport.rs.activity.rsupport.aas2,apd_vae,False
com.skype.raider,apd_ae,False
com.google.android.projection.gearhead,exodus_ae,True
com.google.android.projection.gearhead,exodus_sae,True
com.google.android.calendar,abig_vae,True
com.skype.raider,abig_ae,True
com.skype.raider,apd_sae,False
rudy.android.pacer,exodus_vae,False
com.sonymobile.getmore.client,apd_vae,False
com.opera.mini.android,abig_sae,True
com.amazon.avod.thirdpartyclient,exodus_ae,True
com.asus.deskclock,apd_ae,False
com.amazon.avod.thirdpartyclient,exodus_sae,True
com.asus.gamewidget,abig_vae,True
com.asus.deskclock,abig_ae,True
com.asus.userfeedback,exodus_vae,False
com.google.android.calendar,apd_vae,False
com.linkedin.android,abig_sae,True
com.asus.deskclock,apd_sae,False
com.quicinc.voice.activation,apd_ae,False
com.google.android.apps.wallpaper,exodus_ae,False
com.skype.raider,abig_vae,False
com.quicinc.voice.activation,abig_ae,True
com.asus.gamewidget,apd_vae,False
com.google.android.apps.wallpaper,exodus_sae,False
com.google.android.projection.gearhead,exodus_vae,True
com.biztory,apd_ae,False
com.quicinc.voice.activation,apd_sae,False
com.samsung.android.spdclient,abig_sae,True
com.google.android.apps.photos,exodus_ae,True
com.biztory,abig_ae,True
com.asus.deskclock,abig_vae,True
com.skype.raider,apd_vae,False
com.google.android.apps.photos,exodus_sae,True
com.amazon.avod.thirdpartyclient,exodus_vae,True
com.biztory,apd_sae,False
com.google.android.contacts,apd_ae,True
com.miui.weather2,abig_sae,True
com.google.android.contacts,abig_ae,True
com.quicinc.voice.activation,abig_vae,True
com.sonyericsson.extras.liveware,exodus_ae,True
com.google.android.apps.wallpaper,exodus_vae,False
com.asus.deskclock,apd_vae,False
com.sonyericsson.extras.liveware,exodus_sae,True
com.google.android.contacts,apd_sae,False
com.korvac.liquid,abig_sae,True
com.opera.mini.android,apd_ae,False
com.opera.mini.android,abig_ae,True
com.rsupport.rs.activity.rsupport.aas2,exodus_ae,True
com.biztory,abig_vae,True
com.google.android.apps.photos,exodus_vae,True
com.quicinc.voice.activation,apd_vae,False
com.rsupport.rs.activity.rsupport.aas2,exodus_sae,True
com.microsoft.office.word,abig_sae,True
com.linkedin.android,apd_ae,False
com.opera.mini.android,apd_sae,False
com.google.android.contacts,abig_vae,True
com.sonymobile.getmore.client,exodus_ae,False
com.linkedin.android,abig_ae,True
com.sonyericsson.extras.liveware,exodus_vae,True
com.biztory,apd_vae,False
com.sonymobile.getmore.client,exodus_sae,False
com.singtel.mysingtel,abig_sae,True
com.samsung.android.spdclient,apd_ae,False
com.linkedin.android,apd_sae,False
com.opera.mini.android,abig_vae,True
com.google.android.calendar,exodus_ae,True
com.samsung.android.spdclient,abig_ae,True
com.google.android.contacts,apd_vae,False
com.rsupport.rs.activity.rsupport.aas2,exodus_vae,True
it.telecomitalia.centodiciannove,abig_sae,True
com.miui.weather2,apd_ae,False
com.google.android.calendar,exodus_sae,True
com.linkedin.android,abig_vae,True
com.asus.gamewidget,exodus_ae,True
com.samsung.android.spdclient,apd_sae,False
com.miui.weather2,abig_ae,True
com.opera.mini.android,apd_vae,False
com.huawei.hwid,abig_sae,True
com.sonymobile.getmore.client,exodus_vae,False
com.korvac.liquid,apd_ae,True
com.samsung.android.spdclient,abig_vae,True
com.asus.gamewidget,exodus_sae,True
com.miui.weather2,apd_sae,False
com.linkedin.android,apd_vae,False
com.skype.raider,exodus_ae,False
com.korvac.liquid,abig_ae,True
com.microsoft.office.word,apd_ae,False
com.miui.weather2,abig_vae,True
com.jerosapps1.tpmsongstamil,abig_sae,False
com.google.android.calendar,exodus_vae,True
com.skype.raider,exodus_sae,False
com.samsung.android.spdclient,apd_vae,False
com.korvac.liquid,apd_sae,True
com.microsoft.office.word,abig_ae,True
com.asus.deskclock,exodus_ae,False
com.korvac.liquid,abig_vae,True
com.singtel.mysingtel,apd_ae,True
com.samsung.ecomm.global.in,abig_sae,True
com.asus.deskclock,exodus_sae,False
com.microsoft.office.word,apd_sae,False
com.asus.gamewidget,exodus_vae,True
com.miui.weather2,apd_vae,False
com.singtel.mysingtel,abig_ae,True
com.quicinc.voice.activation,exodus_ae,True
com.microsoft.office.word,abig_vae,True
com.google.android.inputmethod.korean,abig_sae,True
it.telecomitalia.centodiciannove,apd_ae,False
com.quicinc.voice.activation,exodus_sae,False
com.singtel.mysingtel,apd_sae,True
com.korvac.liquid,apd_vae,False
com.biztory,exodus_ae,False
it.telecomitalia.centodiciannove,abig_ae,True
com.skype.raider,exodus_vae,False
com.singtel.mysingtel,abig_vae,True
com.huawei.hwid,apd_ae,True
com.microsoft.office.word,apd_vae,False
com.huawei.himovie.overseas,abig_sae,True
com.biztory,exodus_sae,False
it.telecomitalia.centodiciannove,apd_sae,False
com.google.android.contacts,exodus_ae,True
com.huawei.hwid,abig_ae,True
com.asus.deskclock,exodus_vae,False
com.jerosapps1.tpmsongstamil,apd_ae,False
com.singtel.mysingtel,apd_vae,False
it.telecomitalia.centodiciannove,abig_vae,True
com.google.android.contacts,exodus_sae,True
rudy.android.pacer,abig_sae,True
com.jerosapps1.tpmsongstamil,abig_ae,True
com.quicinc.voice.activation,exodus_vae,False
com.opera.mini.android,exodus_ae,False
com.huawei.hwid,apd_sae,False
com.huawei.hwid,abig_vae,True
com.samsung.ecomm.global.in,apd_ae,False
it.telecomitalia.centodiciannove,apd_vae,False
com.google.android.marvin.talkback,abig_sae,True
com.opera.mini.android,exodus_sae,False
com.linkedin.android,exodus_ae,True
com.jerosapps1.tpmsongstamil,apd_sae,False
com.samsung.ecomm.global.in,abig_ae,True
com.biztory,exodus_vae,False
com.jerosapps1.tpmsongstamil,abig_vae,False
com.huawei.hwid,apd_vae,True
com.google.android.inputmethod.korean,apd_ae,False
com.quicinc.voice.activation,abig_sae,True
com.linkedin.android,exodus_sae,False
com.google.android.inputmethod.korean,abig_ae,True
com.samsung.android.spdclient,exodus_ae,False
com.samsung.ecomm.global.in,apd_sae,False
com.google.android.contacts,exodus_vae,True
com.munets.android.bellring365,abig_sae,True
com.samsung.ecomm.global.in,abig_vae,True
com.jerosapps1.tpmsongstamil,apd_vae,False
com.huawei.himovie.overseas,apd_ae,True
com.samsung.android.spdclient,exodus_sae,False
com.huawei.himovie.overseas,abig_ae,True
com.miui.weather2,exodus_ae,True
com.opera.mini.android,exodus_vae,False
com.google.android.inputmethod.korean,apd_sae,False
com.google.android.inputmethod.korean,abig_vae,True
com.samsung.ecomm.global.in,apd_vae,False
com.bloomberg.android.plus,abig_sae,True
rudy.android.pacer,abig_ae,True
rudy.android.pacer,apd_ae,False
com.huawei.himovie.overseas,apd_sae,False
com.korvac.liquid,exodus_ae,True
com.miui.weather2,exodus_sae,True
com.linkedin.android,exodus_vae,False
com.huawei.himovie.overseas,abig_vae,True
com.duokan.phone.remotecontroller,abig_sae,True
com.google.android.inputmethod.korean,apd_vae,False
com.google.android.marvin.talkback,abig_ae,True
com.google.android.marvin.talkback,apd_ae,False
rudy.android.pacer,apd_sae,False
com.microsoft.office.word,exodus_ae,True
com.korvac.liquid,exodus_sae,True
com.samsung.android.spdclient,exodus_vae,False
rudy.android.pacer,abig_vae,False
com.google.android.keep,abig_sae,True
com.huawei.himovie.overseas,apd_vae,False
com.quicinc.voice.activation,abig_ae,True
com.microsoft.office.word,exodus_sae,False
com.google.android.marvin.talkback,apd_sae,False
com.quicinc.voice.activation,apd_ae,False
com.miui.weather2,exodus_vae,True
com.singtel.mysingtel,exodus_ae,True
com.google.android.marvin.talkback,abig_vae,True
com.asus.deskclock,abig_sae,True
rudy.android.pacer,apd_vae,False
com.munets.android.bellring365,abig_ae,True
com.quicinc.voice.activation,apd_sae,False
com.singtel.mysingtel,exodus_sae,True
com.munets.android.bellring365,apd_ae,False
com.quicinc.voice.activation,abig_vae,True
com.korvac.liquid,exodus_vae,True
it.telecomitalia.centodiciannove,exodus_ae,True
com.dropbox.android,abig_sae,True
com.google.android.marvin.talkback,apd_vae,False
com.bloomberg.android.plus,abig_ae,True
com.munets.android.bellring365,apd_sae,False
com.bloomberg.android.plus,apd_ae,False
it.telecomitalia.centodiciannove,exodus_sae,True
com.munets.android.bellring365,abig_vae,True
com.quicinc.voice.activation,apd_vae,False
jp.ebookjapan.ebireader,abig_sae,True
com.microsoft.office.word,exodus_vae,False
com.huawei.hwid,exodus_ae,True
com.duokan.phone.remotecontroller,apd_ae,True
com.duokan.phone.remotecontroller,abig_ae,True
com.bloomberg.android.plus,apd_sae,False
com.huawei.hwid,exodus_sae,True
com.bloomberg.android.plus,abig_vae,False
com.munets.android.bellring365,apd_vae,False
com.sonymobile.androidapp.cameraaddon.infoeye,abig_sae,True
com.google.android.keep,apd_ae,False
com.singtel.mysingtel,exodus_vae,True
com.jerosapps1.tpmsongstamil,exodus_ae,False
com.google.android.keep,abig_ae,True
com.duokan.phone.remotecontroller,abig_vae,True
com.duokan.phone.remotecontroller,apd_sae,False
com.jerosapps1.tpmsongstamil,exodus_sae,False
com.miui.videoplayer,abig_sae,True
com.bloomberg.android.plus,apd_vae,False
com.samsung.ecomm.global.in,exodus_ae,False
it.telecomitalia.centodiciannove,exodus_vae,True
com.asus.deskclock,apd_ae,False
com.google.android.keep,abig_vae,True
com.asus.deskclock,abig_ae,True
com.google.android.keep,apd_sae,False
com.samsung.ecomm.global.in,exodus_sae,False
com.coloros.backuprestore,abig_sae,True
com.duokan.phone.remotecontroller,apd_vae,True
com.google.android.inputmethod.korean,exodus_ae,False
com.huawei.hwid,exodus_vae,True
com.asus.deskclock,abig_vae,True
com.dropbox.android,abig_ae,True
com.dropbox.android,apd_ae,False
com.asus.deskclock,apd_sae,False
com.oneplus.iconpack.onepluso2,abig_sae,False
com.google.android.inputmethod.korean,exodus_sae,False
com.google.android.keep,apd_vae,False
com.jerosapps1.tpmsongstamil,exodus_vae,False
com.dropbox.android,abig_vae,True
jp.ebookjapan.ebireader,apd_ae,False
com.huawei.himovie.overseas,exodus_ae,True
jp.ebookjapan.ebireader,abig_ae,True
com.dropbox.android,apd_sae,False
com.huawei.himovie.overseas,exodus_sae,True
com.samsung.android.email.provider,abig_sae,True
com.asus.deskclock,apd_vae,False
com.samsung.ecomm.global.in,exodus_vae,False
jp.ebookjapan.ebireader,abig_vae,True
com.sonymobile.androidapp.cameraaddon.infoeye,apd_ae,False
com.sonymobile.androidapp.cameraaddon.infoeye,abig_ae,True
rudy.android.pacer,exodus_ae,False
jp.ebookjapan.ebireader,apd_sae,False
rudy.android.pacer,exodus_sae,False
com.hmdglobal.camera2,abig_sae,True
com.google.android.inputmethod.korean,exodus_vae,False
com.dropbox.android,apd_vae,False
com.sonymobile.androidapp.cameraaddon.infoeye,abig_vae,True
com.miui.videoplayer,apd_ae,True
com.google.android.marvin.talkback,exodus_ae,False
com.sonymobile.androidapp.cameraaddon.infoeye,apd_sae,False
com.samsung.android.oneconnect,abig_sae,True
com.miui.videoplayer,abig_ae,True
com.google.android.marvin.talkback,exodus_sae,False
com.huawei.himovie.overseas,exodus_vae,True
jp.ebookjapan.ebireader,apd_vae,False
com.miui.videoplayer,abig_vae,True
com.coloros.backuprestore,apd_ae,False
com.miui.videoplayer,apd_sae,False
com.quicinc.voice.activation,exodus_sae,False
com.google.android.apps.wellbeing,abig_sae,True
com.coloros.backuprestore,abig_ae,True
com.quicinc.voice.activation,exodus_ae,True
rudy.android.pacer,exodus_vae,False
com.oneplus.iconpack.onepluso2,apd_ae,False
com.sonymobile.androidapp.cameraaddon.infoeye,apd_vae,False
com.coloros.backuprestore,abig_vae,True
com.coloros.backuprestore,apd_sae,False
com.munets.android.bellring365,exodus_ae,False
com.munets.android.bellring365,exodus_sae,False
com.jakarta.baca.lite,abig_sae,True
com.oneplus.iconpack.onepluso2,abig_ae,False
com.google.android.marvin.talkback,exodus_vae,False
com.miui.videoplayer,apd_vae,True
com.samsung.android.email.provider,apd_ae,True
com.oneplus.iconpack.onepluso2,abig_vae,False
com.bloomberg.android.plus,exodus_sae,False
com.oneplus.iconpack.onepluso2,apd_sae,False
com.touchtype.swiftkey,abig_sae,True
com.bloomberg.android.plus,exodus_ae,False
com.samsung.android.email.provider,abig_ae,True
com.quicinc.voice.activation,exodus_vae,False
com.hmdglobal.camera2,apd_ae,False
com.coloros.backuprestore,apd_vae,False
com.duokan.phone.remotecontroller,exodus_sae,True
com.asus.weathertime,abig_sae,True
com.samsung.android.email.provider,abig_vae,True
com.hmdglobal.camera2,abig_ae,True
com.duokan.phone.remotecontroller,exodus_ae,True
com.samsung.android.email.provider,apd_sae,False
com.munets.android.bellring365,exodus_vae,False
com.samsung.android.oneconnect,apd_ae,True
com.oneplus.iconpack.onepluso2,apd_vae,False
com.hmdglobal.camera2,abig_vae,True
com.hmdglobal.camera2,apd_sae,False
com.google.android.keep,exodus_sae,True
com.samsung.android.oneconnect,abig_ae,True
com.google.android.apps.docs.editors.docs,abig_sae,False
com.google.android.keep,exodus_ae,True
com.google.android.apps.wellbeing,apd_ae,False
com.bloomberg.android.plus,exodus_vae,False
com.asus.deskclock,exodus_sae,False
com.samsung.android.oneconnect,apd_sae,False
com.samsung.android.email.provider,apd_vae,True
com.samsung.android.oneconnect,abig_vae,True
com.asus.deskclock,exodus_ae,False
flipboard.app,abig_sae,True
com.google.android.apps.wellbeing,abig_ae,True
com.duokan.phone.remotecontroller,exodus_vae,True
com.jakarta.baca.lite,apd_ae,False
com.hmdglobal.camera2,apd_vae,False
com.dropbox.android,exodus_sae,False
com.google.android.apps.wellbeing,apd_sae,False
com.google.android.apps.wellbeing,abig_vae,True
com.rsupport.rs.activity.rsupport.aas2,abig_sae,True
com.jakarta.baca.lite,abig_ae,True
com.dropbox.android,exodus_ae,True
com.google.android.keep,exodus_vae,True
com.touchtype.swiftkey,apd_ae,False
jp.ebookjapan.ebireader,exodus_sae,False
com.jakarta.baca.lite,apd_sae,False
com.samsung.android.oneconnect,apd_vae,False
com.jakarta.baca.lite,abig_vae,True
com.eyeinc.eye,abig_sae,True
com.touchtype.swiftkey,abig_ae,True
com.asus.weathertime,apd_ae,False
com.asus.deskclock,exodus_vae,False
jp.ebookjapan.ebireader,exodus_ae,False
com.sonymobile.androidapp.cameraaddon.infoeye,exodus_sae,True
com.touchtype.swiftkey,abig_vae,True
com.touchtype.swiftkey,apd_sae,False
com.google.android.apps.wellbeing,apd_vae,False
com.generalmobile.assistant,abig_sae,True
com.asus.weathertime,abig_ae,True
com.google.android.apps.docs.editors.docs,apd_ae,False
com.dropbox.android,exodus_vae,False
com.sonymobile.androidapp.cameraaddon.infoeye,exodus_ae,True
com.asus.weathertime,abig_vae,True
com.asus.weathertime,apd_sae,False
com.miui.videoplayer,exodus_sae,True
com.sonymobile.getmore.client,abig_sae,True
com.jakarta.baca.lite,apd_vae,False
com.google.android.apps.docs.editors.docs,abig_ae,False
flipboard.app,apd_ae,False
jp.ebookjapan.ebireader,exodus_vae,False
com.google.android.apps.docs.editors.docs,abig_vae,False
com.google.android.apps.docs.editors.docs,apd_sae,False
com.miui.videoplayer,exodus_ae,True
com.touchtype.swiftkey,apd_vae,False
com.facebook.katana,abig_sae,False
com.rsupport.rs.activity.rsupport.aas2,apd_ae,True
com.coloros.backuprestore,exodus_sae,True
flipboard.app,abig_ae,True
com.asus.weathertime,apd_vae,False
flipboard.app,abig_vae,True
com.sonymobile.androidapp.cameraaddon.infoeye,exodus_vae,True
flipboard.app,apd_sae,False
com.sec.pcw,abig_sae,True
com.oneplus.iconpack.onepluso2,exodus_sae,False
com.coloros.backuprestore,exodus_ae,True
com.eyeinc.eye,apd_ae,False
com.rsupport.rs.activity.rsupport.aas2,abig_ae,True
com.rsupport.rs.activity.rsupport.aas2,apd_sae,False
com.miui.videoplayer,exodus_vae,True
com.rsupport.rs.activity.rsupport.aas2,abig_vae,True
com.google.android.apps.docs.editors.docs,apd_vae,False
com.google.android.apps.photos,abig_sae,True
com.oneplus.iconpack.onepluso2,exodus_ae,False
com.samsung.android.email.provider,exodus_sae,True
com.generalmobile.assistant,apd_ae,True
com.eyeinc.eye,abig_ae,True
flipboard.app,apd_vae,False
com.eyeinc.eye,abig_vae,False
com.dstvmobile.android,abig_sae,False
com.eyeinc.eye,apd_sae,False
com.coloros.backuprestore,exodus_vae,True
com.generalmobile.assistant,abig_ae,True
com.generalmobile.assistant,abig_vae,True
com.samsung.android.email.provider,exodus_ae,True
com.rsupport.rs.activity.rsupport.aas2,apd_vae,False
com.sonymobile.getmore.client,apd_ae,False
com.hmdglobal.camera2,exodus_sae,True
com.generalmobile.assistant,apd_sae,False
com.samsung.android.spay,abig_sae,True
com.oneplus.iconpack.onepluso2,exodus_vae,False
com.sonymobile.getmore.client,abig_ae,True
com.sonymobile.getmore.client,abig_vae,True
com.eyeinc.eye,apd_vae,False
com.hmdglobal.camera2,exodus_ae,True
com.samsung.android.oneconnect,exodus_sae,True
com.sonymobile.getmore.client,apd_sae,False
com.facebook.katana,apd_ae,False
com.google.android.apps.messaging,abig_sae,True
com.generalmobile.assistant,apd_vae,False
com.facebook.katana,abig_ae,True
com.facebook.katana,abig_vae,False
com.samsung.android.email.provider,exodus_vae,True
com.facebook.katana,apd_sae,False
com.samsung.android.oneconnect,exodus_ae,True
com.google.android.apps.wellbeing,exodus_sae,True
com.sec.pcw,apd_ae,True
com.telecomitalia.cubomusica,abig_sae,True
com.sonymobile.getmore.client,apd_vae,False
com.sec.pcw,abig_ae,True
com.sec.pcw,abig_vae,True
com.sec.pcw,apd_sae,False
com.google.android.apps.wellbeing,exodus_ae,True
com.jakarta.baca.lite,exodus_sae,False
com.google.android.apps.photos,apd_ae,True
com.asus.calculator,abig_sae,True
com.hmdglobal.camera2,exodus_vae,True
com.facebook.katana,apd_vae,False
com.google.android.apps.photos,abig_ae,True
com.google.android.apps.photos,abig_vae,True
com.google.android.apps.photos,apd_sae,False
com.jakarta.baca.lite,exodus_ae,False
com.touchtype.swiftkey,exodus_sae,False
com.dstvmobile.android,apd_ae,False
com.samsung.android.oneconnect,exodus_vae,True
com.bluebloodapps.trendy,abig_sae,False
com.sec.pcw,apd_vae,False
com.dstvmobile.android,abig_ae,False
com.dstvmobile.android,abig_vae,False
com.dstvmobile.android,apd_sae,False
com.asus.weathertime,exodus_sae,False
com.touchtype.swiftkey,exodus_ae,False
com.tripadvisor.tripadvisor,abig_sae,True
com.google.android.apps.wellbeing,exodus_vae,True
com.google.android.apps.photos,apd_vae,True
com.samsung.android.spay,apd_ae,False
com.samsung.android.spay,abig_ae,True
com.samsung.android.spay,abig_vae,True
com.samsung.android.spay,apd_sae,False
com.google.android.apps.docs.editors.docs,exodus_sae,False
com.asus.weathertime,exodus_ae,False
com.sec.android.app.popupcalculator,abig_sae,True
com.jakarta.baca.lite,exodus_vae,False
com.dstvmobile.android,apd_vae,False
com.google.android.apps.messaging,apd_ae,False
com.google.android.apps.messaging,apd_sae,False
flipboard.app,exodus_sae,False
com.google.android.apps.messaging,abig_vae,True
com.google.android.apps.docs.editors.docs,exodus_ae,False
com.google.android.apps.messaging,abig_ae,True
com.touchtype.swiftkey,exodus_vae,False
com.samsung.android.spay,apd_vae,False
com.bluebloodapps.news,abig_sae,False
com.telecomitalia.cubomusica,apd_ae,False
com.telecomitalia.cubomusica,apd_sae,False
com.telecomitalia.cubomusica,abig_vae,True
com.rsupport.rs.activity.rsupport.aas2,exodus_sae,True
flipboard.app,exodus_ae,False
com.telecomitalia.cubomusica,abig_ae,True
com.asus.weathertime,exodus_vae,False
com.google.android.apps.messaging,apd_vae,False
com.asus.userfeedback,abig_sae,True
com.asus.calculator,apd_ae,False
com.asus.calculator,apd_sae,False
com.asus.calculator,abig_vae,True
com.asus.calculator,abig_ae,True
com.eyeinc.eye,exodus_sae,False
com.rsupport.rs.activity.rsupport.aas2,exodus_ae,True
com.bluebloodapps.trendy,apd_ae,False
com.google.android.apps.docs.editors.docs,exodus_vae,False
com.telecomitalia.cubomusica,apd_vae,False
com.asus.easylauncher,abig_sae,True
com.bluebloodapps.trendy,apd_sae,False
flipboard.app,exodus_vae,False
com.bluebloodapps.trendy,abig_vae,False
com.tripadvisor.tripadvisor,apd_ae,False
com.bluebloodapps.trendy,abig_ae,False
com.generalmobile.assistant,exodus_sae,True
com.eyeinc.eye,exodus_ae,False
com.asus.calculator,apd_vae,False
com.pixlr.express,abig_sae,True
com.tripadvisor.tripadvisor,apd_sae,False
com.rsupport.rs.activity.rsupport.aas2,exodus_vae,True
com.tripadvisor.tripadvisor,abig_vae,True
com.generalmobile.assistant,exodus_ae,True
com.sonymobile.getmore.client,exodus_sae,False
com.sec.android.app.popupcalculator,apd_ae,False
com.tripadvisor.tripadvisor,abig_ae,True
com.bluebloodapps.trendy,apd_vae,False
com.google.android.inputmethod.latin,abig_sae,True
com.sec.android.app.popupcalculator,apd_sae,False
com.sec.android.app.popupcalculator,abig_vae,True
com.bluebloodapps.news,apd_ae,False
com.facebook.katana,exodus_sae,False
com.sec.android.app.popupcalculator,abig_ae,True
com.sonymobile.getmore.client,exodus_ae,False
com.eyeinc.eye,exodus_vae,False
com.tripadvisor.tripadvisor,apd_vae,False
com.amazon.avod.thirdpartyclient,abig_sae,True
com.bluebloodapps.news,apd_sae,False
com.facebook.katana,exodus_ae,False
com.bluebloodapps.news,abig_vae,False
com.asus.userfeedback,apd_ae,False
com.bluebloodapps.news,abig_ae,False
com.sec.android.app.popupcalculator,apd_vae,False
com.sec.pcw,exodus_sae,True
com.generalmobile.assistant,exodus_vae,True
com.microsoft.skydrive,abig_sae,True
com.asus.userfeedback,apd_sae,False
com.sec.pcw,exodus_ae,True
com.asus.userfeedback,abig_vae,True
com.asus.easylauncher,apd_ae,False
com.asus.userfeedback,abig_ae,True
com.microsoft.office.powerpoint,abig_sae,True
com.bluebloodapps.news,apd_vae,False
com.google.android.apps.photos,exodus_sae,True
com.sonymobile.getmore.client,exodus_vae,False
com.asus.easylauncher,apd_sae,False
com.google.android.apps.photos,exodus_ae,True
com.asus.easylauncher,abig_vae,True
com.asus.easylauncher,abig_ae,True
com.pixlr.express,apd_ae,False
com.dstvmobile.android,exodus_sae,False
com.asus.userfeedback,apd_vae,False
com.pixlr.express,apd_sae,False
com.facebook.katana,exodus_vae,False
com.scee.psxandroid,abig_sae,True
com.pixlr.express,abig_vae,True
com.dstvmobile.android,exodus_ae,False
com.google.android.inputmethod.latin,apd_ae,False
com.pixlr.express,abig_ae,True
com.asus.easylauncher,apd_vae,False
com.sec.pcw,exodus_vae,True
com.huawei.hwdetectrepair,abig_sae,True
com.samsung.android.spay,exodus_sae,True
com.google.android.inputmethod.latin,apd_sae,False
com.samsung.android.spay,exodus_ae,True
com.google.android.inputmethod.latin,abig_vae,True
com.google.android.inputmethod.latin,abig_ae,True
com.pixlr.express,apd_vae,False
com.google.android.apps.photos,exodus_vae,True
com.oneplus.iconpack.oneplush2,abig_sae,False
com.amazon.avod.thirdpartyclient,apd_ae,False
com.amazon.avod.thirdpartyclient,apd_sae,False
com.google.android.apps.messaging,exodus_ae,True
com.google.android.apps.messaging,exodus_sae,True
com.amazon.avod.thirdpartyclient,abig_vae,True
com.amazon.avod.thirdpartyclient,abig_ae,True
com.google.android.inputmethod.latin,apd_vae,False
com.dstvmobile.android,exodus_vae,False
com.xiaomi.midrop,abig_sae,True
com.microsoft.skydrive,apd_ae,True
com.microsoft.skydrive,apd_sae,False
com.telecomitalia.cubomusica,exodus_ae,True
com.microsoft.skydrive,abig_vae,True
com.telecomitalia.cubomusica,exodus_sae,True
com.microsoft.skydrive,abig_ae,True
com.microsoft.office.powerpoint,apd_ae,False
com.microsoft.office.powerpoint,apd_sae,False
com.amazon.avod.thirdpartyclient,apd_vae,False
com.microsoft.office.powerpoint,abig_vae,True
com.samsung.android.spay,exodus_vae,True
com.oneplus.mms,abig_sae,True
com.asus.calculator,exodus_ae,False
com.asus.calculator,exodus_sae,False
com.microsoft.office.powerpoint,abig_ae,True
com.scee.psxandroid,apd_ae,False
com.scee.psxandroid,apd_sae,False
com.microsoft.skydrive,apd_vae,False
com.tananaev.calculator,abig_sae,False
com.scee.psxandroid,abig_vae,True
com.google.android.apps.messaging,exodus_vae,True
com.bluebloodapps.trendy,exodus_ae,False
com.bluebloodapps.trendy,exodus_sae,False
com.scee.psxandroid,abig_ae,True
com.huawei.hwdetectrepair,apd_ae,True
com.tripadvisor.tripadvisor,exodus_ae,False
com.wring.android.truehb,abig_sae,True
com.microsoft.office.powerpoint,apd_vae,False
com.huawei.hwdetectrepair,abig_vae,True
com.huawei.hwdetectrepair,apd_sae,False
com.tripadvisor.tripadvisor,exodus_sae,False
com.telecomitalia.cubomusica,exodus_vae,True
com.oneplus.iconpack.oneplush2,apd_ae,False
com.huawei.hwdetectrepair,abig_ae,True
com.realme.link,abig_sae,True
com.oneplus.iconpack.oneplush2,apd_sae,False
com.sec.android.app.popupcalculator,exodus_ae,False
com.oneplus.iconpack.oneplush2,abig_vae,False
com.scee.psxandroid,apd_vae,False
com.asus.calculator,exodus_vae,False
com.sec.android.app.popupcalculator,exodus_sae,False
com.oneplus.iconpack.oneplush2,abig_ae,False
com.xiaomi.midrop,apd_ae,False
com.bluebloodapps.trendy,exodus_vae,False
com.huawei.hwdetectrepair,apd_vae,False
com.xiaomi.midrop,apd_sae,False
com.google.android.apps.docs,abig_sae,True
com.xiaomi.midrop,abig_vae,True
com.bluebloodapps.news,exodus_ae,False
com.bluebloodapps.news,exodus_sae,False
com.oneplus.mms,apd_ae,True
com.xiaomi.midrop,abig_ae,True
com.oneplus.iconpack.oneplush2,apd_vae,False
com.tripadvisor.tripadvisor,exodus_vae,False
com.samsung.android.voc,abig_sae,False
com.asus.userfeedback,exodus_ae,True
com.oneplus.mms,apd_sae,False
com.asus.userfeedback,exodus_sae,True
com.oneplus.mms,abig_vae,True
com.tananaev.calculator,apd_ae,False
com.xiaomi.midrop,apd_vae,False
com.oneplus.mms,abig_ae,True
com.sec.android.app.popupcalculator,exodus_vae,False
com.locationchanger,abig_sae,True
com.asus.easylauncher,exodus_ae,False
com.asus.easylauncher,exodus_sae,False
com.tananaev.calculator,apd_sae,False
com.tananaev.calculator,abig_vae,False
com.tananaev.calculator,abig_ae,False
com.wring.android.truehb,apd_ae,False
com.oneplus.mms,apd_vae,True
com.sec.android.app.voicenote,abig_sae,True
com.bluebloodapps.news,exodus_vae,False
com.pixlr.express,exodus_ae,False
com.pixlr.express,exodus_sae,False
com.wring.android.truehb,apd_sae,False
com.realme.link,apd_ae,True
com.wring.android.truehb,abig_ae,True
com.wring.android.truehb,abig_vae,True
com.tananaev.calculator,apd_vae,False
com.asus.mobilemanager,abig_sae,True
com.google.android.inputmethod.latin,exodus_ae,True
com.google.android.inputmethod.latin,exodus_sae,False
com.asus.userfeedback,exodus_vae,False
com.realme.link,apd_sae,False
com.wring.android.truehb,apd_vae,False
com.google.android.apps.docs,apd_ae,False
com.realme.link,abig_ae,True
com.realme.link,abig_vae,True
com.google.audio.hearing.visualization.accessibility.scribe,abig_sae,True
com.amazon.avod.thirdpartyclient,exodus_ae,True
com.samsung.android.voc,apd_ae,False
com.google.android.apps.docs,apd_sae,False
com.amazon.avod.thirdpartyclient,exodus_sae,True
com.realme.link,apd_vae,True
com.asus.easylauncher,exodus_vae,False
com.google.android.apps.docs,abig_ae,True
com.google.android.apps.docs,abig_vae,True
com.sonymobile.xperiaweather,abig_sae,True
com.samsung.android.voc,apd_sae,False
com.microsoft.skydrive,exodus_ae,True
com.locationchanger,apd_ae,False
com.microsoft.skydrive,exodus_sae,True
com.google.android.apps.docs,apd_vae,False
com.samsung.android.voc,abig_ae,True
com.pixlr.express,exodus_vae,False
,abig_sae,False
com.samsung.android.voc,abig_vae,False
com.locationchanger,apd_sae,False
com.microsoft.office.powerpoint,exodus_ae,False
com.google.android.inputmethod.latin,exodus_vae,False
com.locationchanger,abig_ae,True
com.microsoft.office.powerpoint,exodus_sae,False
com.sec.android.app.voicenote,apd_ae,False
com.samsung.android.voc,apd_vae,False
,abig_sae,False
com.sec.android.app.voicenote,apd_sae,False
com.scee.psxandroid,exodus_ae,False
com.locationchanger,abig_vae,True
com.scee.psxandroid,exodus_sae,False
com.amazon.avod.thirdpartyclient,exodus_vae,True
com.locationchanger,apd_vae,False
com.asus.mobilemanager,apd_ae,False
com.sec.android.app.voicenote,abig_ae,True
com.samsung.android.privateshare,abig_sae,True
com.sec.android.app.voicenote,abig_vae,True
com.asus.mobilemanager,apd_sae,False
com.huawei.hwdetectrepair,exodus_ae,True
com.huawei.hwdetectrepair,exodus_sae,True
com.sec.android.app.voicenote,apd_vae,False
com.google.audio.hearing.visualization.accessibility.scribe,apd_ae,True
com.microsoft.skydrive,exodus_vae,True
,abig_sae,False
com.asus.mobilemanager,abig_ae,True
com.asus.mobilemanager,abig_vae,True
com.oneplus.iconpack.oneplush2,exodus_sae,False
com.google.audio.hearing.visualization.accessibility.scribe,apd_sae,False
com.asus.mobilemanager,apd_vae,False
com.oneplus.iconpack.oneplush2,exodus_ae,False
com.google.audio.hearing.visualization.accessibility.scribe,abig_ae,True
com.microsoft.office.powerpoint,exodus_vae,False
com.sonymobile.xperiaweather,apd_ae,False
com.google.audio.hearing.visualization.accessibility.scribe,abig_vae,True
,abig_sae,False
com.xiaomi.midrop,exodus_sae,True
com.sonymobile.xperiaweather,apd_sae,False
com.google.audio.hearing.visualization.accessibility.scribe,apd_vae,False
com.xiaomi.midrop,exodus_ae,True
com.sonymobile.xperiaweather,abig_ae,True
com.scee.psxandroid,exodus_vae,False
,apd_ae,False
com.google.vr.vrcore,abig_sae,True
com.sonymobile.xperiaweather,abig_vae,True
com.oneplus.mms,exodus_sae,True
,apd_sae,False
com.oneplus.mms,exodus_ae,True
com.huawei.hwdetectrepair,exodus_vae,True
com.sonymobile.xperiaweather,apd_vae,False
,abig_ae,False
,apd_ae,False
,abig_sae,False
,abig_vae,False
com.tananaev.calculator,exodus_sae,False
com.tananaev.calculator,exodus_ae,False
,apd_sae,False
com.oneplus.iconpack.oneplush2,exodus_vae,False
,apd_vae,False
,abig_ae,False
com.sonymobile.getmore,abig_sae,True
,abig_vae,False
com.samsung.android.privateshare,apd_ae,False
com.wring.android.truehb,exodus_ae,False
com.samsung.android.privateshare,apd_sae,False
com.wring.android.truehb,exodus_sae,False
com.xiaomi.midrop,exodus_vae,True
com.samsung.android.privateshare,abig_ae,True
,apd_vae,False
com.sony.snei.np.android.account,abig_sae,True
,apd_ae,False
com.samsung.android.privateshare,abig_vae,True
,apd_sae,False
com.realme.link,exodus_sae,True
com.realme.link,exodus_ae,True
com.oneplus.mms,exodus_vae,True
com.samsung.android.privateshare,apd_vae,False
,abig_ae,False
com.yandex.browser.lite,abig_sae,True
,apd_ae,False
,abig_vae,False
,apd_sae,False
com.google.android.apps.docs,exodus_sae,True
com.google.android.apps.docs,exodus_ae,True
,apd_vae,False
com.tananaev.calculator,exodus_vae,False
,abig_ae,False
id.co.babe,abig_sae,True
,abig_vae,False
com.google.vr.vrcore,apd_ae,False
com.google.vr.vrcore,apd_sae,False
com.samsung.android.voc,exodus_ae,False
com.samsung.android.voc,exodus_sae,False
com.google.vr.vrcore,abig_ae,True
com.wring.android.truehb,exodus_vae,False
,apd_ae,False
,apd_vae,False
com.google.vr.vrcore,abig_vae,True
net.mbc.shahid,abig_sae,True
,apd_sae,False
com.locationchanger,exodus_ae,True
com.locationchanger,exodus_sae,False
,abig_ae,False
com.realme.link,exodus_vae,True
si.assist.marolt,abig_sae,True
com.sonymobile.getmore,apd_ae,False
,abig_vae,False
com.google.vr.vrcore,apd_vae,False
com.sonymobile.getmore,apd_sae,False
com.sec.android.app.voicenote,exodus_sae,True
com.sony.snei.np.android.account,apd_ae,False
com.sec.android.app.voicenote,exodus_ae,True
com.sonymobile.getmore,abig_vae,True
,abig_sae,False
com.sonymobile.getmore,abig_ae,True
com.google.android.apps.docs,exodus_vae,True
,apd_vae,False
com.sony.snei.np.android.account,apd_sae,False
com.yandex.browser.lite,apd_ae,False
com.asus.mobilemanager,exodus_sae,True
com.sony.snei.np.android.account,abig_vae,True
com.asus.mobilemanager,exodus_ae,True
com.samsung.android.voc,exodus_vae,False
com.facebook.orca,abig_sae,False
com.sonymobile.getmore,apd_vae,False
com.sony.snei.np.android.account,abig_ae,True
com.yandex.browser.lite,apd_sae,False
id.co.babe,apd_ae,False
com.google.audio.hearing.visualization.accessibility.scribe,exodus_sae,False
com.yandex.browser.lite,abig_vae,True
com.google.audio.hearing.visualization.accessibility.scribe,exodus_ae,True
,abig_sae,False
id.co.babe,apd_sae,False
com.yandex.browser.lite,abig_ae,True
com.sony.snei.np.android.account,apd_vae,False
id.co.babe,abig_vae,True
net.mbc.shahid,apd_ae,False
com.locationchanger,exodus_vae,False
com.sonymobile.xperiaweather,exodus_sae,False
,abig_sae,False
com.sonymobile.xperiaweather,exodus_ae,False
,exodus_sae,False
net.mbc.shahid,apd_sae,False
id.co.babe,abig_ae,True
com.yandex.browser.lite,apd_vae,False
net.mbc.shahid,abig_vae,True
si.assist.marolt,apd_ae,False
com.sec.android.app.voicenote,exodus_vae,True
,abig_sae,False
,exodus_ae,False
,exodus_sae,False
id.co.babe,apd_vae,False
net.mbc.shahid,abig_ae,True
si.assist.marolt,apd_sae,False
si.assist.marolt,abig_vae,True
,apd_ae,False
tvlapalma.nt.gdp,abig_sae,True
com.asus.mobilemanager,exodus_vae,True
com.samsung.android.privateshare,exodus_sae,True
si.assist.marolt,abig_ae,True
,exodus_ae,False
net.mbc.shahid,apd_vae,False
,apd_sae,False
,abig_vae,False
,abig_sae,False
com.google.audio.hearing.visualization.accessibility.scribe,exodus_vae,False
com.facebook.orca,apd_ae,False
,exodus_sae,False
,abig_ae,False
si.assist.marolt,apd_vae,False
com.facebook.orca,apd_sae,False
com.samsung.android.privateshare,exodus_ae,True
com.facebook.orca,abig_vae,False
com.sonymobile.lifelog,abig_sae,True
,exodus_sae,False
,apd_ae,False
com.sonymobile.xperiaweather,exodus_vae,False
com.facebook.orca,abig_ae,True
,apd_sae,False
,abig_vae,False
,exodus_ae,False
,apd_vae,False
,apd_ae,False
,abig_sae,False
,exodus_vae,False
com.google.vr.vrcore,exodus_sae,False
,abig_ae,False
,exodus_ae,False
,abig_vae,False
,apd_sae,False
mercado.com,abig_sae,False
,apd_ae,False
,exodus_sae,False
com.facebook.orca,apd_vae,False
,exodus_vae,False
com.google.vr.vrcore,exodus_ae,True
,abig_vae,False
,apd_sae,False
,abig_ae,False
tvlapalma.nt.gdp,apd_ae,False
com.sonymobile.getmore,exodus_sae,True
com.hmdglobal.support,abig_sae,False
com.samsung.android.privateshare,exodus_vae,False
,apd_vae,False
,exodus_ae,False
tvlapalma.nt.gdp,apd_sae,False
,abig_ae,False
com.sony.snei.np.android.account,exodus_sae,False
,apd_ae,False
tvlapalma.nt.gdp,abig_vae,True
,exodus_vae,False
,abig_sae,False
,apd_vae,False
,apd_sae,False
com.sonymobile.getmore,exodus_ae,True
com.yandex.browser.lite,exodus_sae,False
tvlapalma.nt.gdp,abig_ae,True
,abig_vae,False
,exodus_vae,False
com.sonymobile.lifelog,apd_ae,True
com.mobisystems.office,abig_sae,True
com.sonymobile.lifelog,apd_sae,False
com.sony.snei.np.android.account,exodus_ae,False
id.co.babe,exodus_sae,False
,apd_vae,False
com.sonymobile.lifelog,abig_vae,True
com.google.vr.vrcore,exodus_vae,False
,apd_ae,False
,abig_ae,False
com.microsoft.office.excel,abig_sae,True
com.yandex.browser.lite,exodus_ae,True
,apd_sae,False
tvlapalma.nt.gdp,apd_vae,False
net.mbc.shahid,exodus_sae,False
com.sonymobile.lifelog,abig_ae,True
mercado.com,apd_ae,False
,abig_vae,False
,exodus_vae,False
com.google.android.gm,abig_sae,True
mercado.com,apd_sae,False
,apd_vae,False
id.co.babe,exodus_ae,True
com.hmdglobal.support,apd_ae,False
mercado.com,abig_vae,False
,abig_ae,False
si.assist.marolt,exodus_sae,False
com.sonymobile.getmore,exodus_vae,True
com.hmdglobal.support,apd_sae,False
,abig_sae,False
net.mbc.shahid,exodus_ae,False
,apd_ae,False
mercado.com,abig_ae,True
com.sonymobile.lifelog,apd_vae,False
,exodus_sae,False
com.hmdglobal.support,abig_vae,False
com.sony.snei.np.android.account,exodus_vae,False
,apd_sae,False
,abig_sae,False
si.assist.marolt,exodus_ae,False
com.hmdglobal.support,abig_ae,True
com.mobisystems.office,apd_ae,False
,apd_vae,False
com.mobisystems.office,apd_sae,False
com.facebook.orca,exodus_sae,False
,abig_vae,False
com.yandex.browser.lite,exodus_vae,False
,abig_sae,False
,exodus_ae,False
,abig_ae,False
com.microsoft.office.excel,apd_ae,False
mercado.com,apd_vae,False
com.microsoft.office.excel,apd_sae,False
,exodus_sae,False
com.mobisystems.office,abig_vae,True
,abig_sae,False
id.co.babe,exodus_vae,False
com.facebook.orca,exodus_ae,False
com.mobisystems.office,abig_ae,True
com.google.android.gm,apd_ae,False
com.google.android.gm,apd_sae,False
,exodus_sae,False
com.hmdglobal.support,apd_vae,False
net.mbc.shahid,exodus_vae,False
de.axelspringer.yana.zeropage,abig_sae,True
,exodus_ae,False
com.microsoft.office.excel,abig_vae,True
,apd_ae,False
,apd_sae,False
com.microsoft.office.excel,abig_ae,True
,exodus_sae,False
,apd_vae,False
,apd_sae,False
si.assist.marolt,exodus_vae,False
com.dsi.ant.service.socket,abig_sae,True
,exodus_ae,False
tvlapalma.nt.gdp,exodus_sae,False
com.mobisystems.office,apd_vae,False
com.google.android.gm,abig_vae,True
,apd_ae,False
com.google.android.gm,abig_ae,True
,exodus_sae,False
,apd_sae,False
,exodus_vae,False
,exodus_ae,False
,abig_ae,False
,apd_ae,False
com.microsoft.office.excel,apd_vae,False
,abig_sae,False
,abig_vae,False
,abig_ae,False
tvlapalma.nt.gdp,exodus_ae,False
,apd_sae,False
com.sonymobile.lifelog,exodus_sae,False
com.facebook.orca,exodus_vae,False
,abig_sae,False
,apd_ae,False
,abig_vae,False
com.google.android.gm,apd_vae,False
,abig_ae,False
,exodus_ae,False
,exodus_sae,False
de.axelspringer.yana.zeropage,apd_sae,False
de.axelspringer.yana.zeropage,apd_ae,False
,apd_vae,False
,exodus_vae,False
,abig_sae,False
,abig_vae,False
com.sonymobile.lifelog,exodus_ae,True
mercado.com,exodus_sae,False
com.dsi.ant.service.socket,apd_sae,False
,abig_ae,False
com.dsi.ant.service.socket,apd_ae,False
,apd_vae,False
,exodus_vae,False
,abig_sae,False
,exodus_ae,False
,abig_vae,False
com.hmdglobal.support,exodus_sae,False
,apd_sae,False
de.axelspringer.yana.zeropage,abig_ae,True
,apd_ae,False
,apd_vae,False
,exodus_vae,False
de.axelspringer.yana.zeropage,abig_vae,True
mercado.com,exodus_ae,False
,abig_sae,False
,exodus_sae,False
,apd_sae,False
com.dsi.ant.service.socket,abig_ae,True
,apd_vae,False
tvlapalma.nt.gdp,exodus_vae,False
,apd_ae,False
com.hmdglobal.support,exodus_ae,False
com.dsi.ant.service.socket,abig_vae,False
,abig_ae,False
,abig_sae,False
com.mobisystems.office,exodus_sae,True
,apd_sae,False
,exodus_vae,False
de.axelspringer.yana.zeropage,apd_vae,False
,apd_ae,False
,exodus_ae,False
,abig_sae,False
,abig_vae,False
,abig_ae,False
com.sonymobile.lifelog,exodus_vae,False
com.microsoft.office.excel,exodus_sae,False
com.dsi.ant.service.socket,apd_vae,False
,apd_sae,False
com.mobisystems.office,exodus_ae,True
,apd_ae,False
,abig_sae,False
,abig_vae,False
,exodus_vae,False
,abig_ae,False
com.google.android.gm,exodus_sae,True
,apd_vae,False
com.microsoft.office.excel,exodus_ae,False
,apd_sae,False
,apd_ae,False
kr.co.wschurch.m,abig_sae,False
,abig_vae,False
,abig_ae,False
,exodus_sae,False
,apd_vae,False
mercado.com,exodus_vae,False
,apd_ae,False
,apd_sae,False
com.google.android.gm,exodus_ae,True
,abig_ae,False
,abig_vae,False
com.evernote,abig_sae,True
,exodus_sae,False
,apd_vae,False
com.hmdglobal.support,exodus_vae,False
,apd_ae,False
,exodus_ae,False
,apd_sae,False
,abig_ae,False
,exodus_sae,False
,abig_vae,False
,apd_vae,False
io.zotto.linkpay,abig_sae,True
,exodus_vae,False
,apd_ae,False
,exodus_ae,False
,apd_sae,False
,abig_ae,False
,apd_vae,False
,exodus_sae,False
com.mobisystems.office,exodus_vae,True
,abig_vae,False
,exodus_ae,False
,abig_sae,False
kr.co.wschurch.m,apd_ae,False
kr.co.wschurch.m,apd_sae,False
,abig_ae,False
,apd_vae,False
,exodus_ae,False
de.axelspringer.yana.zeropage,exodus_sae,True
,abig_vae,False
com.microsoft.office.excel,exodus_vae,False
com.sonymobile.androidapp.cameraaddon.areffect,abig_sae,True
com.evernote,apd_ae,False
com.evernote,apd_sae,False
kr.co.wschurch.m,abig_ae,True
,apd_vae,False
,abig_vae,False
com.dsi.ant.service.socket,exodus_sae,False
de.axelspringer.yana.zeropage,exodus_ae,True
com.google.android.gm,exodus_vae,True
io.zotto.linkpay,apd_ae,False
io.zotto.linkpay,apd_sae,False
,abig_sae,False
com.evernote,abig_ae,True
kr.co.wschurch.m,abig_vae,False
,apd_vae,False
,exodus_sae,False
,apd_ae,False
,exodus_vae,False
,apd_sae,False
,abig_sae,False
com.dsi.ant.service.socket,exodus_ae,False
io.zotto.linkpay,abig_ae,True
,exodus_sae,False
kr.co.wschurch.m,apd_vae,False
com.evernote,abig_vae,True
com.sonymobile.androidapp.cameraaddon.areffect,apd_ae,False
com.sonymobile.androidapp.cameraaddon.areffect,apd_sae,False
,exodus_vae,False
,abig_sae,False
,exodus_ae,False
com.evernote,apd_vae,False
,abig_ae,False
io.zotto.linkpay,abig_vae,True
,exodus_sae,False
,apd_sae,False
,exodus_vae,False
,abig_sae,False
,apd_ae,False
,exodus_ae,False
com.sonymobile.androidapp.cameraaddon.areffect,abig_ae,True
,abig_vae,False
io.zotto.linkpay,apd_vae,False
,exodus_sae,False
,apd_sae,False
,exodus_vae,False
,abig_sae,False
,apd_ae,False
,exodus_ae,False
com.sonymobile.androidapp.cameraaddon.areffect,abig_vae,True
,abig_ae,False
,exodus_sae,False
,apd_vae,False
de.axelspringer.yana.zeropage,exodus_vae,True
,apd_sae,False
com.samsung.android.app.watchmanager,abig_sae,True
,exodus_ae,False
,apd_ae,False
,abig_vae,False
,abig_ae,False
,exodus_sae,False
com.sonymobile.androidapp.cameraaddon.areffect,apd_vae,False
,apd_sae,False
,abig_sae,False
com.dsi.ant.service.socket,exodus_vae,False
,apd_ae,False
,exodus_ae,False
,abig_vae,False
,exodus_sae,False
,abig_ae,False
,apd_sae,False
,apd_vae,False
,exodus_vae,False
,apd_ae,False
com.asus.gamewidget,abig_sae,True
,exodus_ae,False
,abig_vae,False
,exodus_sae,False
,abig_ae,False
com.samsung.android.app.watchmanager,apd_sae,False
,apd_vae,False
,exodus_vae,False
com.samsung.android.app.watchmanager,apd_ae,True
,abig_vae,False
,abig_sae,False
,exodus_ae,False
kr.co.wschurch.m,exodus_sae,False
,apd_sae,False
,abig_ae,False
,apd_vae,False
,exodus_vae,False
,apd_ae,False
net.oneplus.weather,abig_sae,True
,abig_vae,False
com.evernote,exodus_sae,True
,exodus_ae,False
com.asus.gamewidget,apd_sae,False
com.samsung.android.app.watchmanager,abig_ae,True
,exodus_vae,False
com.samsung.android.app.watchmanager,abig_vae,True
com.asus.gamewidget,apd_ae,True
,abig_sae,False
io.zotto.linkpay,exodus_sae,False
,apd_vae,False
kr.co.wschurch.m,exodus_ae,False
,abig_ae,False
,apd_sae,False
,exodus_vae,False
,abig_vae,False
,abig_sae,False
,exodus_sae,False
,apd_ae,False
com.evernote,exodus_ae,True
,apd_vae,False
net.oneplus.weather,apd_sae,False
com.asus.gamewidget,abig_ae,True
,exodus_vae,False
com.asus.gamewidget,abig_vae,True
io.zotto.linkpay,exodus_ae,True
net.oneplus.weather,apd_ae,False
,abig_sae,False
com.samsung.android.app.watchmanager,apd_vae,False
com.sonymobile.androidapp.cameraaddon.areffect,exodus_sae,False
,apd_sae,False
,abig_ae,False
,exodus_vae,False
,apd_ae,False
,abig_sae,False
,abig_vae,False
,exodus_ae,False
,apd_vae,False
,exodus_sae,False
net.oneplus.weather,abig_ae,True
,apd_sae,False
,exodus_vae,False
,apd_ae,False
net.oneplus.weather,abig_vae,True
com.fluidtouch.noteshelf2,abig_sae,False
com.asus.gamewidget,apd_vae,False
com.sonymobile.androidapp.cameraaddon.areffect,exodus_ae,False
,exodus_sae,False
,abig_ae,False
,apd_sae,False
kr.co.wschurch.m,exodus_vae,False
,apd_ae,False
,abig_vae,False
com.oneplus.filemanager,abig_sae,True
,apd_vae,False
,exodus_sae,False
,exodus_ae,False
,abig_ae,False
,apd_sae,False
,apd_ae,False
,abig_vae,False
com.evernote,exodus_vae,True
,abig_sae,False
,exodus_ae,False
net.oneplus.weather,apd_vae,False
,exodus_sae,False
,abig_ae,False
com.fluidtouch.noteshelf2,apd_sae,False
com.fluidtouch.noteshelf2,apd_ae,False
,abig_vae,False
,exodus_sae,False
,apd_vae,False
io.zotto.linkpay,exodus_vae,False
com.supersport.android.phone,abig_sae,False
,exodus_ae,False
,abig_ae,False
com.oneplus.filemanager,apd_ae,False
com.oneplus.filemanager,apd_sae,False
,abig_vae,False
com.samsung.android.app.watchmanager,exodus_sae,True
,apd_vae,False
,exodus_ae,False
com.google.android.videos,abig_sae,True
,exodus_vae,False
,apd_sae,False
com.fluidtouch.noteshelf2,abig_ae,False
,apd_ae,False
,exodus_sae,False
com.fluidtouch.noteshelf2,abig_vae,False
,apd_vae,False
com.google.android.apps.books,abig_sae,True
,exodus_ae,False
com.supersport.android.phone,apd_sae,False
com.oneplus.filemanager,abig_ae,True
com.sonymobile.androidapp.cameraaddon.areffect,exodus_vae,False
com.supersport.android.phone,apd_ae,False
com.asus.gamewidget,exodus_sae,True
com.oneplus.filemanager,abig_vae,True
,apd_vae,False
com.biztory,abig_sae,True
com.samsung.android.app.watchmanager,exodus_ae,True
com.google.android.videos,apd_sae,False
,abig_ae,False
,exodus_vae,False
com.google.android.videos,apd_ae,False
,abig_vae,False
,exodus_sae,False
,exodus_ae,False
com.google.android.dialer,abig_sae,True
com.fluidtouch.noteshelf2,apd_vae,False
com.google.android.apps.books,apd_sae,False
com.supersport.android.phone,abig_ae,False
,exodus_vae,False
com.google.android.apps.books,apd_ae,False
com.supersport.android.phone,abig_vae,False
net.oneplus.weather,exodus_sae,False
com.asus.gamewidget,exodus_ae,True
com.biztory,apd_sae,False
com.google.android.videos,abig_ae,True
,abig_sae,False
com.oneplus.filemanager,apd_vae,False
,exodus_vae,False
com.biztory,apd_ae,False
com.google.android.videos,abig_vae,True
,exodus_sae,False
,exodus_ae,False
com.google.android.dialer,apd_sae,True
com.google.android.apps.books,abig_ae,True
com.yvisherve.faba_app,abig_sae,False
,exodus_vae,False
,apd_vae,False
com.google.android.dialer,apd_ae,True
com.google.android.apps.books,abig_vae,True
,apd_sae,False
net.oneplus.weather,exodus_ae,False
,exodus_sae,False
,abig_sae,False
com.biztory,abig_ae,True
com.supersport.android.phone,apd_vae,False
,exodus_vae,False
com.biztory,abig_vae,True
,apd_ae,False
com.yvisherve.faba_app,apd_sae,False
,exodus_ae,False
com.oneplus.canvasresources,abig_sae,False
,exodus_sae,False
com.google.android.dialer,abig_ae,True
com.google.android.videos,apd_vae,False
com.google.android.dialer,abig_vae,True
com.samsung.android.app.watchmanager,exodus_vae,True
com.yvisherve.faba_app,apd_ae,False
,exodus_ae,False
,abig_sae,False
,apd_sae,False
,abig_ae,False
,exodus_sae,False
com.google.android.apps.books,apd_vae,False
,apd_ae,False
,abig_vae,False
,exodus_vae,False
com.oneplus.canvasresources,apd_sae,False
,exodus_ae,False
com.fluidtouch.noteshelf2,exodus_sae,False
com.google.android.projection.gearhead,abig_sae,True
com.yvisherve.faba_app,abig_ae,True
com.biztory,apd_vae,False
com.oneplus.canvasresources,apd_ae,False
com.yvisherve.faba_app,abig_vae,False
com.asus.gamewidget,exodus_vae,True
net.sugar.mypasswords,abig_sae,True
,apd_sae,False
,exodus_ae,False
,abig_ae,False
com.oneplus.filemanager,exodus_sae,False
,apd_ae,False
com.google.android.dialer,apd_vae,True
,abig_vae,False
,exodus_vae,False
,abig_sae,False
com.google.android.projection.gearhead,apd_sae,False
com.fluidtouch.noteshelf2,exodus_ae,False
com.oneplus.canvasresources,abig_ae,False
,exodus_sae,False
com.google.android.projection.gearhead,apd_ae,True
net.oneplus.weather,exodus_vae,False
com.oneplus.canvasresources,abig_vae,False
,apd_vae,False
,abig_sae,False
com.oneplus.filemanager,exodus_ae,True
net.sugar.mypasswords,apd_sae,False
com.supersport.android.phone,exodus_sae,False
,abig_vae,False
net.sugar.mypasswords,apd_ae,False
,exodus_vae,False
com.yvisherve.faba_app,apd_vae,False
,abig_ae,False
,exodus_ae,False
,apd_sae,False
ru.yandex.searchplugin,abig_sae,True
com.google.android.videos,exodus_sae,True
,exodus_vae,False
,apd_ae,False
,apd_vae,False
com.google.android.projection.gearhead,abig_ae,True
com.google.android.projection.gearhead,abig_vae,True
com.supersport.android.phone,exodus_ae,False
,apd_sae,False
com.huawei.phoneservice,abig_sae,True
com.google.android.apps.books,exodus_sae,False
,exodus_vae,False
,apd_ae,False
com.oneplus.canvasresources,apd_vae,False
ru.yandex.searchplugin,apd_sae,False
net.sugar.mypasswords,abig_ae,True
net.sugar.mypasswords,abig_vae,True
com.google.android.videos,exodus_ae,True
,abig_sae,False
ru.yandex.searchplugin,apd_ae,False
,exodus_vae,False
com.biztory,exodus_sae,False
,apd_vae,False
com.huawei.phoneservice,apd_sae,False
,abig_ae,False
com.amazon.kindle,abig_sae,True
com.google.android.apps.books,exodus_ae,True
com.huawei.phoneservice,apd_ae,False
,abig_vae,False
com.fluidtouch.noteshelf2,exodus_vae,False
com.google.android.dialer,exodus_sae,True
,abig_ae,False
,apd_sae,False
com.google.android.projection.gearhead,apd_vae,False
com.sonyericsson.extras.liveware,abig_sae,True
,apd_ae,False
com.biztory,exodus_ae,False
,abig_vae,False
com.oneplus.filemanager,exodus_vae,False
,exodus_sae,False
com.amazon.kindle,apd_sae,False
ru.yandex.searchplugin,abig_ae,True
net.sugar.mypasswords,apd_vae,False
ru.yandex.searchplugin,abig_vae,True
com.amazon.kindle,apd_ae,True
com.hicloud.android.clone,abig_sae,True
com.sonyericsson.extras.liveware,apd_sae,False
,exodus_vae,False
com.google.android.dialer,exodus_ae,True
com.yvisherve.faba_app,exodus_sae,False
com.huawei.phoneservice,abig_ae,True
,apd_vae,False
,abig_sae,False
com.huawei.phoneservice,abig_vae,True
com.sonyericsson.extras.liveware,apd_ae,True
com.hicloud.android.clone,apd_sae,False
com.supersport.android.phone,exodus_vae,False
,exodus_ae,False
,exodus_sae,False
,abig_ae,False
,apd_vae,False
,abig_sae,False
,abig_vae,False
com.hicloud.android.clone,apd_ae,True
com.google.android.videos,exodus_vae,False
,apd_sae,False
com.yvisherve.faba_app,exodus_ae,False
com.oneplus.canvasresources,exodus_sae,False
com.amazon.kindle,abig_ae,True
ru.yandex.searchplugin,apd_vae,False
com.google.android.apps.books,exodus_vae,False
com.amazon.kindle,abig_vae,True
,apd_sae,False
,apd_ae,False
com.google.android.googlequicksearchbox,abig_sae,True
,exodus_sae,False
com.sonyericsson.extras.liveware,abig_ae,True
,exodus_ae,False
com.huawei.phoneservice,apd_vae,False
com.biztory,exodus_vae,False
com.tdg.trueid.ph,abig_sae,True
com.google.android.googlequicksearchbox,apd_sae,True
com.sonyericsson.extras.liveware,abig_vae,True
,apd_ae,False
com.google.android.projection.gearhead,exodus_sae,True
com.hicloud.android.clone,abig_ae,True
com.oneplus.canvasresources,exodus_ae,False
,abig_sae,False
,apd_vae,False
com.google.android.dialer,exodus_vae,True
com.hicloud.android.clone,abig_vae,True
com.tdg.trueid.ph,apd_sae,False
com.google.android.googlequicksearchbox,apd_ae,True
net.sugar.mypasswords,exodus_sae,False
,abig_ae,False
,exodus_ae,False
net.oneplus.launcher,abig_sae,True
com.amazon.kindle,apd_vae,False
,abig_vae,False
,exodus_vae,False
,apd_sae,False
com.tdg.trueid.ph,apd_ae,False
,exodus_sae,False
com.google.android.projection.gearhead,exodus_ae,True
,abig_ae,False
,abig_sae,False
com.yvisherve.faba_app,exodus_vae,False
com.sonyericsson.extras.liveware,apd_vae,True
net.oneplus.launcher,apd_sae,False
,abig_vae,False
,apd_ae,False
net.sugar.mypasswords,exodus_ae,False
,exodus_sae,False
com.google.android.googlequicksearchbox,abig_ae,True
,exodus_vae,False
com.android.chrome,abig_sae,True
com.hicloud.android.clone,apd_vae,True
com.google.android.googlequicksearchbox,abig_vae,True
,apd_sae,False
net.oneplus.launcher,apd_ae,False
com.tdg.trueid.ph,abig_ae,True
,exodus_ae,False
ru.yandex.searchplugin,exodus_sae,True
,apd_vae,False
com.twitter.android,abig_sae,True
com.oneplus.canvasresources,exodus_vae,False
,apd_ae,False
com.android.chrome,apd_sae,False
com.tdg.trueid.ph,abig_vae,True
com.huawei.phoneservice,exodus_sae,True
,abig_ae,False
,exodus_ae,False
,apd_vae,False
com.miui.player,abig_sae,True
,exodus_vae,False
com.android.chrome,apd_ae,True
,abig_vae,False
com.twitter.android,apd_sae,False
com.google.android.googlequicksearchbox,apd_vae,True
,exodus_sae,False
net.oneplus.launcher,abig_ae,True
ru.yandex.searchplugin,exodus_ae,True
com.twitter.android,apd_ae,True
,abig_sae,False
com.google.android.projection.gearhead,exodus_vae,True
com.miui.player,apd_sae,False
net.oneplus.launcher,abig_vae,True
com.tdg.trueid.ph,apd_vae,False
com.amazon.kindle,exodus_sae,True
,abig_ae,False
com.huawei.phoneservice,exodus_ae,True
com.miui.player,apd_ae,True
net.sugar.mypasswords,exodus_vae,False
com.oneplus.gamespace,abig_sae,True
,apd_sae,False
,abig_vae,False
,apd_vae,False
com.sonyericsson.extras.liveware,exodus_sae,True
,exodus_ae,False
com.android.chrome,abig_ae,True
,exodus_vae,False
,abig_sae,False
,apd_ae,False
com.oneplus.gamespace,apd_sae,False
com.android.chrome,abig_vae,True
net.oneplus.launcher,apd_vae,False
com.ojisan.project.breadweighing,abig_sae,True
,exodus_vae,False
com.twitter.android,abig_ae,True
com.amazon.kindle,exodus_ae,True
com.hicloud.android.clone,exodus_sae,True
com.oneplus.gamespace,apd_ae,False
com.twitter.android,abig_vae,True
,apd_vae,False
,apd_sae,False
ru.yandex.searchplugin,exodus_vae,True
,abig_sae,False
com.miui.player,abig_ae,True
com.android.chrome,apd_vae,False
,exodus_sae,False
,apd_ae,False
com.sonyericsson.extras.liveware,exodus_ae,True
com.ojisan.project.breadweighing,apd_sae,False
com.miui.player,abig_vae,True
com.twitter.android,apd_vae,True
com.huawei.phoneservice,exodus_vae,True
,abig_sae,False
,abig_ae,False
,exodus_sae,False
,abig_vae,False
,apd_sae,False
com.ojisan.project.breadweighing,apd_ae,False
com.oneplus.gamespace,abig_ae,True
com.hicloud.android.clone,exodus_ae,True
,exodus_vae,False
com.miui.player,apd_vae,False
,abig_sae,False
,apd_sae,False
com.oneplus.gamespace,abig_vae,True
,apd_ae,False
com.google.android.googlequicksearchbox,exodus_sae,True
,exodus_ae,False
,apd_vae,False
,abig_ae,False
com.huawei.android.thememanager,abig_sae,True
com.amazon.kindle,exodus_vae,True
,apd_sae,False
,abig_vae,False
,apd_ae,False
com.tdg.trueid.ph,exodus_sae,False
,exodus_ae,False
com.oneplus.gamespace,apd_vae,False
com.huawei.android.thememanager,apd_sae,False
,abig_sae,False
com.ojisan.project.breadweighing,abig_ae,True
com.sonyericsson.extras.liveware,exodus_vae,True
com.ojisan.project.breadweighing,abig_vae,True
,exodus_sae,False
,apd_ae,False
,apd_vae,False
com.google.android.googlequicksearchbox,exodus_ae,True
com.mi.android.globalminusscreen,abig_sae,True
,abig_vae,False
com.huawei.android.thememanager,apd_ae,True
,abig_ae,False
,apd_sae,False
net.oneplus.launcher,exodus_sae,True
com.ojisan.project.breadweighing,apd_vae,False
com.google.android.contacts,abig_sae,True
com.tdg.trueid.ph,exodus_ae,False
com.hicloud.android.clone,exodus_vae,True
,abig_vae,False
,abig_ae,False
,exodus_sae,False
,apd_ae,False
com.mi.android.globalminusscreen,apd_sae,False
,exodus_ae,False
,apd_vae,False
,exodus_vae,False
,abig_sae,False
com.mi.android.globalminusscreen,apd_ae,True
,abig_vae,False
,abig_ae,False
com.android.chrome,exodus_sae,True
net.oneplus.launcher,exodus_ae,True
,exodus_vae,False
com.google.android.apps.wallpaper,abig_sae,True
,apd_vae,False
com.google.android.contacts,apd_sae,False
com.huawei.android.thememanager,abig_ae,True
com.google.android.contacts,apd_ae,True
com.huawei.android.thememanager,abig_vae,True
com.twitter.android,exodus_sae,True
,exodus_ae,False
,apd_vae,False
com.sony.nfx.app.sfrc,abig_sae,True
com.google.android.googlequicksearchbox,exodus_vae,True
,apd_sae,False
,abig_ae,False
,apd_ae,False
com.miui.player,exodus_sae,True
,abig_vae,False
,abig_sae,False
com.android.chrome,exodus_ae,True
com.google.android.apps.wallpaper,apd_sae,False
com.tdg.trueid.ph,exodus_vae,False
com.huawei.android.thememanager,apd_vae,False
com.mi.android.globalminusscreen,abig_ae,True
com.google.android.apps.wallpaper,apd_ae,False
com.mi.android.globalminusscreen,abig_vae,True
,exodus_sae,False
,abig_sae,False
com.sony.nfx.app.sfrc,apd_sae,False
com.twitter.android,exodus_ae,True
,apd_vae,False
,exodus_vae,False
com.google.android.contacts,abig_ae,True
com.oneplus.gamespace,exodus_sae,False
com.sony.nfx.app.sfrc,apd_ae,False
com.google.android.contacts,abig_vae,True
,apd_sae,False
,abig_sae,False
com.mi.android.globalminusscreen,apd_vae,True
com.miui.player,exodus_ae,True
net.oneplus.launcher,exodus_vae,True
,exodus_sae,False
,abig_ae,False
,abig_vae,False
,apd_ae,False
,apd_sae,False
com.google.android.contacts,apd_vae,False
com.google.android.calculator,abig_sae,True
,exodus_ae,False
com.google.android.apps.wallpaper,abig_ae,True
,exodus_vae,False
com.ojisan.project.breadweighing,exodus_sae,False
,apd_ae,False
com.google.android.apps.wallpaper,abig_vae,True
,apd_vae,False
,apd_sae,False
com.whatsapp,abig_sae,True
com.oneplus.gamespace,exodus_ae,False
,exodus_sae,False
com.sony.nfx.app.sfrc,abig_ae,True
,apd_ae,False
com.sony.nfx.app.sfrc,abig_vae,True
com.android.chrome,exodus_vae,True
com.google.android.calculator,apd_sae,False
,abig_sae,False
com.google.android.apps.wallpaper,apd_vae,False
com.google.android.calculator,apd_ae,False
,abig_vae,False
,exodus_ae,False
,exodus_sae,False
,abig_ae,False
com.sony.nfx.app.sfrc,apd_vae,False
com.whatsapp,apd_sae,False
com.twitter.android,exodus_vae,True
com.google.android.tts,abig_sae,True
com.ojisan.project.breadweighing,exodus_ae,False
com.whatsapp,apd_ae,True
,abig_vae,False
,apd_vae,False
,exodus_sae,False
,apd_sae,False
com.miui.player,exodus_vae,True
,abig_ae,False
,exodus_ae,False
,apd_ae,False
com.sonyericsson.xhs,abig_sae,True
,apd_vae,False
,abig_vae,False
com.google.android.tts,apd_sae,False
com.huawei.android.thememanager,exodus_sae,True
,exodus_vae,False
,abig_ae,False
hr.infinum.mojvip,abig_sae,True
com.google.android.tts,apd_ae,False
,apd_vae,False
com.google.android.calculator,abig_vae,False
,exodus_ae,False
,exodus_sae,False
com.sonyericsson.xhs,apd_sae,False
com.oneplus.gamespace,exodus_vae,False
com.sonyericsson.xhs,apd_ae,True
com.google.android.calculator,abig_ae,True
com.sec.android.app.shealth,abig_sae,True
com.google.android.calculator,apd_vae,False
com.whatsapp,abig_vae,True
,exodus_ae,False
hr.infinum.mojvip,apd_sae,False
,exodus_vae,False
com.mi.android.globalminusscreen,exodus_sae,True
hr.infinum.mojvip,apd_ae,False
,abig_sae,False
com.whatsapp,abig_ae,True
com.whatsapp,apd_vae,True
,abig_vae,False
com.huawei.android.thememanager,exodus_ae,True
com.ojisan.project.breadweighing,exodus_vae,False
com.sec.android.app.shealth,apd_sae,False
com.google.android.contacts,exodus_sae,True
,abig_ae,False
com.sec.android.app.shealth,apd_ae,False
,abig_sae,False
,apd_vae,False
,exodus_vae,False
,exodus_ae,False
,apd_ae,False
com.google.android.tts,abig_vae,True
,apd_sae,False
com.google.android.tts,abig_ae,True
deezer.android.app,abig_sae,True
,exodus_sae,False
com.google.android.tts,apd_vae,False
,exodus_vae,False
,apd_ae,False
com.mi.android.globalminusscreen,exodus_ae,True
,apd_sae,False
com.sonyericsson.xhs,abig_vae,True
com.miui.android.fashiongallery,abig_sae,True
com.sonyericsson.xhs,apd_vae,False
com.sonyericsson.xhs,abig_ae,True
com.google.android.apps.wallpaper,exodus_sae,False
deezer.android.app,apd_ae,False
,exodus_vae,False
com.google.android.contacts,exodus_ae,True
hr.infinum.mojvip,abig_vae,True
deezer.android.app,apd_sae,False
,abig_sae,False
hr.infinum.mojvip,abig_ae,True
hr.infinum.mojvip,apd_vae,False
com.sony.nfx.app.sfrc,exodus_sae,False
,exodus_ae,False
com.sec.android.app.shealth,abig_vae,True
com.blocksi.parent,abig_sae,True
com.huawei.android.thememanager,exodus_vae,True
com.miui.android.fashiongallery,apd_ae,False
com.miui.android.fashiongallery,apd_sae,False
com.sec.android.app.shealth,abig_ae,True
com.sec.android.app.shealth,apd_vae,False
,exodus_sae,False
com.google.android.apps.wallpaper,exodus_ae,False
,exodus_vae,False
,abig_sae,False
,abig_vae,False
,apd_sae,False
,apd_ae,False
,abig_ae,False
,apd_vae,False
,exodus_sae,False
com.sony.nfx.app.sfrc,exodus_ae,True
com.google.android.music,abig_sae,True
,abig_vae,False
com.mi.android.globalminusscreen,exodus_vae,True
,abig_ae,False
com.blocksi.parent,apd_sae,False
com.blocksi.parent,apd_ae,False
,abig_sae,False
,apd_vae,False
,exodus_sae,False
deezer.android.app,abig_vae,True
,exodus_ae,False
com.google.android.contacts,exodus_vae,True
deezer.android.app,abig_ae,True
,apd_ae,False
,apd_sae,False
,abig_sae,False
com.google.android.calculator,exodus_sae,False
deezer.android.app,apd_vae,False
com.miui.android.fashiongallery,abig_vae,True
,exodus_ae,False
,exodus_vae,False
com.miui.android.fashiongallery,abig_ae,True
com.google.android.music,apd_ae,False
com.google.android.music,apd_sae,False
com.oneplus.iconpack.square,abig_sae,False
com.miui.android.fashiongallery,apd_vae,False
com.whatsapp,exodus_sae,True
com.google.android.apps.wallpaper,exodus_vae,False
,abig_vae,False
,abig_ae,False
,exodus_ae,False
,apd_ae,False
,apd_sae,False
com.ubanksu,abig_sae,True
,apd_vae,False
com.google.android.calculator,exodus_ae,False
com.sony.nfx.app.sfrc,exodus_vae,False
,exodus_sae,False
,apd_ae,False
com.blocksi.parent,abig_vae,True
com.blocksi.parent,abig_ae,True
,apd_sae,False
com.blocksi.parent,apd_vae,False
,abig_sae,False
com.whatsapp,exodus_ae,True
,exodus_vae,False
com.google.android.tts,exodus_sae,False
com.oneplus.iconpack.square,apd_sae,False
com.oneplus.iconpack.square,apd_ae,False
,abig_vae,False
,abig_ae,False
,apd_vae,False
com.asus.contacts,abig_sae,True
,exodus_ae,False
,exodus_vae,False
com.google.android.music,abig_vae,True
com.ubanksu,apd_ae,False
com.google.android.music,abig_ae,True
com.sonyericsson.xhs,exodus_sae,True
com.ubanksu,apd_sae,False
com.google.android.music,apd_vae,False
com.google.android.apps.youtube.music,abig_sae,True
com.google.android.tts,exodus_ae,False
,exodus_vae,False
,abig_vae,False
,apd_sae,False
,abig_ae,False
,apd_ae,False
hr.infinum.mojvip,exodus_sae,False
,apd_vae,False
com.sonyericsson.xhs,exodus_ae,True
,abig_sae,False
,abig_vae,False
com.asus.contacts,apd_sae,False
com.google.android.calculator,exodus_vae,False
com.asus.contacts,apd_ae,True
,abig_ae,False
com.sec.android.app.shealth,exodus_sae,True
,apd_vae,False
com.oneplus.iconpack.square,abig_ae,False
hr.infinum.mojvip,exodus_ae,True
com.google.android.apps.youtube.music,apd_ae,True
com.google.android.apps.youtube.music,apd_sae,False
com.oneplus.iconpack.square,abig_vae,False
,exodus_sae,False
com.whatsapp,exodus_vae,True
com.oneplus.iconpack.square,apd_vae,False
com.ubanksu,abig_ae,True
com.sec.android.app.shealth,exodus_ae,True
,exodus_sae,False
,apd_ae,False
,apd_sae,False
com.ubanksu,apd_vae,False
com.ubanksu,abig_vae,True
,exodus_vae,False
,abig_ae,False
deezer.android.app,exodus_sae,False
,exodus_ae,False
,apd_vae,False
com.google.android.tts,exodus_vae,False
,abig_vae,False
com.asus.contacts,abig_ae,True
com.sonyericsson.xhs,exodus_vae,True
com.asus.contacts,apd_vae,True
com.miui.android.fashiongallery,exodus_sae,False
com.asus.contacts,abig_vae,True
,exodus_ae,False
com.google.android.apps.youtube.music,abig_ae,True
hr.infinum.mojvip,exodus_vae,False
,exodus_sae,False
com.google.android.apps.youtube.music,apd_vae,False
com.google.android.apps.youtube.music,abig_vae,True
deezer.android.app,exodus_ae,True
,abig_ae,False
com.blocksi.parent,exodus_sae,False
,apd_vae,False
com.sec.android.app.shealth,exodus_vae,True
,abig_vae,False
com.miui.android.fashiongallery,exodus_ae,False
,exodus_sae,False
,exodus_vae,False
,exodus_ae,False
com.google.android.music,exodus_sae,True
,exodus_vae,False
com.blocksi.parent,exodus_ae,False
,exodus_sae,False
deezer.android.app,exodus_vae,False
,exodus_ae,False
,exodus_sae,False
com.miui.android.fashiongallery,exodus_vae,False
com.google.android.music,exodus_ae,True
com.oneplus.iconpack.square,exodus_sae,False
,exodus_vae,False
,exodus_ae,False
com.ubanksu,exodus_sae,True
,exodus_ae,False
com.blocksi.parent,exodus_vae,False
,exodus_sae,False
,exodus_vae,False
com.oneplus.iconpack.square,exodus_ae,False
com.asus.contacts,exodus_sae,True
com.ubanksu,exodus_ae,True
com.google.android.music,exodus_vae,True
,exodus_ae,False
com.google.android.apps.youtube.music,exodus_sae,True
,exodus_vae,False
,exodus_sae,False
,exodus_vae,False
com.asus.contacts,exodus_ae,True
com.google.android.apps.youtube.music,exodus_ae,True
com.oneplus.iconpack.square,exodus_vae,False
,exodus_ae,False
com.ubanksu,exodus_vae,True
,exodus_vae,False
com.asus.contacts,exodus_vae,True
com.google.android.apps.youtube.music,exodus_vae,False
,exodus_vae,False
